[0.007s][info][gc,init] Initializing The Z Garbage Collector
[0.007s][info][gc,init] Version: 25.0.4.1+1-LTS (release)
[0.007s][info][gc,init] NUMA Support: Disabled
[0.007s][info][gc,init] CPUs: 16 total, 16 available
[0.007s][info][gc,init] Memory: 31849M
[0.007s][info][gc,init] Large Page Support: Disabled
[0.007s][info][gc,init] Address Space Size: limited (137434241172K)
[0.007s][info][gc,init] Reserved Space Type: Contiguous/Unrestricted/Complete
[0.007s][info][gc,init] Reserved Space Size: 64G
[0.007s][info][gc,init] Min Capacity: 8M
[0.007s][info][gc,init] Initial Capacity: 498M
[0.007s][info][gc,init] Max Capacity: 4096M
[0.007s][info][gc,init] Soft Max Capacity: 4096M
[0.007s][info][gc,init] Page Size Medium: Range [4M, 32M]
[0.007s][info][gc,init] Pre-touch: Disabled
[0.007s][info][gc,init] Uncommit: Enabled
[0.007s][info][gc,init] Uncommit Delay: 300s
[0.007s][info][gc,init] GC Workers for Old Generation: 4 (dynamic)
[0.008s][info][gc,init] GC Workers for Young Generation: 4 (dynamic)
[0.013s][info][gc,init] GC Workers Max: 4 (dynamic)
[0.013s][info][gc,init] Runtime Workers: 10
[0.013s][info][gc     ] Using The Z Garbage Collector
[0.023s][info][gc,metaspace] CDS archive(s) mapped at: [0x0000000036000000-0x0000000036db0000-0x0000000036db0000), size 14352384, SharedBaseAddress: 0x0000000036000000, ArchiveRelocationMode: 1.
[0.023s][info][gc,metaspace] Compressed class space mapped at: 0x0000000037000000-0x0000000077000000, reserved size: 1073741824
[0.023s][info][gc,metaspace] UseCompressedClassPointers 1, UseCompactObjectHeaders 0
[0.023s][info][gc,metaspace] Narrow klass pointer bits 32, Max shift 3
[0.023s][info][gc,metaspace] Narrow klass base: 0x0000000036000000, Narrow klass shift: 0
[0.023s][info][gc,metaspace] Encoding Range: [0x0000000036000000 - 0x0000000136000000), (4294967296 bytes)
[0.023s][info][gc,metaspace] Klass Range:    [0x0000000036010000 - 0x0000000077000000), (1090453504 bytes)
[0.023s][info][gc,metaspace] Klass ID Range:  [65536 - 1090519033) (1090453497)
[0.023s][info][gc,metaspace] Protection zone: [0x0000000036000000 - 0x0000000036010000), (65536 bytes)
[1.319s][info][gc          ] GC(0) Major Collection (Warmup)
[1.319s][info][gc,task     ] GC(0) Using 4 Workers for Young Generation
[1.319s][info][gc,task     ] GC(0) Using 2 Workers for Old Generation
[1.319s][info][gc,phases   ] GC(0) Y: Young Generation
[1.319s][info][gc,phases   ] GC(0) Y: Pause Mark Start (Major) 0.011ms
[1.320s][info][safepoint   ] Safepoint "ZMarkStartYoungAndOld", Time since last: 1294370800 ns, Reaching safepoint: 16800 ns, At safepoint: 43300 ns, Leaving safepoint: 4300 ns, Total: 64400 ns, Threads: 1 runnable, 19 total
[1.338s][info][gc,phases   ] GC(0) Y: Concurrent Mark 18.383ms
[1.338s][info][gc,phases   ] GC(0) Y: Pause Mark End 0.008ms
[1.338s][info][safepoint   ] Safepoint "ZMarkEndYoung", Time since last: 18436300 ns, Reaching safepoint: 12200 ns, At safepoint: 20700 ns, Leaving safepoint: 2000 ns, Total: 34900 ns, Threads: 1 runnable, 19 total
[1.338s][info][gc,phases   ] GC(0) Y: Concurrent Mark Free 0.003ms
[1.338s][info][gc,phases   ] GC(0) Y: Concurrent Reset Relocation Set 0.003ms
[1.338s][info][gc,reloc    ] GC(0) Y: Using tenuring threshold: 1 (Computed)
[1.340s][info][gc,phases   ] GC(0) Y: Concurrent Select Relocation Set 1.821ms
[1.340s][info][gc,phases   ] GC(0) Y: Pause Relocate Start 0.005ms
[1.340s][info][safepoint   ] Safepoint "ZRelocateStartYoung", Time since last: 1900700 ns, Reaching safepoint: 12000 ns, At safepoint: 24700 ns, Leaving safepoint: 3800 ns, Total: 40500 ns, Threads: 1 runnable, 19 total
[1.352s][info][gc,phases   ] GC(0) Y: Concurrent Relocate 11.886ms
[1.352s][info][gc,alloc    ] GC(0) Y:                         Mark Start        Mark End      Relocate Start    Relocate End   
[1.352s][info][gc,alloc    ] GC(0) Y: Allocation Stalls:          0                0                0                0         
[1.352s][info][gc,load     ] GC(0) Y: Load: 0.00 (0%) / 0.00 (0%) / 0.00 (0%)
[1.352s][info][gc,mmu      ] GC(0) Y: MMU: 2ms/99.4%, 5ms/99.8%, 10ms/99.9%, 20ms/99.9%, 50ms/100.0%, 100ms/100.0%
[1.352s][info][gc,marking  ] GC(0) Y: Mark: 4 stripe(s), 2 proactive flush(es), 1 terminate flush(es), 0 completion(s), 0 continuation(s) 
[1.352s][info][gc,nmethod  ] GC(0) Y: NMethods: 4139 registered, 0 unregistered
[1.352s][info][gc,metaspace] GC(0) Y: Metaspace: 17M used, 17M committed, 1088M reserved
[1.352s][info][gc,reloc    ] GC(0) Y:                        Candidates     Selected     In-Place         Size        Empty    Relocated 
[1.352s][info][gc,reloc    ] GC(0) Y: Small Pages:                  168          127            0         336M          30M          24M 
[1.352s][info][gc,reloc    ] GC(0) Y: Medium Pages:                   1            0            0          32M           0M           0M 
[1.352s][info][gc,reloc    ] GC(0) Y: Large Pages:                    7            0            0          42M          42M           0M 
[1.352s][info][gc,reloc    ] GC(0) Y: Forwarding Usage: 13M
[1.352s][info][gc,reloc    ] GC(0) Y: Age Table:
[1.352s][info][gc,reloc    ] GC(0) Y:                    Live             Garbage             Small              Medium             Large        
[1.352s][info][gc,reloc    ] GC(0) Y: Eden              49M (1%)          360M (9%)         168 / 127            1 / 0              7 / 0        
[1.352s][info][gc,heap     ] GC(0) Y: Min Capacity: 8M(0%)
[1.352s][info][gc,heap     ] GC(0) Y: Max Capacity: 4096M(100%)
[1.352s][info][gc,heap     ] GC(0) Y: Soft Max Capacity: 4096M(100%)
[1.352s][info][gc,heap     ] GC(0) Y: Heap Statistics:
[1.352s][info][gc,heap     ] GC(0) Y:                Mark Start          Mark End        Relocate Start      Relocate End           High               Low         
[1.352s][info][gc,heap     ] GC(0) Y:  Capacity:      498M (12%)         498M (12%)         498M (12%)         498M (12%)         498M (12%)         498M (12%)    
[1.352s][info][gc,heap     ] GC(0) Y:      Free:     3686M (90%)        3674M (90%)        3744M (91%)        3976M (97%)        3976M (97%)        3674M (90%)    
[1.352s][info][gc,heap     ] GC(0) Y:      Used:      410M (10%)         422M (10%)         352M (9%)          120M (3%)          422M (10%)         120M (3%)     
[1.352s][info][gc,heap     ] GC(0) Y: Young Generation Statistics:
[1.352s][info][gc,heap     ] GC(0) Y:                Mark Start          Mark End        Relocate Start      Relocate End    
[1.352s][info][gc,heap     ] GC(0) Y:      Used:      410M (10%)         422M (10%)         352M (9%)          120M (3%)     
[1.352s][info][gc,heap     ] GC(0) Y:      Live:         -                49M (1%)           49M (1%)           49M (1%)     
[1.352s][info][gc,heap     ] GC(0) Y:   Garbage:         -               360M (9%)          288M (7%)           29M (1%)     
[1.352s][info][gc,heap     ] GC(0) Y: Allocated:         -                12M (0%)           14M (0%)           41M (1%)     
[1.352s][info][gc,heap     ] GC(0) Y: Reclaimed:         -                  -                72M (2%)          331M (8%)     
[1.352s][info][gc,heap     ] GC(0) Y:  Promoted:         -                  -                 0M (0%)            0M (0%)     
[1.352s][info][gc,heap     ] GC(0) Y: Compacted:         -                  -                  -                34M (1%)     
[1.352s][info][gc,phases   ] GC(0) Y: Young Generation 410M(10%)->120M(3%) 0.032s
[1.352s][info][gc,phases   ] GC(0) O: Old Generation
[1.353s][info][gc,phases   ] GC(0) O: Concurrent Mark 0.189ms
[1.353s][info][gc,phases   ] GC(0) O: Pause Mark End 0.006ms
[1.353s][info][safepoint   ] Safepoint "ZMarkEndOld", Time since last: 12655100 ns, Reaching safepoint: 1500 ns, At safepoint: 25100 ns, Leaving safepoint: 3600 ns, Total: 30200 ns, Threads: 1 runnable, 19 total
[1.353s][info][gc,phases   ] GC(0) O: Concurrent Mark Free 0.001ms
[1.356s][info][gc,phases   ] GC(0) O: Concurrent Process Non-Strong 3.592ms
[1.356s][info][gc,phases   ] GC(0) O: Concurrent Reset Relocation Set 0.000ms
[1.357s][info][safepoint   ] Safepoint "CleanClassLoaderDataMetaspaces", Time since last: 3655300 ns, Reaching safepoint: 12900 ns, At safepoint: 246500 ns, Leaving safepoint: 9600 ns, Total: 269000 ns, Threads: 1 runnable, 19 total
[1.357s][info][gc,phases   ] GC(0) O: Concurrent Select Relocation Set 0.280ms
[1.357s][info][gc,task     ] GC(0) O: Using 4 Workers for Old Generation
[1.358s][info][gc,task     ] GC(0) O: Using 2 Workers for Old Generation
[1.358s][info][gc,phases   ] GC(0) O: Concurrent Remap Roots 0.971ms
[1.358s][info][gc,phases   ] GC(0) O: Pause Relocate Start 0.011ms
[1.358s][info][safepoint   ] Safepoint "ZRelocateStartOld", Time since last: 1080800 ns, Reaching safepoint: 1600 ns, At safepoint: 34300 ns, Leaving safepoint: 6700 ns, Total: 42600 ns, Threads: 0 runnable, 19 total
[1.358s][info][gc,phases   ] GC(0) O: Concurrent Relocate 0.030ms
[1.358s][info][gc,alloc    ] GC(0) O:                         Mark Start        Mark End      Relocate Start    Relocate End   
[1.358s][info][gc,alloc    ] GC(0) O: Allocation Stalls:          0                0                0                0         
[1.358s][info][gc,load     ] GC(0) O: Load: 0.00 (0%) / 0.00 (0%) / 0.00 (0%)
[1.358s][info][gc,mmu      ] GC(0) O: MMU: 2ms/99.4%, 5ms/99.8%, 10ms/99.8%, 20ms/99.9%, 50ms/99.9%, 100ms/100.0%
[1.358s][info][gc,marking  ] GC(0) O: Mark: 2 stripe(s), 1 proactive flush(es), 1 terminate flush(es), 0 completion(s), 0 continuation(s) 
[1.358s][info][gc,nmethod  ] GC(0) O: NMethods: 3443 registered, 700 unregistered
[1.358s][info][gc,metaspace] GC(0) O: Metaspace: 17M used, 17M committed, 1088M reserved
[1.358s][info][gc,ref      ] GC(0) O:                       Encountered   Discovered     Enqueued 
[1.358s][info][gc,ref      ] GC(0) O: Soft References:             2784            0            0 
[1.358s][info][gc,ref      ] GC(0) O: Weak References:             1506            0            0 
[1.358s][info][gc,ref      ] GC(0) O: Final References:              35            0            0 
[1.358s][info][gc,ref      ] GC(0) O: Phantom References:           842            0            0 
[1.358s][info][gc,heap     ] GC(0) O: Min Capacity: 8M(0%)
[1.358s][info][gc,heap     ] GC(0) O: Max Capacity: 4096M(100%)
[1.358s][info][gc,heap     ] GC(0) O: Soft Max Capacity: 4096M(100%)
[1.358s][info][gc,heap     ] GC(0) O: Heap Statistics:
[1.358s][info][gc,heap     ] GC(0) O:                Mark Start          Mark End        Relocate Start      Relocate End           High               Low         
[1.358s][info][gc,heap     ] GC(0) O:  Capacity:      498M (12%)         498M (12%)         498M (12%)         498M (12%)         498M (12%)         498M (12%)    
[1.358s][info][gc,heap     ] GC(0) O:      Free:     3686M (90%)        3976M (97%)        3972M (97%)        3972M (97%)        3976M (97%)        3674M (90%)    
[1.358s][info][gc,heap     ] GC(0) O:      Used:      410M (10%)         120M (3%)          124M (3%)          124M (3%)          422M (10%)         120M (3%)     
[1.358s][info][gc,heap     ] GC(0) O: Old Generation Statistics:
[1.358s][info][gc,heap     ] GC(0) O:                Mark Start          Mark End        Relocate Start      Relocate End    
[1.358s][info][gc,heap     ] GC(0) O:      Used:        0M (0%)            0M (0%)            0M (0%)            0M (0%)     
[1.358s][info][gc,heap     ] GC(0) O:      Live:         -                 0M (0%)            0M (0%)            0M (0%)     
[1.358s][info][gc,heap     ] GC(0) O:   Garbage:         -                 0M (0%)            0M (0%)            0M (0%)     
[1.358s][info][gc,heap     ] GC(0) O: Allocated:         -                 0M (0%)            0M (0%)            0M (0%)     
[1.358s][info][gc,heap     ] GC(0) O: Reclaimed:         -                  -                 0M (0%)            0M (0%)     
[1.358s][info][gc,heap     ] GC(0) O: Compacted:         -                  -                  -                 0M (0%)     
[1.358s][info][gc,phases   ] GC(0) O: Old Generation 120M(3%)->124M(3%) 0.005s
[1.358s][info][gc          ] GC(0) Major Collection (Warmup) 410M(10%)->124M(3%) 0.039s
[2.036s][info][gc          ] GC(1) Major Collection (Metadata GC Threshold)
[2.036s][info][gc,task     ] GC(1) Using 1 Workers for Young Generation
[2.036s][info][gc,task     ] GC(1) Using 1 Workers for Old Generation
[2.036s][info][gc,phases   ] GC(1) Y: Young Generation
[2.036s][info][gc,phases   ] GC(1) Y: Pause Mark Start (Major) 0.007ms
[2.036s][info][safepoint   ] Safepoint "ZMarkStartYoungAndOld", Time since last: 678374800 ns, Reaching safepoint: 12500 ns, At safepoint: 30900 ns, Leaving safepoint: 3500 ns, Total: 46900 ns, Threads: 1 runnable, 21 total
[2.148s][info][gc,phases   ] GC(1) Y: Concurrent Mark 111.794ms
[2.148s][info][gc,phases   ] GC(1) Y: Pause Mark End 0.010ms
[2.148s][info][safepoint   ] Safepoint "ZMarkEndYoung", Time since last: 111862100 ns, Reaching safepoint: 13200 ns, At safepoint: 37300 ns, Leaving safepoint: 13700 ns, Total: 64200 ns, Threads: 3 runnable, 21 total
[2.148s][info][gc,phases   ] GC(1) Y: Concurrent Mark Free 0.001ms
[2.148s][info][gc,phases   ] GC(1) Y: Concurrent Reset Relocation Set 0.004ms
[2.148s][info][gc,reloc    ] GC(1) Y: Using tenuring threshold: 2 (Computed)
[2.149s][info][gc,phases   ] GC(1) Y: Concurrent Select Relocation Set 0.582ms
[2.149s][info][gc,phases   ] GC(1) Y: Pause Relocate Start 0.005ms
[2.149s][info][safepoint   ] Safepoint "ZRelocateStartYoung", Time since last: 676700 ns, Reaching safepoint: 42500 ns, At safepoint: 28100 ns, Leaving safepoint: 8000 ns, Total: 78600 ns, Threads: 1 runnable, 21 total
[2.180s][info][gc,phases   ] GC(1) Y: Concurrent Relocate 31.576ms
[2.180s][info][gc,alloc    ] GC(1) Y:                         Mark Start        Mark End      Relocate Start    Relocate End   
[2.180s][info][gc,alloc    ] GC(1) Y: Allocation Stalls:          0                0                0                0         
[2.180s][info][gc,load     ] GC(1) Y: Load: 0.00 (0%) / 0.00 (0%) / 0.00 (0%)
[2.180s][info][gc,mmu      ] GC(1) Y: MMU: 2ms/99.3%, 5ms/99.7%, 10ms/99.8%, 20ms/99.9%, 50ms/99.9%, 100ms/100.0%
[2.180s][info][gc,marking  ] GC(1) Y: Mark: 1 stripe(s), 2 proactive flush(es), 1 terminate flush(es), 0 completion(s), 0 continuation(s) 
[2.180s][info][gc,nmethod  ] GC(1) Y: NMethods: 5271 registered, 0 unregistered
[2.180s][info][gc,metaspace] GC(1) Y: Metaspace: 30M used, 30M committed, 1088M reserved
[2.180s][info][gc,reloc    ] GC(1) Y:                        Candidates     Selected     In-Place         Size        Empty    Relocated 
[2.180s][info][gc,reloc    ] GC(1) Y: Small Pages:                  169          132            0         338M           0M          18M 
[2.180s][info][gc,reloc    ] GC(1) Y: Medium Pages:                   2            1            0          64M           0M           6M 
[2.180s][info][gc,reloc    ] GC(1) Y: Large Pages:                    0            0            0           0M           0M           0M 
[2.180s][info][gc,reloc    ] GC(1) Y: Forwarding Usage: 10M
[2.180s][info][gc,reloc    ] GC(1) Y: Age Table:
[2.180s][info][gc,reloc    ] GC(1) Y:                    Live             Garbage             Small              Medium             Large        
[2.180s][info][gc,reloc    ] GC(1) Y: Eden              25M (1%)          282M (7%)         138 / 124            1 / 0              0 / 0        
[2.180s][info][gc,reloc    ] GC(1) Y: Survivor 1        48M (1%)           45M (1%)          31 / 8              1 / 1              0 / 0        
[2.181s][info][gc,heap     ] GC(1) Y: Min Capacity: 8M(0%)
[2.181s][info][gc,heap     ] GC(1) Y: Max Capacity: 4096M(100%)
[2.181s][info][gc,heap     ] GC(1) Y: Soft Max Capacity: 4096M(100%)
[2.181s][info][gc,heap     ] GC(1) Y: Heap Statistics:
[2.181s][info][gc,heap     ] GC(1) Y:                Mark Start          Mark End        Relocate Start      Relocate End           High               Low         
[2.181s][info][gc,heap     ] GC(1) Y:  Capacity:      498M (12%)         498M (12%)         498M (12%)         530M (13%)         530M (13%)         498M (12%)    
[2.181s][info][gc,heap     ] GC(1) Y:      Free:     3694M (90%)        3644M (89%)        3644M (89%)        3858M (94%)        3858M (94%)        3572M (87%)    
[2.181s][info][gc,heap     ] GC(1) Y:      Used:      402M (10%)         452M (11%)         452M (11%)         238M (6%)          524M (13%)         238M (6%)     
[2.181s][info][gc,heap     ] GC(1) Y: Young Generation Statistics:
[2.181s][info][gc,heap     ] GC(1) Y:                Mark Start          Mark End        Relocate Start      Relocate End    
[2.181s][info][gc,heap     ] GC(1) Y:      Used:      402M (10%)         452M (11%)         452M (11%)         238M (6%)     
[2.181s][info][gc,heap     ] GC(1) Y:      Live:         -                73M (2%)           73M (2%)           73M (2%)     
[2.181s][info][gc,heap     ] GC(1) Y:   Garbage:         -               328M (8%)          328M (8%)            4M (0%)     
[2.181s][info][gc,heap     ] GC(1) Y: Allocated:         -                50M (1%)           50M (1%)          159M (4%)     
[2.181s][info][gc,heap     ] GC(1) Y: Reclaimed:         -                  -                 0M (0%)          323M (8%)     
[2.181s][info][gc,heap     ] GC(1) Y:  Promoted:         -                  -                 0M (0%)            0M (0%)     
[2.181s][info][gc,heap     ] GC(1) Y: Compacted:         -                  -                  -                32M (1%)     
[2.181s][info][gc,phases   ] GC(1) Y: Young Generation 402M(10%)->238M(6%) 0.144s
[2.181s][info][gc,phases   ] GC(1) O: Old Generation
[2.181s][info][gc,phases   ] GC(1) O: Concurrent Mark 0.157ms
[2.181s][info][gc,phases   ] GC(1) O: Pause Mark End 0.005ms
[2.181s][info][safepoint   ] Safepoint "ZMarkEndOld", Time since last: 32091000 ns, Reaching safepoint: 1100 ns, At safepoint: 24400 ns, Leaving safepoint: 2100 ns, Total: 27600 ns, Threads: 0 runnable, 21 total
[2.181s][info][gc,phases   ] GC(1) O: Concurrent Mark Free 0.001ms
[2.187s][info][gc,phases   ] GC(1) O: Concurrent Process Non-Strong 6.168ms
[2.187s][info][gc,phases   ] GC(1) O: Concurrent Reset Relocation Set 0.000ms
[2.187s][info][safepoint   ] Safepoint "CleanClassLoaderDataMetaspaces", Time since last: 6209500 ns, Reaching safepoint: 11900 ns, At safepoint: 136100 ns, Leaving safepoint: 8100 ns, Total: 156100 ns, Threads: 1 runnable, 21 total
[2.187s][info][gc,phases   ] GC(1) O: Concurrent Select Relocation Set 0.147ms
[2.187s][info][gc,task     ] GC(1) O: Using 2 Workers for Old Generation
[2.188s][info][gc,task     ] GC(1) O: Using 1 Workers for Old Generation
[2.188s][info][gc,phases   ] GC(1) O: Concurrent Remap Roots 0.812ms
[2.188s][info][gc,phases   ] GC(1) O: Pause Relocate Start 0.005ms
[2.188s][info][safepoint   ] Safepoint "ZRelocateStartOld", Time since last: 879600 ns, Reaching safepoint: 82800 ns, At safepoint: 27400 ns, Leaving safepoint: 7900 ns, Total: 118100 ns, Threads: 2 runnable, 22 total
[2.188s][info][gc,phases   ] GC(1) O: Concurrent Relocate 0.022ms
[2.188s][info][gc,alloc    ] GC(1) O:                         Mark Start        Mark End      Relocate Start    Relocate End   
[2.188s][info][gc,alloc    ] GC(1) O: Allocation Stalls:          0                0                0                0         
[2.188s][info][gc,load     ] GC(1) O: Load: 0.00 (0%) / 0.00 (0%) / 0.00 (0%)
[2.188s][info][gc,mmu      ] GC(1) O: MMU: 2ms/99.3%, 5ms/99.7%, 10ms/99.8%, 20ms/99.9%, 50ms/99.9%, 100ms/100.0%
[2.188s][info][gc,marking  ] GC(1) O: Mark: 1 stripe(s), 1 proactive flush(es), 1 terminate flush(es), 0 completion(s), 0 continuation(s) 
[2.188s][info][gc,nmethod  ] GC(1) O: NMethods: 4927 registered, 363 unregistered
[2.188s][info][gc,metaspace] GC(1) O: Metaspace: 30M used, 30M committed, 1088M reserved
[2.188s][info][gc,ref      ] GC(1) O:                       Encountered   Discovered     Enqueued 
[2.188s][info][gc,ref      ] GC(1) O: Soft References:             3032            0            0 
[2.188s][info][gc,ref      ] GC(1) O: Weak References:             3210            0            0 
[2.188s][info][gc,ref      ] GC(1) O: Final References:              35            0            0 
[2.188s][info][gc,ref      ] GC(1) O: Phantom References:           919            0            0 
[2.188s][info][gc,heap     ] GC(1) O: Min Capacity: 8M(0%)
[2.188s][info][gc,heap     ] GC(1) O: Max Capacity: 4096M(100%)
[2.188s][info][gc,heap     ] GC(1) O: Soft Max Capacity: 4096M(100%)
[2.188s][info][gc,heap     ] GC(1) O: Heap Statistics:
[2.188s][info][gc,heap     ] GC(1) O:                Mark Start          Mark End        Relocate Start      Relocate End           High               Low         
[2.188s][info][gc,heap     ] GC(1) O:  Capacity:      498M (12%)         530M (13%)         530M (13%)         530M (13%)         530M (13%)         498M (12%)    
[2.188s][info][gc,heap     ] GC(1) O:      Free:     3694M (90%)        3858M (94%)        3856M (94%)        3856M (94%)        3858M (94%)        3572M (87%)    
[2.188s][info][gc,heap     ] GC(1) O:      Used:      402M (10%)         238M (6%)          240M (6%)          240M (6%)          524M (13%)         238M (6%)     
[2.188s][info][gc,heap     ] GC(1) O: Old Generation Statistics:
[2.188s][info][gc,heap     ] GC(1) O:                Mark Start          Mark End        Relocate Start      Relocate End    
[2.188s][info][gc,heap     ] GC(1) O:      Used:        0M (0%)            0M (0%)            0M (0%)            0M (0%)     
[2.189s][info][gc,heap     ] GC(1) O:      Live:         -                 0M (0%)            0M (0%)            0M (0%)     
[2.189s][info][gc,heap     ] GC(1) O:   Garbage:         -                 0M (0%)            0M (0%)            0M (0%)     
[2.189s][info][gc,heap     ] GC(1) O: Allocated:         -                 0M (0%)            0M (0%)            0M (0%)     
[2.189s][info][gc,heap     ] GC(1) O: Reclaimed:         -                  -                 0M (0%)            0M (0%)     
[2.189s][info][gc,heap     ] GC(1) O: Compacted:         -                  -                  -                 0M (0%)     
[2.189s][info][gc,phases   ] GC(1) O: Old Generation 238M(6%)->240M(6%) 0.008s
[2.189s][info][gc          ] GC(1) Major Collection (Metadata GC Threshold) 402M(10%)->240M(6%) 0.153s
[9.638s][info][gc          ] GC(2) Major Collection (Warmup)
[9.638s][info][gc,task     ] GC(2) Using 4 Workers for Young Generation
[9.638s][info][gc,task     ] GC(2) Using 1 Workers for Old Generation
[9.638s][info][gc,phases   ] GC(2) Y: Young Generation
[9.638s][info][gc,phases   ] GC(2) Y: Pause Mark Start (Major) 0.009ms
[9.638s][info][safepoint   ] Safepoint "ZMarkStartYoungAndOld", Time since last: 7449835900 ns, Reaching safepoint: 4300 ns, At safepoint: 38400 ns, Leaving safepoint: 7500 ns, Total: 50200 ns, Threads: 0 runnable, 19 total
[9.719s][info][gc,phases   ] GC(2) Y: Concurrent Mark 81.169ms
[9.719s][info][gc,phases   ] GC(2) Y: Pause Mark End 0.010ms
[9.719s][info][safepoint   ] Safepoint "ZMarkEndYoung", Time since last: 81237000 ns, Reaching safepoint: 12700 ns, At safepoint: 35100 ns, Leaving safepoint: 3500 ns, Total: 51300 ns, Threads: 1 runnable, 19 total
[9.719s][info][gc,phases   ] GC(2) Y: Concurrent Mark Free 0.003ms
[9.719s][info][gc,phases   ] GC(2) Y: Concurrent Reset Relocation Set 0.006ms
[9.720s][info][gc,reloc    ] GC(2) Y: Using tenuring threshold: 3 (Computed)
[9.725s][info][gc,phases   ] GC(2) Y: Concurrent Select Relocation Set 5.133ms
[9.725s][info][gc,phases   ] GC(2) Y: Pause Relocate Start 0.006ms
[9.725s][info][safepoint   ] Safepoint "ZRelocateStartYoung", Time since last: 5239500 ns, Reaching safepoint: 12800 ns, At safepoint: 30900 ns, Leaving safepoint: 4000 ns, Total: 47700 ns, Threads: 1 runnable, 19 total
[9.754s][info][gc,phases   ] GC(2) Y: Concurrent Relocate 28.948ms
[9.754s][info][gc,alloc    ] GC(2) Y:                         Mark Start        Mark End      Relocate Start    Relocate End   
[9.754s][info][gc,alloc    ] GC(2) Y: Allocation Stalls:          0                0                0                0         
[9.754s][info][gc,load     ] GC(2) Y: Load: 0.00 (0%) / 0.00 (0%) / 0.00 (0%)
[9.754s][info][gc,mmu      ] GC(2) Y: MMU: 2ms/99.3%, 5ms/99.7%, 10ms/99.8%, 20ms/99.9%, 50ms/99.9%, 100ms/100.0%
[9.754s][info][gc,marking  ] GC(2) Y: Mark: 4 stripe(s), 5 proactive flush(es), 1 terminate flush(es), 0 completion(s), 0 continuation(s) 
[9.754s][info][gc,nmethod  ] GC(2) Y: NMethods: 8110 registered, 0 unregistered
[9.754s][info][gc,metaspace] GC(2) Y: Metaspace: 50M used, 51M committed, 1088M reserved
[9.754s][info][gc,reloc    ] GC(2) Y:                        Candidates     Selected     In-Place         Size        Empty    Relocated 
[9.754s][info][gc,reloc    ] GC(2) Y: Small Pages:                  350          273            0         700M           4M          55M 
[9.754s][info][gc,reloc    ] GC(2) Y: Medium Pages:                   4            3            0         112M           0M           7M 
[9.754s][info][gc,reloc    ] GC(2) Y: Large Pages:                    1            0            0          12M           0M           0M 
[9.754s][info][gc,reloc    ] GC(2) Y: Forwarding Usage: 37M
[9.754s][info][gc,reloc    ] GC(2) Y: Age Table:
[9.754s][info][gc,reloc    ] GC(2) Y:                    Live             Garbage             Small              Medium             Large        
[9.754s][info][gc,reloc    ] GC(2) Y: Eden              83M (2%)          564M (14%)        302 / 261            1 / 0              1 / 0        
[9.754s][info][gc,reloc    ] GC(2) Y: Survivor 1        25M (1%)           42M (1%)          18 / 5              1 / 1              0 / 0        
[9.754s][info][gc,reloc    ] GC(2) Y: Survivor 2        47M (1%)           60M (1%)          30 / 7              2 / 2              0 / 0        
[9.754s][info][gc,heap     ] GC(2) Y: Min Capacity: 8M(0%)
[9.754s][info][gc,heap     ] GC(2) Y: Max Capacity: 4096M(100%)
[9.754s][info][gc,heap     ] GC(2) Y: Soft Max Capacity: 4096M(100%)
[9.754s][info][gc,heap     ] GC(2) Y: Heap Statistics:
[9.754s][info][gc,heap     ] GC(2) Y:                Mark Start          Mark End        Relocate Start      Relocate End           High               Low         
[9.754s][info][gc,heap     ] GC(2) Y:  Capacity:      824M (20%)         890M (22%)         890M (22%)         990M (24%)         990M (24%)         824M (20%)    
[9.754s][info][gc,heap     ] GC(2) Y:      Free:     3272M (80%)        3206M (78%)        3210M (78%)        3720M (91%)        3720M (91%)        3138M (77%)    
[9.754s][info][gc,heap     ] GC(2) Y:      Used:      824M (20%)         890M (22%)         886M (22%)         376M (9%)          958M (23%)         376M (9%)     
[9.754s][info][gc,heap     ] GC(2) Y: Young Generation Statistics:
[9.754s][info][gc,heap     ] GC(2) Y:                Mark Start          Mark End        Relocate Start      Relocate End    
[9.754s][info][gc,heap     ] GC(2) Y:      Used:      824M (20%)         890M (22%)         886M (22%)         376M (9%)     
[9.754s][info][gc,heap     ] GC(2) Y:      Live:         -               155M (4%)          155M (4%)          155M (4%)     
[9.754s][info][gc,heap     ] GC(2) Y:   Garbage:         -               668M (16%)         664M (16%)           3M (0%)     
[9.754s][info][gc,heap     ] GC(2) Y: Allocated:         -                66M (2%)           66M (2%)          217M (5%)     
[9.754s][info][gc,heap     ] GC(2) Y: Reclaimed:         -                  -                 4M (0%)          665M (16%)    
[9.754s][info][gc,heap     ] GC(2) Y:  Promoted:         -                  -                 0M (0%)            0M (0%)     
[9.754s][info][gc,heap     ] GC(2) Y: Compacted:         -                  -                  -                84M (2%)     
[9.754s][info][gc,phases   ] GC(2) Y: Young Generation 824M(20%)->376M(9%) 0.116s
[9.754s][info][gc,phases   ] GC(2) O: Old Generation
[9.754s][info][gc,phases   ] GC(2) O: Concurrent Mark 0.231ms
[9.754s][info][gc,phases   ] GC(2) O: Pause Mark End 0.007ms
[9.754s][info][safepoint   ] Safepoint "ZMarkEndOld", Time since last: 29517000 ns, Reaching safepoint: 22400 ns, At safepoint: 19900 ns, Leaving safepoint: 2500 ns, Total: 44800 ns, Threads: 1 runnable, 19 total
[9.754s][info][gc,phases   ] GC(2) O: Concurrent Mark Free 0.000ms
[9.770s][info][gc,phases   ] GC(2) O: Concurrent Process Non-Strong 15.347ms
[9.770s][info][gc,phases   ] GC(2) O: Concurrent Reset Relocation Set 0.000ms
[9.770s][info][safepoint   ] Safepoint "CleanClassLoaderDataMetaspaces", Time since last: 15320000 ns, Reaching safepoint: 13800 ns, At safepoint: 183000 ns, Leaving safepoint: 7300 ns, Total: 204100 ns, Threads: 1 runnable, 19 total
[9.770s][info][gc,phases   ] GC(2) O: Concurrent Select Relocation Set 0.120ms
[9.770s][info][gc,task     ] GC(2) O: Using 4 Workers for Old Generation
[9.772s][info][gc,task     ] GC(2) O: Using 1 Workers for Old Generation
[9.772s][info][gc,phases   ] GC(2) O: Concurrent Remap Roots 1.773ms
[9.772s][info][gc,phases   ] GC(2) O: Pause Relocate Start 0.006ms
[9.772s][info][safepoint   ] Safepoint "ZRelocateStartOld", Time since last: 1858500 ns, Reaching safepoint: 62900 ns, At safepoint: 32900 ns, Leaving safepoint: 4300 ns, Total: 100100 ns, Threads: 1 runnable, 19 total
[9.772s][info][gc,phases   ] GC(2) O: Concurrent Relocate 0.034ms
[9.772s][info][gc,alloc    ] GC(2) O:                         Mark Start        Mark End      Relocate Start    Relocate End   
[9.772s][info][gc,alloc    ] GC(2) O: Allocation Stalls:          0                0                0                0         
[9.772s][info][gc,load     ] GC(2) O: Load: 0.00 (0%) / 0.00 (0%) / 0.00 (0%)
[9.772s][info][gc,mmu      ] GC(2) O: MMU: 2ms/99.3%, 5ms/99.7%, 10ms/99.8%, 20ms/99.9%, 50ms/99.9%, 100ms/100.0%
[9.772s][info][gc,marking  ] GC(2) O: Mark: 1 stripe(s), 1 proactive flush(es), 1 terminate flush(es), 0 completion(s), 0 continuation(s) 
[9.772s][info][gc,nmethod  ] GC(2) O: NMethods: 7116 registered, 1005 unregistered
[9.772s][info][gc,metaspace] GC(2) O: Metaspace: 50M used, 51M committed, 1088M reserved
[9.772s][info][gc,ref      ] GC(2) O:                       Encountered   Discovered     Enqueued 
[9.772s][info][gc,ref      ] GC(2) O: Soft References:             3445            0            0 
[9.772s][info][gc,ref      ] GC(2) O: Weak References:            19889            0            0 
[9.772s][info][gc,ref      ] GC(2) O: Final References:              36            0            0 
[9.772s][info][gc,ref      ] GC(2) O: Phantom References:          6476            0            0 
[9.772s][info][gc,heap     ] GC(2) O: Min Capacity: 8M(0%)
[9.772s][info][gc,heap     ] GC(2) O: Max Capacity: 4096M(100%)
[9.772s][info][gc,heap     ] GC(2) O: Soft Max Capacity: 4096M(100%)
[9.772s][info][gc,heap     ] GC(2) O: Heap Statistics:
[9.772s][info][gc,heap     ] GC(2) O:                Mark Start          Mark End        Relocate Start      Relocate End           High               Low         
[9.772s][info][gc,heap     ] GC(2) O:  Capacity:      824M (20%)         990M (24%)         990M (24%)         990M (24%)         990M (24%)         824M (20%)    
[9.772s][info][gc,heap     ] GC(2) O:      Free:     3272M (80%)        3720M (91%)        3700M (90%)        3700M (90%)        3720M (91%)        3138M (77%)    
[9.772s][info][gc,heap     ] GC(2) O:      Used:      824M (20%)         376M (9%)          396M (10%)         396M (10%)         958M (23%)         376M (9%)     
[9.772s][info][gc,heap     ] GC(2) O: Old Generation Statistics:
[9.772s][info][gc,heap     ] GC(2) O:                Mark Start          Mark End        Relocate Start      Relocate End    
[9.772s][info][gc,heap     ] GC(2) O:      Used:        0M (0%)            0M (0%)            0M (0%)            0M (0%)     
[9.772s][info][gc,heap     ] GC(2) O:      Live:         -                 0M (0%)            0M (0%)            0M (0%)     
[9.772s][info][gc,heap     ] GC(2) O:   Garbage:         -                 0M (0%)            0M (0%)            0M (0%)     
[9.772s][info][gc,heap     ] GC(2) O: Allocated:         -                 0M (0%)            0M (0%)            0M (0%)     
[9.772s][info][gc,heap     ] GC(2) O: Reclaimed:         -                  -                 0M (0%)            0M (0%)     
[9.772s][info][gc,heap     ] GC(2) O: Compacted:         -                  -                  -                 0M (0%)     
[9.772s][info][gc,phases   ] GC(2) O: Old Generation 376M(9%)->396M(10%) 0.018s
[9.772s][info][gc          ] GC(2) Major Collection (Warmup) 824M(20%)->396M(10%) 0.134s
[11.568s][info][gc          ] GC(3) Major Collection (Warmup)
[11.568s][info][gc,task     ] GC(3) Using 4 Workers for Young Generation
[11.568s][info][gc,task     ] GC(3) Using 1 Workers for Old Generation
[11.568s][info][gc,phases   ] GC(3) Y: Young Generation
[11.568s][info][gc,phases   ] GC(3) Y: Pause Mark Start (Major) 0.008ms
[11.568s][info][safepoint   ] Safepoint "ZMarkStartYoungAndOld", Time since last: 1796200300 ns, Reaching safepoint: 13500 ns, At safepoint: 35000 ns, Leaving safepoint: 3900 ns, Total: 52400 ns, Threads: 1 runnable, 20 total
[11.686s][info][gc,phases   ] GC(3) Y: Concurrent Mark 117.811ms
[11.686s][info][gc,phases   ] GC(3) Y: Pause Mark End 0.006ms
[11.686s][info][safepoint   ] Safepoint "ZMarkEndYoung", Time since last: 117870200 ns, Reaching safepoint: 83000 ns, At safepoint: 20100 ns, Leaving safepoint: 13800 ns, Total: 116900 ns, Threads: 4 runnable, 24 total
[11.686s][info][gc,phases   ] GC(3) Y: Concurrent Mark Free 0.002ms
[11.686s][info][gc,phases   ] GC(3) Y: Concurrent Reset Relocation Set 0.007ms
[11.686s][info][gc,reloc    ] GC(3) Y: Using tenuring threshold: 3 (Computed)
[11.692s][info][gc,phases   ] GC(3) Y: Concurrent Select Relocation Set 5.949ms
[11.693s][info][gc,phases   ] GC(3) Y: Pause Relocate Start 0.004ms
[11.693s][info][safepoint   ] Safepoint "ZRelocateStartYoung", Time since last: 6042900 ns, Reaching safepoint: 764500 ns, At safepoint: 24800 ns, Leaving safepoint: 12900 ns, Total: 802200 ns, Threads: 2 runnable, 24 total
[11.721s][info][gc,phases   ] GC(3) Y: Concurrent Relocate 28.037ms
[11.721s][info][gc,alloc    ] GC(3) Y:                         Mark Start        Mark End      Relocate Start    Relocate End   
[11.721s][info][gc,alloc    ] GC(3) Y: Allocation Stalls:          0                0                0                0         
[11.721s][info][gc,load     ] GC(3) Y: Load: 0.00 (0%) / 0.00 (0%) / 0.00 (0%)
[11.721s][info][gc,mmu      ] GC(3) Y: MMU: 2ms/99.3%, 5ms/99.7%, 10ms/99.8%, 20ms/99.9%, 50ms/99.9%, 100ms/100.0%
[11.721s][info][gc,marking  ] GC(3) Y: Mark: 4 stripe(s), 2 proactive flush(es), 1 terminate flush(es), 0 completion(s), 0 continuation(s) 
[11.721s][info][gc,nmethod  ] GC(3) Y: NMethods: 9118 registered, 1005 unregistered
[11.721s][info][gc,metaspace] GC(3) Y: Metaspace: 83M used, 84M committed, 1152M reserved
[11.721s][info][gc,reloc    ] GC(3) Y:                        Candidates     Selected     In-Place         Size        Empty    Relocated 
[11.721s][info][gc,reloc    ] GC(3) Y: Small Pages:                  529          435            0        1058M           0M          37M 
[11.721s][info][gc,reloc    ] GC(3) Y: Medium Pages:                   5            4            0         160M           0M           9M 
[11.721s][info][gc,reloc    ] GC(3) Y: Large Pages:                    1            0            0          12M           0M           0M 
[11.721s][info][gc,reloc    ] GC(3) Y: Forwarding Usage: 18M
[11.721s][info][gc,reloc    ] GC(3) Y: Age Table:
[11.721s][info][gc,reloc    ] GC(3) Y:                    Live             Garbage             Small              Medium             Large        
[11.721s][info][gc,reloc    ] GC(3) Y: Eden              41M (1%)          886M (22%)        448 / 426            1 / 1              0 / 0        
[11.721s][info][gc,reloc    ] GC(3) Y: Survivor 1        82M (2%)           43M (1%)          41 / 5              1 / 0              1 / 0        
[11.721s][info][gc,reloc    ] GC(3) Y: Survivor 2        24M (1%)           39M (1%)          16 / 3              1 / 1              0 / 0        
[11.721s][info][gc,reloc    ] GC(3) Y: Survivor 3        47M (1%)           64M (2%)          24 / 1              2 / 2              0 / 0        
[11.721s][info][gc,heap     ] GC(3) Y: Min Capacity: 8M(0%)
[11.721s][info][gc,heap     ] GC(3) Y: Max Capacity: 4096M(100%)
[11.721s][info][gc,heap     ] GC(3) Y: Soft Max Capacity: 4096M(100%)
[11.721s][info][gc,heap     ] GC(3) Y: Heap Statistics:
[11.721s][info][gc,heap     ] GC(3) Y:                Mark Start          Mark End        Relocate Start      Relocate End           High               Low         
[11.721s][info][gc,heap     ] GC(3) Y:  Capacity:     1230M (30%)        1312M (32%)        1316M (32%)        1470M (36%)        1470M (36%)        1230M (30%)    
[11.721s][info][gc,heap     ] GC(3) Y:      Free:     2866M (70%)        2784M (68%)        2780M (68%)        3594M (88%)        3596M (88%)        2626M (64%)    
[11.721s][info][gc,heap     ] GC(3) Y:      Used:     1230M (30%)        1312M (32%)        1316M (32%)         502M (12%)        1470M (36%)         500M (12%)    
[11.721s][info][gc,heap     ] GC(3) Y: Young Generation Statistics:
[11.721s][info][gc,heap     ] GC(3) Y:                Mark Start          Mark End        Relocate Start      Relocate End    
[11.721s][info][gc,heap     ] GC(3) Y:      Used:     1230M (30%)        1312M (32%)        1270M (31%)         372M (9%)     
[11.721s][info][gc,heap     ] GC(3) Y:      Live:         -               195M (5%)          155M (4%)          148M (4%)     
[11.721s][info][gc,heap     ] GC(3) Y:   Garbage:         -              1034M (25%)        1028M (25%)           1M (0%)     
[11.721s][info][gc,heap     ] GC(3) Y: Allocated:         -                82M (2%)           86M (2%)          221M (5%)     
[11.721s][info][gc,heap     ] GC(3) Y: Reclaimed:         -                  -                 6M (0%)         1032M (25%)    
[11.721s][info][gc,heap     ] GC(3) Y:  Promoted:         -                  -                39M (1%)           47M (1%)     
[11.721s][info][gc,heap     ] GC(3) Y: Compacted:         -                  -                  -                44M (1%)     
[11.721s][info][gc,phases   ] GC(3) Y: Young Generation 1230M(30%)->502M(12%) 0.153s
[11.721s][info][gc,phases   ] GC(3) O: Old Generation
[11.722s][info][gc,phases   ] GC(3) O: Concurrent Mark 0.229ms
[11.722s][info][gc,phases   ] GC(3) O: Pause Mark End 0.009ms
[11.722s][info][safepoint   ] Safepoint "ZMarkEndOld", Time since last: 28795300 ns, Reaching safepoint: 23000 ns, At safepoint: 33000 ns, Leaving safepoint: 7500 ns, Total: 63500 ns, Threads: 2 runnable, 24 total
[11.722s][info][gc,phases   ] GC(3) O: Concurrent Mark Free 0.001ms
[11.738s][info][gc,phases   ] GC(3) O: Concurrent Process Non-Strong 16.298ms
[11.738s][info][gc,phases   ] GC(3) O: Concurrent Reset Relocation Set 0.000ms
[11.738s][info][safepoint   ] Safepoint "CleanClassLoaderDataMetaspaces", Time since last: 16339200 ns, Reaching safepoint: 32800 ns, At safepoint: 217000 ns, Leaving safepoint: 7500 ns, Total: 257300 ns, Threads: 1 runnable, 24 total
[11.738s][info][gc,phases   ] GC(3) O: Concurrent Select Relocation Set 0.231ms
[11.738s][info][gc,task     ] GC(3) O: Using 4 Workers for Old Generation
[11.740s][info][gc,task     ] GC(3) O: Using 1 Workers for Old Generation
[11.740s][info][gc,phases   ] GC(3) O: Concurrent Remap Roots 1.331ms
[11.740s][info][gc,phases   ] GC(3) O: Pause Relocate Start 0.005ms
[11.740s][info][safepoint   ] Safepoint "ZRelocateStartOld", Time since last: 1401100 ns, Reaching safepoint: 22300 ns, At safepoint: 28800 ns, Leaving safepoint: 5100 ns, Total: 56200 ns, Threads: 1 runnable, 24 total
[11.740s][info][gc,phases   ] GC(3) O: Concurrent Relocate 0.027ms
[11.740s][info][gc,alloc    ] GC(3) O:                         Mark Start        Mark End      Relocate Start    Relocate End   
[11.740s][info][gc,alloc    ] GC(3) O: Allocation Stalls:          0                0                0                0         
[11.740s][info][gc,load     ] GC(3) O: Load: 0.00 (0%) / 0.00 (0%) / 0.00 (0%)
[11.740s][info][gc,mmu      ] GC(3) O: MMU: 2ms/99.3%, 5ms/99.7%, 10ms/99.8%, 20ms/99.9%, 50ms/99.9%, 100ms/100.0%
[11.740s][info][gc,marking  ] GC(3) O: Mark: 1 stripe(s), 1 proactive flush(es), 1 terminate flush(es), 0 completion(s), 0 continuation(s) 
[11.740s][info][gc,nmethod  ] GC(3) O: NMethods: 8524 registered, 1623 unregistered
[11.740s][info][gc,metaspace] GC(3) O: Metaspace: 84M used, 85M committed, 1152M reserved
[11.740s][info][gc,ref      ] GC(3) O:                       Encountered   Discovered     Enqueued 
[11.740s][info][gc,ref      ] GC(3) O: Soft References:             3660            0            0 
[11.740s][info][gc,ref      ] GC(3) O: Weak References:            35754            0            0 
[11.740s][info][gc,ref      ] GC(3) O: Final References:              36            0            0 
[11.740s][info][gc,ref      ] GC(3) O: Phantom References:          6482            0            0 
[11.740s][info][gc,heap     ] GC(3) O: Min Capacity: 8M(0%)
[11.740s][info][gc,heap     ] GC(3) O: Max Capacity: 4096M(100%)
[11.740s][info][gc,heap     ] GC(3) O: Soft Max Capacity: 4096M(100%)
[11.740s][info][gc,heap     ] GC(3) O: Heap Statistics:
[11.740s][info][gc,heap     ] GC(3) O:                Mark Start          Mark End        Relocate Start      Relocate End           High               Low         
[11.740s][info][gc,heap     ] GC(3) O:  Capacity:     1230M (30%)        1470M (36%)        1470M (36%)        1470M (36%)        1470M (36%)        1230M (30%)    
[11.740s][info][gc,heap     ] GC(3) O:      Free:     2866M (70%)        3594M (88%)        3592M (88%)        3592M (88%)        3596M (88%)        2626M (64%)    
[11.740s][info][gc,heap     ] GC(3) O:      Used:     1230M (30%)         502M (12%)         504M (12%)         504M (12%)        1470M (36%)         500M (12%)    
[11.740s][info][gc,heap     ] GC(3) O: Old Generation Statistics:
[11.740s][info][gc,heap     ] GC(3) O:                Mark Start          Mark End        Relocate Start      Relocate End    
[11.740s][info][gc,heap     ] GC(3) O:      Used:        0M (0%)          130M (3%)          130M (3%)          130M (3%)     
[11.740s][info][gc,heap     ] GC(3) O:      Live:         -                 0M (0%)            0M (0%)            0M (0%)     
[11.740s][info][gc,heap     ] GC(3) O:   Garbage:         -                 0M (0%)            0M (0%)            0M (0%)     
[11.740s][info][gc,heap     ] GC(3) O: Allocated:         -               130M (3%)          130M (3%)          130M (3%)     
[11.740s][info][gc,heap     ] GC(3) O: Reclaimed:         -                  -                 0M (0%)            0M (0%)     
[11.740s][info][gc,heap     ] GC(3) O: Compacted:         -                  -                  -                 0M (0%)     
[11.740s][info][gc,phases   ] GC(3) O: Old Generation 502M(12%)->504M(12%) 0.018s
[11.740s][info][gc          ] GC(3) Major Collection (Warmup) 1230M(30%)->504M(12%) 0.172s
[18.797s][info][gc          ] GC(4) Major Collection (Metadata GC Threshold)
[18.797s][info][gc,task     ] GC(4) Using 1 Workers for Young Generation
[18.797s][info][gc,task     ] GC(4) Using 1 Workers for Old Generation
[18.797s][info][gc,phases   ] GC(4) Y: Young Generation
[18.797s][info][gc,phases   ] GC(4) Y: Pause Mark Start (Major) 0.007ms
[18.797s][info][safepoint   ] Safepoint "ZMarkStartYoungAndOld", Time since last: 7057170800 ns, Reaching safepoint: 44700 ns, At safepoint: 28300 ns, Leaving safepoint: 6100 ns, Total: 79100 ns, Threads: 2 runnable, 61 total
[19.457s][info][gc,phases   ] GC(4) Y: Concurrent Mark 659.527ms
[19.457s][info][gc,phases   ] GC(4) Y: Pause Mark End 0.021ms
[19.457s][info][safepoint   ] Safepoint "ZMarkEndYoung", Time since last: 659584200 ns, Reaching safepoint: 99000 ns, At safepoint: 45300 ns, Leaving safepoint: 17100 ns, Total: 161400 ns, Threads: 7 runnable, 77 total
[19.457s][info][gc,phases   ] GC(4) Y: Concurrent Mark Free 0.002ms
[19.457s][info][gc,phases   ] GC(4) Y: Concurrent Reset Relocation Set 0.046ms
[19.457s][info][gc,reloc    ] GC(4) Y: Using tenuring threshold: 1 (Computed)
[19.529s][info][gc,phases   ] GC(4) Y: Concurrent Select Relocation Set 72.268ms
[19.529s][info][gc,phases   ] GC(4) Y: Pause Relocate Start 0.014ms
[19.529s][info][safepoint   ] Safepoint "ZRelocateStartYoung", Time since last: 72427500 ns, Reaching safepoint: 27600 ns, At safepoint: 48600 ns, Leaving safepoint: 5900 ns, Total: 82100 ns, Threads: 1 runnable, 77 total
[19.845s][info][gc,phases   ] GC(4) Y: Concurrent Relocate 315.908ms
[19.845s][info][gc,alloc    ] GC(4) Y:                         Mark Start        Mark End      Relocate Start    Relocate End   
[19.845s][info][gc,alloc    ] GC(4) Y: Allocation Stalls:          0                0                0                0         
[19.845s][info][gc,load     ] GC(4) Y: Load: 0.00 (0%) / 0.00 (0%) / 0.00 (0%)
[19.845s][info][gc,mmu      ] GC(4) Y: MMU: 2ms/98.9%, 5ms/99.6%, 10ms/99.8%, 20ms/99.9%, 50ms/99.9%, 100ms/100.0%
[19.845s][info][gc,marking  ] GC(4) Y: Mark: 1 stripe(s), 2 proactive flush(es), 1 terminate flush(es), 0 completion(s), 0 continuation(s) 
[19.845s][info][gc,nmethod  ] GC(4) Y: NMethods: 25669 registered, 0 unregistered
[19.845s][info][gc,metaspace] GC(4) Y: Metaspace: 149M used, 150M committed, 1152M reserved
[19.845s][info][gc,reloc    ] GC(4) Y:                        Candidates     Selected     In-Place         Size        Empty    Relocated 
[19.845s][info][gc,reloc    ] GC(4) Y: Small Pages:                 1218         1033            0        2436M          74M          93M 
[19.845s][info][gc,reloc    ] GC(4) Y: Medium Pages:                   5            4            0         160M           0M          12M 
[19.845s][info][gc,reloc    ] GC(4) Y: Large Pages:                    1            0            0          12M           0M           0M 
[19.845s][info][gc,reloc    ] GC(4) Y: Forwarding Usage: 53M
[19.845s][info][gc,reloc    ] GC(4) Y: Age Table:
[19.845s][info][gc,reloc    ] GC(4) Y:                    Live             Garbage             Small              Medium             Large        
[19.845s][info][gc,reloc    ] GC(4) Y: Eden             150M (4%)         2181M (53%)       1134 / 1018           2 / 2              0 / 0        
[19.845s][info][gc,reloc    ] GC(4) Y: Survivor 1        37M (1%)           48M (1%)          27 / 8              1 / 1              0 / 0        
[19.845s][info][gc,reloc    ] GC(4) Y: Survivor 2        82M (2%)           39M (1%)          39 / 3              1 / 0              1 / 0        
[19.845s][info][gc,reloc    ] GC(4) Y: Survivor 3        23M (1%)           44M (1%)          18 / 4              1 / 1              0 / 0        
[19.845s][info][gc,heap     ] GC(4) Y: Min Capacity: 8M(0%)
[19.845s][info][gc,heap     ] GC(4) Y: Max Capacity: 4096M(100%)
[19.845s][info][gc,heap     ] GC(4) Y: Soft Max Capacity: 4096M(100%)
[19.845s][info][gc,heap     ] GC(4) Y: Heap Statistics:
[19.845s][info][gc,heap     ] GC(4) Y:                Mark Start          Mark End        Relocate Start      Relocate End           High               Low         
[19.845s][info][gc,heap     ] GC(4) Y:  Capacity:     2738M (67%)        3314M (81%)        3316M (81%)        3348M (82%)        3348M (82%)        2738M (67%)    
[19.845s][info][gc,heap     ] GC(4) Y:      Free:     1358M (33%)         782M (19%)         792M (19%)        2494M (61%)        2728M (67%)         752M (18%)    
[19.845s][info][gc,heap     ] GC(4) Y:      Used:     2738M (67%)        3314M (81%)        3304M (81%)        1602M (39%)        3344M (82%)        1368M (33%)    
[19.846s][info][gc,heap     ] GC(4) Y: Young Generation Statistics:
[19.846s][info][gc,heap     ] GC(4) Y:                Mark Start          Mark End        Relocate Start      Relocate End    
[19.846s][info][gc,heap     ] GC(4) Y:      Used:     2608M (64%)        3184M (78%)        3032M (74%)        1230M (30%)    
[19.846s][info][gc,heap     ] GC(4) Y:      Live:         -               293M (7%)          156M (4%)          150M (4%)     
[19.846s][info][gc,heap     ] GC(4) Y:   Garbage:         -              2314M (56%)        2235M (55%)           4M (0%)     
[19.846s][info][gc,heap     ] GC(4) Y: Allocated:         -               576M (14%)         640M (16%)        1075M (26%)    
[19.846s][info][gc,heap     ] GC(4) Y: Reclaimed:         -                  -                78M (2%)         2309M (56%)    
[19.846s][info][gc,heap     ] GC(4) Y:  Promoted:         -                  -               137M (3%)          143M (4%)     
[19.846s][info][gc,heap     ] GC(4) Y: Compacted:         -                  -                  -               132M (3%)     
[19.846s][info][gc,phases   ] GC(4) Y: Young Generation 2738M(67%)->1602M(39%) 1.048s
[19.846s][info][gc,phases   ] GC(4) O: Old Generation
[19.855s][info][gc          ] GC(5) Minor Collection (Allocation Rate)
[19.855s][info][gc,task     ] GC(5) Using 1 Workers for Young Generation
[19.855s][info][gc,phases   ] GC(5) y: Young Generation
[19.856s][info][gc,phases   ] GC(5) y: Pause Mark Start 0.018ms
[19.856s][info][safepoint   ] Safepoint "ZMarkStartYoung", Time since last: 326248300 ns, Reaching safepoint: 37200 ns, At safepoint: 46000 ns, Leaving safepoint: 23500 ns, Total: 106700 ns, Threads: 7 runnable, 77 total
[19.921s][info][gc,phases   ] GC(4) O: Concurrent Mark 75.483ms
[19.921s][info][gc,phases   ] GC(4) O: Pause Mark End 0.025ms
[19.921s][info][safepoint   ] Safepoint "ZMarkEndOld", Time since last: 65551600 ns, Reaching safepoint: 32300 ns, At safepoint: 54600 ns, Leaving safepoint: 18000 ns, Total: 104900 ns, Threads: 7 runnable, 77 total
[19.921s][info][gc,phases   ] GC(4) O: Concurrent Mark Free 0.002ms
[19.974s][info][gc,phases   ] GC(4) O: Concurrent Process Non-Strong 52.773ms
[19.974s][info][gc,phases   ] GC(4) O: Concurrent Reset Relocation Set 0.000ms
[19.975s][info][gc,phases   ] GC(4) O: Concurrent Select Relocation Set 0.394ms
[19.976s][info][safepoint   ] Safepoint "CleanClassLoaderDataMetaspaces", Time since last: 53437000 ns, Reaching safepoint: 30500 ns, At safepoint: 1331300 ns, Leaving safepoint: 19000 ns, Total: 1380800 ns, Threads: 4 runnable, 77 total
[20.407s][info][gc,phases   ] GC(5) y: Concurrent Mark 551.113ms
[20.407s][info][gc,phases   ] GC(5) y: Pause Mark End 0.026ms
[20.407s][info][safepoint   ] Safepoint "ZMarkEndYoung", Time since last: 430701700 ns, Reaching safepoint: 35400 ns, At safepoint: 54600 ns, Leaving safepoint: 15100 ns, Total: 105100 ns, Threads: 6 runnable, 77 total
[20.407s][info][gc,phases   ] GC(5) y: Concurrent Mark Free 0.002ms
[20.407s][info][gc,phases   ] GC(5) y: Concurrent Reset Relocation Set 0.136ms
[20.407s][info][gc,reloc    ] GC(5) y: Using tenuring threshold: 1 (Computed)
[20.474s][info][gc,phases   ] GC(5) y: Concurrent Select Relocation Set 66.795ms
[20.474s][info][gc,phases   ] GC(5) y: Pause Relocate Start 0.016ms
[20.474s][info][safepoint   ] Safepoint "ZRelocateStartYoung", Time since last: 67039700 ns, Reaching safepoint: 20800 ns, At safepoint: 41300 ns, Leaving safepoint: 9000 ns, Total: 71100 ns, Threads: 2 runnable, 78 total
[20.638s][info][gc,phases   ] GC(5) y: Concurrent Relocate 163.934ms
[20.638s][info][gc,alloc    ] GC(5) y:                         Mark Start        Mark End      Relocate Start    Relocate End   
[20.638s][info][gc,alloc    ] GC(5) y: Allocation Stalls:          0                0                0                0         
[20.638s][info][gc,load     ] GC(5) y: Load: 0.00 (0%) / 0.00 (0%) / 0.00 (0%)
[20.638s][info][gc,mmu      ] GC(5) y: MMU: 2ms/98.7%, 5ms/99.5%, 10ms/99.7%, 20ms/99.9%, 50ms/99.9%, 100ms/100.0%
[20.638s][info][gc,marking  ] GC(5) y: Mark: 1 stripe(s), 2 proactive flush(es), 1 terminate flush(es), 0 completion(s), 0 continuation(s) 
[20.638s][info][gc,nmethod  ] GC(5) y: NMethods: 23959 registered, 4210 unregistered
[20.638s][info][gc,metaspace] GC(5) y: Metaspace: 150M used, 151M committed, 1152M reserved
[20.638s][info][gc,reloc    ] GC(5) y:                        Candidates     Selected     In-Place         Size        Empty    Relocated 
[20.638s][info][gc,reloc    ] GC(5) y: Small Pages:                  574          433            0        1148M          32M          61M 
[20.638s][info][gc,reloc    ] GC(5) y: Medium Pages:                   3            2            0          96M           0M          15M 
[20.638s][info][gc,reloc    ] GC(5) y: Large Pages:                    0            0            0           0M           0M           0M 
[20.638s][info][gc,reloc    ] GC(5) y: Forwarding Usage: 22M
[20.638s][info][gc,reloc    ] GC(5) y: Age Table:
[20.638s][info][gc,reloc    ] GC(5) y:                    Live             Garbage             Small              Medium             Large        
[20.638s][info][gc,reloc    ] GC(5) y: Eden             100M (2%)          905M (22%)        487 / 418            1 / 1              0 / 0        
[20.638s][info][gc,reloc    ] GC(5) y: Survivor 1       149M (4%)           88M (2%)          87 / 15             2 / 1              0 / 0        
[20.638s][info][gc,heap     ] GC(5) y: Min Capacity: 8M(0%)
[20.638s][info][gc,heap     ] GC(5) y: Max Capacity: 4096M(100%)
[20.638s][info][gc,heap     ] GC(5) y: Soft Max Capacity: 4096M(100%)
[20.638s][info][gc,heap     ] GC(5) y: Heap Statistics:
[20.638s][info][gc,heap     ] GC(5) y:                Mark Start          Mark End        Relocate Start      Relocate End           High               Low         
[20.638s][info][gc,heap     ] GC(5) y:  Capacity:     3348M (82%)        3348M (82%)        3348M (82%)        3348M (82%)        3348M (82%)        3348M (82%)    
[20.638s][info][gc,heap     ] GC(5) y:      Free:     2480M (61%)        1380M (34%)        1250M (31%)        1834M (45%)        2480M (61%)        1172M (29%)    
[20.638s][info][gc,heap     ] GC(5) y:      Used:     1616M (39%)        2716M (66%)        2846M (69%)        2262M (55%)        2924M (71%)        1616M (39%)    
[20.638s][info][gc,heap     ] GC(5) y: Young Generation Statistics:
[20.638s][info][gc,heap     ] GC(5) y:                Mark Start          Mark End        Relocate Start      Relocate End    
[20.638s][info][gc,heap     ] GC(5) y:      Used:     1244M (30%)        2344M (57%)        2340M (57%)        1718M (42%)    
[20.638s][info][gc,heap     ] GC(5) y:      Live:         -               249M (6%)          118M (3%)          100M (2%)     
[20.638s][info][gc,heap     ] GC(5) y:   Garbage:         -               994M (24%)         959M (23%)           2M (0%)     
[20.638s][info][gc,heap     ] GC(5) y: Allocated:         -              1100M (27%)        1262M (31%)        1615M (39%)    
[20.638s][info][gc,heap     ] GC(5) y: Reclaimed:         -                  -                34M (1%)          991M (24%)    
[20.638s][info][gc,heap     ] GC(5) y:  Promoted:         -                  -               131M (3%)          149M (4%)     
[20.638s][info][gc,heap     ] GC(5) y: Compacted:         -                  -                  -                78M (2%)     
[20.638s][info][gc,phases   ] GC(5) y: Young Generation 1616M(39%)->2262M(55%) 0.783s
[20.638s][info][gc          ] GC(5) Minor Collection (Allocation Rate) 1616M(39%)->2262M(55%) 0.783s
[20.638s][info][gc,task     ] GC(4) O: Using 2 Workers for Old Generation
[20.649s][info][gc,task     ] GC(4) O: Using 1 Workers for Old Generation
[20.649s][info][gc,phases   ] GC(4) O: Concurrent Remap Roots 10.997ms
[20.649s][info][gc,phases   ] GC(4) O: Pause Relocate Start 0.009ms
[20.650s][info][safepoint   ] Safepoint "ZRelocateStartOld", Time since last: 175474800 ns, Reaching safepoint: 15800 ns, At safepoint: 22800 ns, Leaving safepoint: 6300 ns, Total: 44900 ns, Threads: 1 runnable, 78 total
[20.657s][info][gc,phases   ] GC(4) O: Concurrent Relocate 7.226ms
[20.657s][info][gc,alloc    ] GC(4) O:                         Mark Start        Mark End      Relocate Start    Relocate End   
[20.657s][info][gc,alloc    ] GC(4) O: Allocation Stalls:          0                0                0                0         
[20.657s][info][gc,load     ] GC(4) O: Load: 0.00 (0%) / 0.00 (0%) / 0.00 (0%)
[20.657s][info][gc,mmu      ] GC(4) O: MMU: 2ms/98.7%, 5ms/99.5%, 10ms/99.7%, 20ms/99.9%, 50ms/99.9%, 100ms/100.0%
[20.657s][info][gc,marking  ] GC(4) O: Mark: 1 stripe(s), 2 proactive flush(es), 1 terminate flush(es), 0 completion(s), 0 continuation(s) 
[20.657s][info][gc,nmethod  ] GC(4) O: NMethods: 24013 registered, 4210 unregistered
[20.657s][info][gc,metaspace] GC(4) O: Metaspace: 150M used, 151M committed, 1152M reserved
[20.657s][info][gc,ref      ] GC(4) O:                       Encountered   Discovered     Enqueued 
[20.657s][info][gc,ref      ] GC(4) O: Soft References:             5276            0            0 
[20.657s][info][gc,ref      ] GC(4) O: Weak References:            58459          963          401 
[20.657s][info][gc,ref      ] GC(4) O: Final References:              57           33            0 
[20.657s][info][gc,ref      ] GC(4) O: Phantom References:          7341          424            0 
[20.657s][info][gc,reloc    ] GC(4) O:                        Candidates     Selected     In-Place         Size        Empty    Relocated 
[20.657s][info][gc,reloc    ] GC(4) O: Small Pages:                   33           11            0          66M           0M           2M 
[20.657s][info][gc,reloc    ] GC(4) O: Medium Pages:                   2            1            0          64M           0M           6M 
[20.657s][info][gc,reloc    ] GC(4) O: Large Pages:                    0            0            0           0M           0M           0M 
[20.657s][info][gc,reloc    ] GC(4) O: Forwarding Usage: 2M
[20.657s][info][gc,heap     ] GC(4) O: Min Capacity: 8M(0%)
[20.657s][info][gc,heap     ] GC(4) O: Max Capacity: 4096M(100%)
[20.657s][info][gc,heap     ] GC(4) O: Soft Max Capacity: 4096M(100%)
[20.657s][info][gc,heap     ] GC(4) O: Heap Statistics:
[20.657s][info][gc,heap     ] GC(4) O:                Mark Start          Mark End        Relocate Start      Relocate End           High               Low         
[20.657s][info][gc,heap     ] GC(4) O:  Capacity:     2738M (67%)        3348M (82%)        3348M (82%)        3348M (82%)        3348M (82%)        2738M (67%)    
[20.657s][info][gc,heap     ] GC(4) O:      Free:     1358M (33%)        2336M (57%)        1818M (44%)        1870M (46%)        2728M (67%)         752M (18%)    
[20.657s][info][gc,heap     ] GC(4) O:      Used:     2738M (67%)        1760M (43%)        2278M (56%)        2226M (54%)        3344M (82%)        1368M (33%)    
[20.657s][info][gc,heap     ] GC(4) O: Old Generation Statistics:
[20.657s][info][gc,heap     ] GC(4) O:                Mark Start          Mark End        Relocate Start      Relocate End    
[20.657s][info][gc,heap     ] GC(4) O:      Used:      130M (3%)          372M (9%)          544M (13%)         490M (12%)    
[20.657s][info][gc,heap     ] GC(4) O:      Live:         -                46M (1%)           46M (1%)           46M (1%)     
[20.657s][info][gc,heap     ] GC(4) O:   Garbage:         -                83M (2%)           83M (2%)            3M (0%)     
[20.657s][info][gc,heap     ] GC(4) O: Allocated:         -               242M (6%)          414M (10%)         439M (11%)    
[20.657s][info][gc,heap     ] GC(4) O: Reclaimed:         -                  -                 0M (0%)           79M (2%)     
[20.657s][info][gc,heap     ] GC(4) O: Compacted:         -                  -                  -                12M (0%)     
[20.657s][info][gc,phases   ] GC(4) O: Old Generation 1604M(39%)->2226M(54%) 0.811s
[20.657s][info][gc          ] GC(4) Major Collection (Metadata GC Threshold) 2738M(67%)->2226M(54%) 1.860s
[20.912s][info][gc          ] GC(6) Minor Collection (Allocation Rate)
[20.912s][info][gc,task     ] GC(6) Using 3 Workers for Young Generation
[20.912s][info][gc,phases   ] GC(6) y: Young Generation
[20.912s][info][gc,phases   ] GC(6) y: Pause Mark Start 0.013ms
[20.912s][info][safepoint   ] Safepoint "ZMarkStartYoung", Time since last: 262859200 ns, Reaching safepoint: 21200 ns, At safepoint: 42600 ns, Leaving safepoint: 13000 ns, Total: 76800 ns, Threads: 6 runnable, 78 total
[21.005s][info][gc,phases   ] GC(6) y: Concurrent Mark 92.690ms
[21.005s][info][gc,phases   ] GC(6) y: Pause Mark End 0.012ms
[21.005s][info][safepoint   ] Safepoint "ZMarkEndYoung", Time since last: 92746300 ns, Reaching safepoint: 13900 ns, At safepoint: 35700 ns, Leaving safepoint: 9100 ns, Total: 58700 ns, Threads: 3 runnable, 78 total
[21.005s][info][gc,phases   ] GC(6) y: Concurrent Mark Free 0.004ms
[21.005s][info][gc,phases   ] GC(6) y: Concurrent Reset Relocation Set 0.118ms
[21.006s][info][gc,reloc    ] GC(6) y: Using tenuring threshold: 2 (Computed)
[21.010s][info][gc,phases   ] GC(6) y: Concurrent Select Relocation Set 4.823ms
[21.010s][info][gc,phases   ] GC(6) y: Pause Relocate Start 0.008ms
[21.010s][info][safepoint   ] Safepoint "ZRelocateStartYoung", Time since last: 5036100 ns, Reaching safepoint: 13800 ns, At safepoint: 25700 ns, Leaving safepoint: 4900 ns, Total: 44400 ns, Threads: 2 runnable, 78 total
[21.042s][info][gc,phases   ] GC(6) y: Concurrent Relocate 31.602ms
[21.042s][info][gc,alloc    ] GC(6) y:                         Mark Start        Mark End      Relocate Start    Relocate End   
[21.042s][info][gc,alloc    ] GC(6) y: Allocation Stalls:          0                0                0                0         
[21.042s][info][gc,load     ] GC(6) y: Load: 0.00 (0%) / 0.00 (0%) / 0.00 (0%)
[21.042s][info][gc,mmu      ] GC(6) y: MMU: 2ms/98.7%, 5ms/99.5%, 10ms/99.7%, 20ms/99.9%, 50ms/99.9%, 100ms/100.0%
[21.042s][info][gc,marking  ] GC(6) y: Mark: 2 stripe(s), 7 proactive flush(es), 1 terminate flush(es), 0 completion(s), 0 continuation(s) 
[21.042s][info][gc,nmethod  ] GC(6) y: NMethods: 24359 registered, 4210 unregistered
[21.042s][info][gc,metaspace] GC(6) y: Metaspace: 150M used, 151M committed, 1152M reserved
[21.042s][info][gc,reloc    ] GC(6) y:                        Candidates     Selected     In-Place         Size        Empty    Relocated 
[21.042s][info][gc,reloc    ] GC(6) y: Small Pages:                  875          703            0        1750M         130M          78M 
[21.042s][info][gc,reloc    ] GC(6) y: Medium Pages:                   4            3            0         128M           0M           8M 
[21.042s][info][gc,reloc    ] GC(6) y: Large Pages:                    0            0            0           0M           0M           0M 
[21.042s][info][gc,reloc    ] GC(6) y: Forwarding Usage: 33M
[21.042s][info][gc,reloc    ] GC(6) y: Age Table:
[21.042s][info][gc,reloc    ] GC(6) y:                    Live             Garbage             Small              Medium             Large        
[21.042s][info][gc,reloc    ] GC(6) y: Eden             110M (3%)         1579M (39%)        813 / 687            2 / 2              0 / 0        
[21.042s][info][gc,reloc    ] GC(6) y: Survivor 1        85M (2%)          102M (2%)          62 / 16             2 / 1              0 / 0        
[21.042s][info][gc,heap     ] GC(6) y: Min Capacity: 8M(0%)
[21.042s][info][gc,heap     ] GC(6) y: Max Capacity: 4096M(100%)
[21.042s][info][gc,heap     ] GC(6) y: Soft Max Capacity: 4096M(100%)
[21.042s][info][gc,heap     ] GC(6) y: Heap Statistics:
[21.042s][info][gc,heap     ] GC(6) y:                Mark Start          Mark End        Relocate Start      Relocate End           High               Low         
[21.042s][info][gc,heap     ] GC(6) y:  Capacity:     3348M (82%)        3348M (82%)        3348M (82%)        3348M (82%)        3348M (82%)        3348M (82%)    
[21.042s][info][gc,heap     ] GC(6) y:      Free:     1728M (42%)        1648M (40%)        1778M (43%)        3196M (78%)        3196M (78%)        1648M (40%)    
[21.042s][info][gc,heap     ] GC(6) y:      Used:     2368M (58%)        2448M (60%)        2318M (57%)         900M (22%)        2448M (60%)         900M (22%)    
[21.042s][info][gc,heap     ] GC(6) y: Young Generation Statistics:
[21.042s][info][gc,heap     ] GC(6) y:                Mark Start          Mark End        Relocate Start      Relocate End    
[21.042s][info][gc,heap     ] GC(6) y:      Used:     1878M (46%)        1958M (48%)        1828M (45%)         410M (10%)    
[21.042s][info][gc,heap     ] GC(6) y:      Live:         -               196M (5%)          196M (5%)          196M (5%)     
[21.042s][info][gc,heap     ] GC(6) y:   Garbage:         -              1681M (41%)        1551M (38%)          11M (0%)     
[21.042s][info][gc,heap     ] GC(6) y: Allocated:         -                80M (2%)           80M (2%)          201M (5%)     
[21.042s][info][gc,heap     ] GC(6) y: Reclaimed:         -                  -               130M (3%)         1669M (41%)    
[21.042s][info][gc,heap     ] GC(6) y:  Promoted:         -                  -                 0M (0%)            0M (0%)     
[21.042s][info][gc,heap     ] GC(6) y: Compacted:         -                  -                  -               116M (3%)     
[21.042s][info][gc,phases   ] GC(6) y: Young Generation 2368M(58%)->900M(22%) 0.130s
[21.042s][info][gc          ] GC(6) Minor Collection (Allocation Rate) 2368M(58%)->900M(22%) 0.130s
[24.055s][info][gc          ] GC(7) Major Collection (System.gc())
[24.055s][info][gc,task     ] GC(7) Using 4 Workers for Young Generation
[24.055s][info][gc,task     ] GC(7) Using 4 Workers for Old Generation
[24.056s][info][gc,phases   ] GC(7) Y: Young Generation (Promote All)
[24.056s][info][gc,phases   ] GC(7) Y: Pause Mark Start 0.012ms
[24.056s][info][safepoint   ] Safepoint "ZMarkStartYoung", Time since last: 3045188900 ns, Reaching safepoint: 5600 ns, At safepoint: 31000 ns, Leaving safepoint: 2600 ns, Total: 39200 ns, Threads: 0 runnable, 73 total
[24.114s][info][gc,phases   ] GC(7) Y: Concurrent Mark 58.878ms
[24.115s][info][gc,phases   ] GC(7) Y: Pause Mark End 0.013ms
[24.115s][info][safepoint   ] Safepoint "ZMarkEndYoung", Time since last: 58933100 ns, Reaching safepoint: 3700 ns, At safepoint: 33200 ns, Leaving safepoint: 2400 ns, Total: 39300 ns, Threads: 0 runnable, 73 total
[24.115s][info][gc,phases   ] GC(7) Y: Concurrent Mark Free 0.002ms
[24.115s][info][gc,phases   ] GC(7) Y: Concurrent Reset Relocation Set 0.014ms
[24.115s][info][gc,reloc    ] GC(7) Y: Using tenuring threshold: 0 (Promote All)
[24.127s][info][gc,phases   ] GC(7) Y: Concurrent Select Relocation Set 12.550ms
[24.127s][info][gc,phases   ] GC(7) Y: Pause Relocate Start 0.011ms
[24.127s][info][safepoint   ] Safepoint "ZRelocateStartYoung", Time since last: 12649000 ns, Reaching safepoint: 5100 ns, At safepoint: 33400 ns, Leaving safepoint: 2600 ns, Total: 41100 ns, Threads: 0 runnable, 73 total
[24.150s][info][gc,phases   ] GC(7) Y: Concurrent Relocate 23.210ms
[24.150s][info][gc,alloc    ] GC(7) Y:                         Mark Start        Mark End      Relocate Start    Relocate End   
[24.150s][info][gc,alloc    ] GC(7) Y: Allocation Stalls:          0                0                0                0         
[24.151s][info][gc,load     ] GC(7) Y: Load: 0.00 (0%) / 0.00 (0%) / 0.00 (0%)
[24.151s][info][gc,mmu      ] GC(7) Y: MMU: 2ms/98.7%, 5ms/99.5%, 10ms/99.7%, 20ms/99.9%, 50ms/99.9%, 100ms/100.0%
[24.151s][info][gc,marking  ] GC(7) Y: Mark: 4 stripe(s), 10 proactive flush(es), 1 terminate flush(es), 0 completion(s), 0 continuation(s) 
[24.151s][info][gc,nmethod  ] GC(7) Y: NMethods: 25676 registered, 4210 unregistered
[24.151s][info][gc,metaspace] GC(7) Y: Metaspace: 151M used, 152M committed, 1152M reserved
[24.151s][info][gc,reloc    ] GC(7) Y:                        Candidates     Selected     In-Place         Size        Empty    Relocated 
[24.151s][info][gc,reloc    ] GC(7) Y: Small Pages:                  489          176            0         978M         424M           7M 
[24.151s][info][gc,reloc    ] GC(7) Y: Medium Pages:                   2            1            0          64M           0M           5M 
[24.151s][info][gc,reloc    ] GC(7) Y: Large Pages:                    0            0            0           0M           0M           0M 
[24.151s][info][gc,reloc    ] GC(7) Y: Forwarding Usage: 2M
[24.151s][info][gc,reloc    ] GC(7) Y: Age Table:
[24.151s][info][gc,reloc    ] GC(7) Y:                    Live             Garbage             Small              Medium             Large        
[24.151s][info][gc,reloc    ] GC(7) Y: Eden               2M (0%)          721M (18%)        362 / 149            0 / 0              0 / 0        
[24.151s][info][gc,reloc    ] GC(7) Y: Survivor 1       108M (3%)           61M (2%)          69 / 13             1 / 0              0 / 0        
[24.151s][info][gc,reloc    ] GC(7) Y: Survivor 2        85M (2%)           62M (2%)          58 / 14             1 / 1              0 / 0        
[24.151s][info][gc,heap     ] GC(7) Y: Min Capacity: 8M(0%)
[24.151s][info][gc,heap     ] GC(7) Y: Max Capacity: 4096M(100%)
[24.151s][info][gc,heap     ] GC(7) Y: Soft Max Capacity: 4096M(100%)
[24.151s][info][gc,heap     ] GC(7) Y: Heap Statistics:
[24.151s][info][gc,heap     ] GC(7) Y:                Mark Start          Mark End        Relocate Start      Relocate End           High               Low         
[24.151s][info][gc,heap     ] GC(7) Y:  Capacity:     3348M (82%)        3348M (82%)        3348M (82%)        3348M (82%)        3348M (82%)        3348M (82%)    
[24.151s][info][gc,heap     ] GC(7) Y:      Free:     2564M (63%)        2550M (62%)        2974M (73%)        3356M (82%)        3356M (82%)        2550M (62%)    
[24.151s][info][gc,heap     ] GC(7) Y:      Used:     1532M (37%)        1546M (38%)        1122M (27%)         740M (18%)        1546M (38%)         740M (18%)    
[24.151s][info][gc,heap     ] GC(7) Y: Young Generation Statistics:
[24.151s][info][gc,heap     ] GC(7) Y:                Mark Start          Mark End        Relocate Start      Relocate End    
[24.151s][info][gc,heap     ] GC(7) Y:      Used:     1042M (25%)        1056M (26%)         444M (11%)          14M (0%)     
[24.151s][info][gc,heap     ] GC(7) Y:      Live:         -               196M (5%)           22M (1%)            0M (0%)     
[24.151s][info][gc,heap     ] GC(7) Y:   Garbage:         -               845M (21%)         407M (10%)           0M (0%)     
[24.151s][info][gc,heap     ] GC(7) Y: Allocated:         -                14M (0%)           14M (0%)           14M (0%)     
[24.151s][info][gc,heap     ] GC(7) Y: Reclaimed:         -                  -               437M (11%)         845M (21%)    
[24.151s][info][gc,heap     ] GC(7) Y:  Promoted:         -                  -               174M (4%)          196M (5%)     
[24.151s][info][gc,heap     ] GC(7) Y: Compacted:         -                  -                  -                 0M (0%)     
[24.151s][info][gc,phases   ] GC(7) Y: Young Generation (Promote All) 1532M(37%)->740M(18%) 0.095s
[24.151s][info][gc,phases   ] GC(7) Y: Young Generation (Collect Roots)
[24.151s][info][gc,phases   ] GC(7) Y: Pause Mark Start (Major) 0.010ms
[24.151s][info][safepoint   ] Safepoint "ZMarkStartYoungAndOld", Time since last: 23523400 ns, Reaching safepoint: 4500 ns, At safepoint: 20300 ns, Leaving safepoint: 2000 ns, Total: 26800 ns, Threads: 0 runnable, 73 total
[24.158s][info][gc,phases   ] GC(7) Y: Concurrent Mark 7.010ms
[24.158s][info][gc,phases   ] GC(7) Y: Pause Mark End 0.013ms
[24.158s][info][safepoint   ] Safepoint "ZMarkEndYoung", Time since last: 7058400 ns, Reaching safepoint: 4900 ns, At safepoint: 27100 ns, Leaving safepoint: 2700 ns, Total: 34700 ns, Threads: 0 runnable, 73 total
[24.158s][info][gc,phases   ] GC(7) Y: Concurrent Mark Free 0.002ms
[24.158s][info][gc,phases   ] GC(7) Y: Concurrent Reset Relocation Set 0.117ms
[24.158s][info][gc,reloc    ] GC(7) Y: Using tenuring threshold: 1 (Computed)
[24.158s][info][gc,phases   ] GC(7) Y: Concurrent Select Relocation Set 0.206ms
[24.158s][info][gc,phases   ] GC(7) Y: Pause Relocate Start 0.007ms
[24.158s][info][safepoint   ] Safepoint "ZRelocateStartYoung", Time since last: 407000 ns, Reaching safepoint: 2400 ns, At safepoint: 26100 ns, Leaving safepoint: 2200 ns, Total: 30700 ns, Threads: 0 runnable, 73 total
[24.158s][info][gc,phases   ] GC(7) Y: Concurrent Relocate 0.112ms
[24.158s][info][gc,alloc    ] GC(7) Y:                         Mark Start        Mark End      Relocate Start    Relocate End   
[24.158s][info][gc,alloc    ] GC(7) Y: Allocation Stalls:          0                0                0                0         
[24.158s][info][gc,load     ] GC(7) Y: Load: 0.00 (0%) / 0.00 (0%) / 0.00 (0%)
[24.158s][info][gc,mmu      ] GC(7) Y: MMU: 2ms/98.7%, 5ms/99.5%, 10ms/99.7%, 20ms/99.9%, 50ms/99.9%, 100ms/99.9%
[24.158s][info][gc,marking  ] GC(7) Y: Mark: 4 stripe(s), 2 proactive flush(es), 1 terminate flush(es), 0 completion(s), 0 continuation(s) 
[24.159s][info][gc,nmethod  ] GC(7) Y: NMethods: 25677 registered, 4210 unregistered
[24.159s][info][gc,metaspace] GC(7) Y: Metaspace: 151M used, 152M committed, 1152M reserved
[24.159s][info][gc,reloc    ] GC(7) Y:                        Candidates     Selected     In-Place         Size        Empty    Relocated 
[24.159s][info][gc,reloc    ] GC(7) Y: Small Pages:                    7            4            0          14M           4M           0M 
[24.159s][info][gc,reloc    ] GC(7) Y: Medium Pages:                   0            0            0           0M           0M           0M 
[24.159s][info][gc,reloc    ] GC(7) Y: Large Pages:                    0            0            0           0M           0M           0M 
[24.159s][info][gc,reloc    ] GC(7) Y: Forwarding Usage: 0M
[24.159s][info][gc,reloc    ] GC(7) Y: Age Table:
[24.159s][info][gc,reloc    ] GC(7) Y:                    Live             Garbage             Small              Medium             Large        
[24.159s][info][gc,reloc    ] GC(7) Y: Eden               0M (0%)           13M (0%)           7 / 4              0 / 0              0 / 0        
[24.159s][info][gc,heap     ] GC(7) Y: Min Capacity: 8M(0%)
[24.159s][info][gc,heap     ] GC(7) Y: Max Capacity: 4096M(100%)
[24.159s][info][gc,heap     ] GC(7) Y: Soft Max Capacity: 4096M(100%)
[24.159s][info][gc,heap     ] GC(7) Y: Heap Statistics:
[24.159s][info][gc,heap     ] GC(7) Y:                Mark Start          Mark End        Relocate Start      Relocate End           High               Low         
[24.159s][info][gc,heap     ] GC(7) Y:  Capacity:     3348M (82%)        3348M (82%)        3348M (82%)        3348M (82%)        3348M (82%)        3348M (82%)    
[24.159s][info][gc,heap     ] GC(7) Y:      Free:     3356M (82%)        3350M (82%)        3354M (82%)        3356M (82%)        3356M (82%)        3348M (82%)    
[24.159s][info][gc,heap     ] GC(7) Y:      Used:      740M (18%)         746M (18%)         742M (18%)         740M (18%)         748M (18%)         740M (18%)    
[24.159s][info][gc,heap     ] GC(7) Y: Young Generation Statistics:
[24.159s][info][gc,heap     ] GC(7) Y:                Mark Start          Mark End        Relocate Start      Relocate End    
[24.159s][info][gc,heap     ] GC(7) Y:      Used:       14M (0%)           20M (0%)           16M (0%)           14M (0%)     
[24.159s][info][gc,heap     ] GC(7) Y:      Live:         -                 0M (0%)            0M (0%)            0M (0%)     
[24.159s][info][gc,heap     ] GC(7) Y:   Garbage:         -                13M (0%)            9M (0%)            0M (0%)     
[24.159s][info][gc,heap     ] GC(7) Y: Allocated:         -                 6M (0%)            6M (0%)           13M (0%)     
[24.159s][info][gc,heap     ] GC(7) Y: Reclaimed:         -                  -                 4M (0%)           13M (0%)     
[24.159s][info][gc,heap     ] GC(7) Y:  Promoted:         -                  -                 0M (0%)            0M (0%)     
[24.159s][info][gc,heap     ] GC(7) Y: Compacted:         -                  -                  -                 0M (0%)     
[24.159s][info][gc,phases   ] GC(7) Y: Young Generation (Collect Roots) 740M(18%)->740M(18%) 0.008s
[24.159s][info][gc,phases   ] GC(7) O: Old Generation
[24.304s][info][gc,phases   ] GC(7) O: Concurrent Mark 145.727ms
[24.305s][info][gc,phases   ] GC(7) O: Pause Mark End 0.012ms
[24.305s][info][safepoint   ] Safepoint "ZMarkEndOld", Time since last: 146177300 ns, Reaching safepoint: 13500 ns, At safepoint: 33600 ns, Leaving safepoint: 4000 ns, Total: 51100 ns, Threads: 1 runnable, 71 total
[24.305s][info][gc,phases   ] GC(7) O: Concurrent Mark Free 0.002ms
[24.327s][info][gc,phases   ] GC(7) O: Concurrent Process Non-Strong 22.808ms
[24.327s][info][gc,phases   ] GC(7) O: Concurrent Reset Relocation Set 0.001ms
[24.330s][info][gc,phases   ] GC(7) O: Concurrent Select Relocation Set 2.280ms
[24.330s][info][gc,task     ] GC(7) O: Using 4 Workers for Old Generation
[24.335s][info][gc,task     ] GC(7) O: Using 4 Workers for Old Generation
[24.335s][info][gc,phases   ] GC(7) O: Concurrent Remap Roots 5.175ms
[24.335s][info][gc,phases   ] GC(7) O: Pause Relocate Start 0.009ms
[24.335s][info][safepoint   ] Safepoint "ZRelocateStartOld", Time since last: 30386500 ns, Reaching safepoint: 25700 ns, At safepoint: 31700 ns, Leaving safepoint: 8000 ns, Total: 65400 ns, Threads: 2 runnable, 70 total
[24.362s][info][gc,phases   ] GC(7) O: Concurrent Relocate 26.889ms
[24.362s][info][gc,alloc    ] GC(7) O:                         Mark Start        Mark End      Relocate Start    Relocate End   
[24.362s][info][gc,alloc    ] GC(7) O: Allocation Stalls:          0                0                0                0         
[24.362s][info][gc,load     ] GC(7) O: Load: 0.00 (0%) / 0.00 (0%) / 0.00 (0%)
[24.362s][info][gc,mmu      ] GC(7) O: MMU: 2ms/98.7%, 5ms/99.5%, 10ms/99.7%, 20ms/99.9%, 50ms/99.9%, 100ms/99.9%
[24.362s][info][gc,marking  ] GC(7) O: Mark: 4 stripe(s), 2 proactive flush(es), 1 terminate flush(es), 0 completion(s), 0 continuation(s) 
[24.362s][info][gc,nmethod  ] GC(7) O: NMethods: 22892 registered, 7068 unregistered
[24.362s][info][gc,metaspace] GC(7) O: Metaspace: 151M used, 152M committed, 1152M reserved
[24.362s][info][gc,ref      ] GC(7) O:                       Encountered   Discovered     Enqueued 
[24.362s][info][gc,ref      ] GC(7) O: Soft References:             5376            0            0 
[24.362s][info][gc,ref      ] GC(7) O: Weak References:            60211        32346        23644 
[24.362s][info][gc,ref      ] GC(7) O: Final References:              57            2            2 
[24.362s][info][gc,ref      ] GC(7) O: Phantom References:         10145        10021         8924 
[24.362s][info][gc,reloc    ] GC(7) O:                        Candidates     Selected     In-Place         Size        Empty    Relocated 
[24.362s][info][gc,reloc    ] GC(7) O: Small Pages:                  277           34            0         554M           6M          23M 
[24.362s][info][gc,reloc    ] GC(7) O: Medium Pages:                   5            3            0         160M           0M          18M 
[24.362s][info][gc,reloc    ] GC(7) O: Large Pages:                    1            0            0          12M           0M           0M 
[24.362s][info][gc,reloc    ] GC(7) O: Forwarding Usage: 32M
[24.362s][info][gc,heap     ] GC(7) O: Min Capacity: 8M(0%)
[24.362s][info][gc,heap     ] GC(7) O: Max Capacity: 4096M(100%)
[24.362s][info][gc,heap     ] GC(7) O: Soft Max Capacity: 4096M(100%)
[24.362s][info][gc,heap     ] GC(7) O: Heap Statistics:
[24.362s][info][gc,heap     ] GC(7) O:                Mark Start          Mark End        Relocate Start      Relocate End           High               Low         
[24.362s][info][gc,heap     ] GC(7) O:  Capacity:     3348M (82%)        3348M (82%)        3348M (82%)        3348M (82%)        3348M (82%)        3348M (82%)    
[24.362s][info][gc,heap     ] GC(7) O:      Free:     3356M (82%)        3342M (82%)        3344M (82%)        3496M (85%)        3496M (85%)        3300M (81%)    
[24.362s][info][gc,heap     ] GC(7) O:      Used:      740M (18%)         754M (18%)         752M (18%)         600M (15%)         796M (19%)         600M (15%)    
[24.362s][info][gc,heap     ] GC(7) O: Old Generation Statistics:
[24.362s][info][gc,heap     ] GC(7) O:                Mark Start          Mark End        Relocate Start      Relocate End    
[24.362s][info][gc,heap     ] GC(7) O:      Used:      726M (18%)         726M (18%)         720M (18%)         566M (14%)    
[24.362s][info][gc,heap     ] GC(7) O:      Live:         -               491M (12%)         491M (12%)         491M (12%)    
[24.362s][info][gc,heap     ] GC(7) O:   Garbage:         -               234M (6%)          228M (6%)           38M (1%)     
[24.362s][info][gc,heap     ] GC(7) O: Allocated:         -                 0M (0%)            0M (0%)           36M (1%)     
[24.362s][info][gc,heap     ] GC(7) O: Reclaimed:         -                  -                 6M (0%)          196M (5%)     
[24.362s][info][gc,heap     ] GC(7) O: Compacted:         -                  -                  -               109M (3%)     
[24.362s][info][gc,phases   ] GC(7) O: Old Generation 740M(18%)->600M(15%) 0.203s
[24.362s][info][gc          ] GC(7) Major Collection (System.gc()) 1532M(37%)->600M(15%) 0.307s
[24.369s][info][safepoint   ] Safepoint "CleanClassLoaderDataMetaspaces", Time since last: 33332500 ns, Reaching safepoint: 128400 ns, At safepoint: 124700 ns, Leaving safepoint: 800 ns, Total: 253900 ns, Threads: 0 runnable, 67 total
[29.364s][info][gc          ] GC(8) Major Collection (System.gc())
[29.364s][info][gc,task     ] GC(8) Using 4 Workers for Young Generation
[29.364s][info][gc,task     ] GC(8) Using 4 Workers for Old Generation
[29.364s][info][gc,phases   ] GC(8) Y: Young Generation (Promote All)
[29.364s][info][gc,phases   ] GC(8) Y: Pause Mark Start 0.012ms
[29.364s][info][safepoint   ] Safepoint "ZMarkStartYoung", Time since last: 4995595000 ns, Reaching safepoint: 4700 ns, At safepoint: 35000 ns, Leaving safepoint: 2900 ns, Total: 42600 ns, Threads: 0 runnable, 64 total
[29.373s][info][gc,phases   ] GC(8) Y: Concurrent Mark 8.617ms
[29.373s][info][gc,phases   ] GC(8) Y: Pause Mark End 0.011ms
[29.373s][info][safepoint   ] Safepoint "ZMarkEndYoung", Time since last: 8662800 ns, Reaching safepoint: 2700 ns, At safepoint: 31700 ns, Leaving safepoint: 2200 ns, Total: 36600 ns, Threads: 0 runnable, 64 total
[29.373s][info][gc,phases   ] GC(8) Y: Concurrent Mark Free 0.001ms
[29.373s][info][gc,phases   ] GC(8) Y: Concurrent Reset Relocation Set 0.001ms
[29.373s][info][gc,reloc    ] GC(8) Y: Using tenuring threshold: 0 (Promote All)
[29.373s][info][gc,phases   ] GC(8) Y: Concurrent Select Relocation Set 0.259ms
[29.373s][info][gc,phases   ] GC(8) Y: Pause Relocate Start 0.005ms
[29.373s][info][safepoint   ] Safepoint "ZRelocateStartYoung", Time since last: 325100 ns, Reaching safepoint: 1400 ns, At safepoint: 15600 ns, Leaving safepoint: 1700 ns, Total: 18700 ns, Threads: 0 runnable, 64 total
[29.373s][info][gc,phases   ] GC(8) Y: Concurrent Relocate 0.217ms
[29.374s][info][gc,alloc    ] GC(8) Y:                         Mark Start        Mark End      Relocate Start    Relocate End   
[29.374s][info][gc,alloc    ] GC(8) Y: Allocation Stalls:          0                0                0                0         
[29.374s][info][gc,load     ] GC(8) Y: Load: 0.00 (0%) / 0.00 (0%) / 0.00 (0%)
[29.374s][info][gc,mmu      ] GC(8) Y: MMU: 2ms/98.7%, 5ms/99.5%, 10ms/99.7%, 20ms/99.9%, 50ms/99.9%, 100ms/99.9%
[29.374s][info][gc,marking  ] GC(8) Y: Mark: 4 stripe(s), 2 proactive flush(es), 1 terminate flush(es), 0 completion(s), 0 continuation(s) 
[29.374s][info][gc,nmethod  ] GC(8) Y: NMethods: 23514 registered, 7068 unregistered
[29.374s][info][gc,metaspace] GC(8) Y: Metaspace: 151M used, 152M committed, 1152M reserved
[29.374s][info][gc,reloc    ] GC(8) Y:                        Candidates     Selected     In-Place         Size        Empty    Relocated 
[29.374s][info][gc,reloc    ] GC(8) Y: Small Pages:                   71           56            0         142M          28M           0M 
[29.374s][info][gc,reloc    ] GC(8) Y: Medium Pages:                   0            0            0           0M           0M           0M 
[29.374s][info][gc,reloc    ] GC(8) Y: Large Pages:                    0            0            0           0M           0M           0M 
[29.374s][info][gc,reloc    ] GC(8) Y: Forwarding Usage: 0M
[29.374s][info][gc,reloc    ] GC(8) Y: Age Table:
[29.374s][info][gc,reloc    ] GC(8) Y:                    Live             Garbage             Small              Medium             Large        
[29.374s][info][gc,reloc    ] GC(8) Y: Eden               0M (0%)          133M (3%)          67 / 54             0 / 0              0 / 0        
[29.374s][info][gc,reloc    ] GC(8) Y: Survivor 1         0M (0%)            7M (0%)           4 / 2              0 / 0              0 / 0        
[29.374s][info][gc,heap     ] GC(8) Y: Min Capacity: 8M(0%)
[29.374s][info][gc,heap     ] GC(8) Y: Max Capacity: 4096M(100%)
[29.374s][info][gc,heap     ] GC(8) Y: Soft Max Capacity: 4096M(100%)
[29.374s][info][gc,heap     ] GC(8) Y: Heap Statistics:
[29.374s][info][gc,heap     ] GC(8) Y:                Mark Start          Mark End        Relocate Start      Relocate End           High               Low         
[29.374s][info][gc,heap     ] GC(8) Y:  Capacity:     3348M (82%)        3348M (82%)        3348M (82%)        3348M (82%)        3348M (82%)        3348M (82%)    
[29.374s][info][gc,heap     ] GC(8) Y:      Free:     3388M (83%)        3382M (83%)        3410M (83%)        3516M (86%)        3516M (86%)        3382M (83%)    
[29.374s][info][gc,heap     ] GC(8) Y:      Used:      708M (17%)         714M (17%)         686M (17%)         580M (14%)         714M (17%)         580M (14%)    
[29.374s][info][gc,heap     ] GC(8) Y: Young Generation Statistics:
[29.374s][info][gc,heap     ] GC(8) Y:                Mark Start          Mark End        Relocate Start      Relocate End    
[29.374s][info][gc,heap     ] GC(8) Y:      Used:      142M (3%)          148M (4%)          120M (3%)            6M (0%)     
[29.374s][info][gc,heap     ] GC(8) Y:      Live:         -                 0M (0%)            0M (0%)            0M (0%)     
[29.374s][info][gc,heap     ] GC(8) Y:   Garbage:         -               141M (3%)          113M (3%)            0M (0%)     
[29.374s][info][gc,heap     ] GC(8) Y: Allocated:         -                 6M (0%)            6M (0%)            6M (0%)     
[29.374s][info][gc,heap     ] GC(8) Y: Reclaimed:         -                  -                28M (1%)          141M (3%)     
[29.374s][info][gc,heap     ] GC(8) Y:  Promoted:         -                  -                 0M (0%)            0M (0%)     
[29.374s][info][gc,heap     ] GC(8) Y: Compacted:         -                  -                  -                 0M (0%)     
[29.374s][info][gc,phases   ] GC(8) Y: Young Generation (Promote All) 708M(17%)->580M(14%) 0.009s
[29.374s][info][gc,phases   ] GC(8) Y: Young Generation (Collect Roots)
[29.374s][info][gc,phases   ] GC(8) Y: Pause Mark Start (Major) 0.009ms
[29.374s][info][safepoint   ] Safepoint "ZMarkStartYoungAndOld", Time since last: 503800 ns, Reaching safepoint: 2000 ns, At safepoint: 29700 ns, Leaving safepoint: 2400 ns, Total: 34100 ns, Threads: 0 runnable, 64 total
[29.379s][info][gc,phases   ] GC(8) Y: Concurrent Mark 5.535ms
[29.379s][info][gc,phases   ] GC(8) Y: Pause Mark End 0.007ms
[29.379s][info][safepoint   ] Safepoint "ZMarkEndYoung", Time since last: 5578300 ns, Reaching safepoint: 15500 ns, At safepoint: 25500 ns, Leaving safepoint: 3700 ns, Total: 44700 ns, Threads: 1 runnable, 64 total
[29.379s][info][gc,phases   ] GC(8) Y: Concurrent Mark Free 0.001ms
[29.379s][info][gc,phases   ] GC(8) Y: Concurrent Reset Relocation Set 0.001ms
[29.379s][info][gc,reloc    ] GC(8) Y: Using tenuring threshold: 1 (Computed)
[29.380s][info][gc,phases   ] GC(8) Y: Concurrent Select Relocation Set 0.102ms
[29.380s][info][gc,phases   ] GC(8) Y: Pause Relocate Start 0.004ms
[29.380s][info][safepoint   ] Safepoint "ZRelocateStartYoung", Time since last: 172900 ns, Reaching safepoint: 21500 ns, At safepoint: 13400 ns, Leaving safepoint: 3100 ns, Total: 38000 ns, Threads: 1 runnable, 64 total
[29.380s][info][gc,phases   ] GC(8) Y: Concurrent Relocate 0.039ms
[29.380s][info][gc,alloc    ] GC(8) Y:                         Mark Start        Mark End      Relocate Start    Relocate End   
[29.380s][info][gc,alloc    ] GC(8) Y: Allocation Stalls:          0                0                0                0         
[29.380s][info][gc,load     ] GC(8) Y: Load: 0.00 (0%) / 0.00 (0%) / 0.00 (0%)
[29.380s][info][gc,mmu      ] GC(8) Y: MMU: 2ms/98.7%, 5ms/99.5%, 10ms/99.6%, 20ms/99.8%, 50ms/99.9%, 100ms/99.9%
[29.380s][info][gc,marking  ] GC(8) Y: Mark: 4 stripe(s), 1 proactive flush(es), 1 terminate flush(es), 0 completion(s), 0 continuation(s) 
[29.380s][info][gc,nmethod  ] GC(8) Y: NMethods: 23514 registered, 7068 unregistered
[29.380s][info][gc,metaspace] GC(8) Y: Metaspace: 151M used, 152M committed, 1152M reserved
[29.380s][info][gc,reloc    ] GC(8) Y:                        Candidates     Selected     In-Place         Size        Empty    Relocated 
[29.380s][info][gc,reloc    ] GC(8) Y: Small Pages:                    3            0            0           6M           4M           0M 
[29.380s][info][gc,reloc    ] GC(8) Y: Medium Pages:                   0            0            0           0M           0M           0M 
[29.380s][info][gc,reloc    ] GC(8) Y: Large Pages:                    0            0            0           0M           0M           0M 
[29.380s][info][gc,reloc    ] GC(8) Y: Forwarding Usage: 0M
[29.380s][info][gc,reloc    ] GC(8) Y: Age Table:
[29.380s][info][gc,reloc    ] GC(8) Y:                    Live             Garbage             Small              Medium             Large        
[29.380s][info][gc,reloc    ] GC(8) Y: Eden               0M (0%)            5M (0%)           3 / 0              0 / 0              0 / 0        
[29.380s][info][gc,heap     ] GC(8) Y: Min Capacity: 8M(0%)
[29.380s][info][gc,heap     ] GC(8) Y: Max Capacity: 4096M(100%)
[29.380s][info][gc,heap     ] GC(8) Y: Soft Max Capacity: 4096M(100%)
[29.380s][info][gc,heap     ] GC(8) Y: Heap Statistics:
[29.380s][info][gc,heap     ] GC(8) Y:                Mark Start          Mark End        Relocate Start      Relocate End           High               Low         
[29.380s][info][gc,heap     ] GC(8) Y:  Capacity:     3348M (82%)        3348M (82%)        3348M (82%)        3348M (82%)        3348M (82%)        3348M (82%)    
[29.380s][info][gc,heap     ] GC(8) Y:      Free:     3516M (86%)        3514M (86%)        3514M (86%)        3514M (86%)        3516M (86%)        3512M (86%)    
[29.380s][info][gc,heap     ] GC(8) Y:      Used:      580M (14%)         582M (14%)         582M (14%)         582M (14%)         584M (14%)         580M (14%)    
[29.380s][info][gc,heap     ] GC(8) Y: Young Generation Statistics:
[29.380s][info][gc,heap     ] GC(8) Y:                Mark Start          Mark End        Relocate Start      Relocate End    
[29.380s][info][gc,heap     ] GC(8) Y:      Used:        6M (0%)            8M (0%)            8M (0%)            8M (0%)     
[29.380s][info][gc,heap     ] GC(8) Y:      Live:         -                 0M (0%)            0M (0%)            0M (0%)     
[29.380s][info][gc,heap     ] GC(8) Y:   Garbage:         -                 5M (0%)            1M (0%)            1M (0%)     
[29.380s][info][gc,heap     ] GC(8) Y: Allocated:         -                 2M (0%)            6M (0%)            6M (0%)     
[29.380s][info][gc,heap     ] GC(8) Y: Reclaimed:         -                  -                 4M (0%)            4M (0%)     
[29.380s][info][gc,heap     ] GC(8) Y:  Promoted:         -                  -                 0M (0%)            0M (0%)     
[29.380s][info][gc,heap     ] GC(8) Y: Compacted:         -                  -                  -                 0M (0%)     
[29.380s][info][gc,phases   ] GC(8) Y: Young Generation (Collect Roots) 580M(14%)->582M(14%) 0.006s
[29.380s][info][gc,phases   ] GC(8) O: Old Generation
[29.542s][info][gc,phases   ] GC(8) O: Concurrent Mark 161.728ms
[29.542s][info][gc,phases   ] GC(8) O: Pause Mark End 0.013ms
[29.542s][info][safepoint   ] Safepoint "ZMarkEndOld", Time since last: 162186300 ns, Reaching safepoint: 13700 ns, At safepoint: 34000 ns, Leaving safepoint: 3600 ns, Total: 51300 ns, Threads: 1 runnable, 64 total
[29.542s][info][gc,phases   ] GC(8) O: Concurrent Mark Free 0.002ms
[29.550s][info][gc,phases   ] GC(8) O: Concurrent Process Non-Strong 8.544ms
[29.550s][info][gc,phases   ] GC(8) O: Concurrent Reset Relocation Set 0.002ms
[29.552s][info][gc,phases   ] GC(8) O: Concurrent Select Relocation Set 1.375ms
[29.552s][info][gc,task     ] GC(8) O: Using 4 Workers for Old Generation
[29.557s][info][gc,task     ] GC(8) O: Using 4 Workers for Old Generation
[29.557s][info][gc,phases   ] GC(8) O: Concurrent Remap Roots 4.932ms
[29.557s][info][gc,phases   ] GC(8) O: Pause Relocate Start 0.009ms
[29.557s][info][safepoint   ] Safepoint "ZRelocateStartOld", Time since last: 14967400 ns, Reaching safepoint: 3700 ns, At safepoint: 30100 ns, Leaving safepoint: 2100 ns, Total: 35900 ns, Threads: 0 runnable, 64 total
[29.560s][info][gc,phases   ] GC(8) O: Concurrent Relocate 2.710ms
[29.560s][info][gc,alloc    ] GC(8) O:                         Mark Start        Mark End      Relocate Start    Relocate End   
[29.560s][info][gc,alloc    ] GC(8) O: Allocation Stalls:          0                0                0                0         
[29.560s][info][gc,load     ] GC(8) O: Load: 0.00 (0%) / 0.00 (0%) / 0.00 (0%)
[29.560s][info][gc,mmu      ] GC(8) O: MMU: 2ms/98.7%, 5ms/99.5%, 10ms/99.6%, 20ms/99.8%, 50ms/99.9%, 100ms/99.9%
[29.560s][info][gc,marking  ] GC(8) O: Mark: 4 stripe(s), 10 proactive flush(es), 1 terminate flush(es), 0 completion(s), 0 continuation(s) 
[29.560s][info][gc,nmethod  ] GC(8) O: NMethods: 23305 registered, 7287 unregistered
[29.560s][info][gc,metaspace] GC(8) O: Metaspace: 151M used, 152M committed, 1152M reserved
[29.560s][info][gc,ref      ] GC(8) O:                       Encountered   Discovered     Enqueued 
[29.560s][info][gc,ref      ] GC(8) O: Soft References:             5376            0            0 
[29.560s][info][gc,ref      ] GC(8) O: Weak References:            36568        14516           10 
[29.560s][info][gc,ref      ] GC(8) O: Final References:              55            0            0 
[29.560s][info][gc,ref      ] GC(8) O: Phantom References:          1225          330            7 
[29.560s][info][gc,reloc    ] GC(8) O:                        Candidates     Selected     In-Place         Size        Empty    Relocated 
[29.560s][info][gc,reloc    ] GC(8) O: Small Pages:                  249           16            0         498M           0M           3M 
[29.560s][info][gc,reloc    ] GC(8) O: Medium Pages:                   2            0            0          64M           0M           0M 
[29.560s][info][gc,reloc    ] GC(8) O: Large Pages:                    1            0            0          12M           0M           0M 
[29.560s][info][gc,reloc    ] GC(8) O: Forwarding Usage: 3M
[29.560s][info][gc,heap     ] GC(8) O: Min Capacity: 8M(0%)
[29.560s][info][gc,heap     ] GC(8) O: Max Capacity: 4096M(100%)
[29.560s][info][gc,heap     ] GC(8) O: Soft Max Capacity: 4096M(100%)
[29.560s][info][gc,heap     ] GC(8) O: Heap Statistics:
[29.560s][info][gc,heap     ] GC(8) O:                Mark Start          Mark End        Relocate Start      Relocate End           High               Low         
[29.560s][info][gc,heap     ] GC(8) O:  Capacity:     3348M (82%)        3348M (82%)        3348M (82%)        3348M (82%)        3348M (82%)        3348M (82%)    
[29.560s][info][gc,heap     ] GC(8) O:      Free:     3516M (86%)        3506M (86%)        3506M (86%)        3534M (86%)        3534M (86%)        3496M (85%)    
[29.560s][info][gc,heap     ] GC(8) O:      Used:      580M (14%)         590M (14%)         590M (14%)         562M (14%)         600M (15%)         562M (14%)    
[29.560s][info][gc,heap     ] GC(8) O: Old Generation Statistics:
[29.560s][info][gc,heap     ] GC(8) O:                Mark Start          Mark End        Relocate Start      Relocate End    
[29.560s][info][gc,heap     ] GC(8) O:      Used:      574M (14%)         574M (14%)         574M (14%)         546M (13%)    
[29.560s][info][gc,heap     ] GC(8) O:      Live:         -               486M (12%)         486M (12%)         486M (12%)    
[29.560s][info][gc,heap     ] GC(8) O:   Garbage:         -                87M (2%)           87M (2%)           53M (1%)     
[29.560s][info][gc,heap     ] GC(8) O: Allocated:         -                 0M (0%)            0M (0%)            5M (0%)     
[29.560s][info][gc,heap     ] GC(8) O: Reclaimed:         -                  -                 0M (0%)           33M (1%)     
[29.560s][info][gc,heap     ] GC(8) O: Compacted:         -                  -                  -                12M (0%)     
[29.560s][info][gc,phases   ] GC(8) O: Old Generation 582M(14%)->562M(14%) 0.180s
[29.560s][info][gc          ] GC(8) Major Collection (System.gc()) 708M(17%)->562M(14%) 0.196s
[34.561s][info][gc          ] GC(9) Major Collection (System.gc())
[34.561s][info][gc,task     ] GC(9) Using 4 Workers for Young Generation
[34.561s][info][gc,task     ] GC(9) Using 4 Workers for Old Generation
[34.561s][info][gc,phases   ] GC(9) Y: Young Generation (Promote All)
[34.561s][info][gc,phases   ] GC(9) Y: Pause Mark Start 0.014ms
[34.561s][info][safepoint   ] Safepoint "ZMarkStartYoung", Time since last: 5003932500 ns, Reaching safepoint: 8500 ns, At safepoint: 50900 ns, Leaving safepoint: 6100 ns, Total: 65500 ns, Threads: 0 runnable, 64 total
[34.570s][info][gc,phases   ] GC(9) Y: Concurrent Mark 8.755ms
[34.570s][info][gc,phases   ] GC(9) Y: Pause Mark End 0.018ms
[34.570s][info][safepoint   ] Safepoint "ZMarkEndYoung", Time since last: 8868300 ns, Reaching safepoint: 5000 ns, At safepoint: 33500 ns, Leaving safepoint: 3000 ns, Total: 41500 ns, Threads: 0 runnable, 64 total
[34.570s][info][gc,phases   ] GC(9) Y: Concurrent Mark Free 0.002ms
[34.570s][info][gc,phases   ] GC(9) Y: Concurrent Reset Relocation Set 0.000ms
[34.570s][info][gc,reloc    ] GC(9) Y: Using tenuring threshold: 0 (Promote All)
[34.570s][info][gc,phases   ] GC(9) Y: Concurrent Select Relocation Set 0.237ms
[34.570s][info][gc,phases   ] GC(9) Y: Pause Relocate Start 0.010ms
[34.570s][info][safepoint   ] Safepoint "ZRelocateStartYoung", Time since last: 317400 ns, Reaching safepoint: 24600 ns, At safepoint: 33800 ns, Leaving safepoint: 4600 ns, Total: 63000 ns, Threads: 1 runnable, 64 total
[34.570s][info][gc,phases   ] GC(9) Y: Concurrent Relocate 0.246ms
[34.570s][info][gc,alloc    ] GC(9) Y:                         Mark Start        Mark End      Relocate Start    Relocate End   
[34.570s][info][gc,alloc    ] GC(9) Y: Allocation Stalls:          0                0                0                0         
[34.570s][info][gc,load     ] GC(9) Y: Load: 0.00 (0%) / 0.00 (0%) / 0.00 (0%)
[34.570s][info][gc,mmu      ] GC(9) Y: MMU: 2ms/98.6%, 5ms/99.4%, 10ms/99.6%, 20ms/99.8%, 50ms/99.9%, 100ms/99.9%
[34.570s][info][gc,marking  ] GC(9) Y: Mark: 4 stripe(s), 2 proactive flush(es), 1 terminate flush(es), 0 completion(s), 0 continuation(s) 
[34.570s][info][gc,nmethod  ] GC(9) Y: NMethods: 23680 registered, 7287 unregistered
[34.571s][info][gc,metaspace] GC(9) Y: Metaspace: 151M used, 153M committed, 1216M reserved
[34.571s][info][gc,reloc    ] GC(9) Y:                        Candidates     Selected     In-Place         Size        Empty    Relocated 
[34.571s][info][gc,reloc    ] GC(9) Y: Small Pages:                   72           49            0         144M          44M           0M 
[34.571s][info][gc,reloc    ] GC(9) Y: Medium Pages:                   0            0            0           0M           0M           0M 
[34.571s][info][gc,reloc    ] GC(9) Y: Large Pages:                    0            0            0           0M           0M           0M 
[34.571s][info][gc,reloc    ] GC(9) Y: Forwarding Usage: 0M
[34.571s][info][gc,reloc    ] GC(9) Y: Age Table:
[34.571s][info][gc,reloc    ] GC(9) Y:                    Live             Garbage             Small              Medium             Large        
[34.571s][info][gc,reloc    ] GC(9) Y: Eden               0M (0%)          141M (3%)          71 / 49             0 / 0              0 / 0        
[34.571s][info][gc,reloc    ] GC(9) Y: Survivor 1          -                 2M (0%)           1 / 0              0 / 0              0 / 0        
[34.571s][info][gc,heap     ] GC(9) Y: Min Capacity: 8M(0%)
[34.571s][info][gc,heap     ] GC(9) Y: Max Capacity: 4096M(100%)
[34.571s][info][gc,heap     ] GC(9) Y: Soft Max Capacity: 4096M(100%)
[34.571s][info][gc,heap     ] GC(9) Y: Heap Statistics:
[34.571s][info][gc,heap     ] GC(9) Y:                Mark Start          Mark End        Relocate Start      Relocate End           High               Low         
[34.571s][info][gc,heap     ] GC(9) Y:  Capacity:     3348M (82%)        3348M (82%)        3348M (82%)        3348M (82%)        3348M (82%)        3348M (82%)    
[34.571s][info][gc,heap     ] GC(9) Y:      Free:     3406M (83%)        3400M (83%)        3444M (84%)        3536M (86%)        3536M (86%)        3400M (83%)    
[34.571s][info][gc,heap     ] GC(9) Y:      Used:      690M (17%)         696M (17%)         652M (16%)         560M (14%)         696M (17%)         560M (14%)    
[34.571s][info][gc,heap     ] GC(9) Y: Young Generation Statistics:
[34.571s][info][gc,heap     ] GC(9) Y:                Mark Start          Mark End        Relocate Start      Relocate End    
[34.571s][info][gc,heap     ] GC(9) Y:      Used:      144M (4%)          150M (4%)          106M (3%)            6M (0%)     
[34.571s][info][gc,heap     ] GC(9) Y:      Live:         -                 0M (0%)            0M (0%)            0M (0%)     
[34.571s][info][gc,heap     ] GC(9) Y:   Garbage:         -               143M (4%)           99M (2%)            0M (0%)     
[34.571s][info][gc,heap     ] GC(9) Y: Allocated:         -                 6M (0%)            6M (0%)            6M (0%)     
[34.571s][info][gc,heap     ] GC(9) Y: Reclaimed:         -                  -                44M (1%)          143M (4%)     
[34.571s][info][gc,heap     ] GC(9) Y:  Promoted:         -                  -                 0M (0%)            0M (0%)     
[34.571s][info][gc,heap     ] GC(9) Y: Compacted:         -                  -                  -                 0M (0%)     
[34.571s][info][gc,phases   ] GC(9) Y: Young Generation (Promote All) 690M(17%)->560M(14%) 0.010s
[34.571s][info][gc,phases   ] GC(9) Y: Young Generation (Collect Roots)
[34.571s][info][gc,phases   ] GC(9) Y: Pause Mark Start (Major) 0.013ms
[34.571s][info][safepoint   ] Safepoint "ZMarkStartYoungAndOld", Time since last: 637200 ns, Reaching safepoint: 3500 ns, At safepoint: 37200 ns, Leaving safepoint: 6100 ns, Total: 46800 ns, Threads: 2 runnable, 64 total
[34.577s][info][gc,phases   ] GC(9) Y: Concurrent Mark 6.588ms
[34.578s][info][gc,phases   ] GC(9) Y: Pause Mark End 0.014ms
[34.578s][info][safepoint   ] Safepoint "ZMarkEndYoung", Time since last: 6642700 ns, Reaching safepoint: 3900 ns, At safepoint: 35500 ns, Leaving safepoint: 4500 ns, Total: 43900 ns, Threads: 0 runnable, 64 total
[34.578s][info][gc,phases   ] GC(9) Y: Concurrent Mark Free 0.001ms
[34.578s][info][gc,phases   ] GC(9) Y: Concurrent Reset Relocation Set 0.001ms
[34.578s][info][gc,reloc    ] GC(9) Y: Using tenuring threshold: 1 (Computed)
[34.578s][info][gc,phases   ] GC(9) Y: Concurrent Select Relocation Set 0.108ms
[34.578s][info][gc,phases   ] GC(9) Y: Pause Relocate Start 0.006ms
[34.578s][info][safepoint   ] Safepoint "ZRelocateStartYoung", Time since last: 196100 ns, Reaching safepoint: 13800 ns, At safepoint: 28500 ns, Leaving safepoint: 8400 ns, Total: 50700 ns, Threads: 1 runnable, 64 total
[34.578s][info][gc,phases   ] GC(9) Y: Concurrent Relocate 0.069ms
[34.578s][info][gc,alloc    ] GC(9) Y:                         Mark Start        Mark End      Relocate Start    Relocate End   
[34.578s][info][gc,alloc    ] GC(9) Y: Allocation Stalls:          0                0                0                0         
[34.578s][info][gc,load     ] GC(9) Y: Load: 0.00 (0%) / 0.00 (0%) / 0.00 (0%)
[34.578s][info][gc,mmu      ] GC(9) Y: MMU: 2ms/98.0%, 5ms/99.2%, 10ms/99.4%, 20ms/99.6%, 50ms/99.9%, 100ms/99.9%
[34.578s][info][gc,marking  ] GC(9) Y: Mark: 4 stripe(s), 2 proactive flush(es), 1 terminate flush(es), 0 completion(s), 0 continuation(s) 
[34.578s][info][gc,nmethod  ] GC(9) Y: NMethods: 23681 registered, 7287 unregistered
[34.578s][info][gc,metaspace] GC(9) Y: Metaspace: 151M used, 153M committed, 1216M reserved
[34.578s][info][gc,reloc    ] GC(9) Y:                        Candidates     Selected     In-Place         Size        Empty    Relocated 
[34.578s][info][gc,reloc    ] GC(9) Y: Small Pages:                    3            1            0           6M           2M           0M 
[34.578s][info][gc,reloc    ] GC(9) Y: Medium Pages:                   0            0            0           0M           0M           0M 
[34.578s][info][gc,reloc    ] GC(9) Y: Large Pages:                    0            0            0           0M           0M           0M 
[34.578s][info][gc,reloc    ] GC(9) Y: Forwarding Usage: 0M
[34.578s][info][gc,reloc    ] GC(9) Y: Age Table:
[34.578s][info][gc,reloc    ] GC(9) Y:                    Live             Garbage             Small              Medium             Large        
[34.578s][info][gc,reloc    ] GC(9) Y: Eden               0M (0%)            5M (0%)           3 / 1              0 / 0              0 / 0        
[34.578s][info][gc,heap     ] GC(9) Y: Min Capacity: 8M(0%)
[34.578s][info][gc,heap     ] GC(9) Y: Max Capacity: 4096M(100%)
[34.578s][info][gc,heap     ] GC(9) Y: Soft Max Capacity: 4096M(100%)
[34.578s][info][gc,heap     ] GC(9) Y: Heap Statistics:
[34.578s][info][gc,heap     ] GC(9) Y:                Mark Start          Mark End        Relocate Start      Relocate End           High               Low         
[34.578s][info][gc,heap     ] GC(9) Y:  Capacity:     3348M (82%)        3348M (82%)        3348M (82%)        3348M (82%)        3348M (82%)        3348M (82%)    
[34.578s][info][gc,heap     ] GC(9) Y:      Free:     3536M (86%)        3530M (86%)        3532M (86%)        3532M (86%)        3536M (86%)        3528M (86%)    
[34.578s][info][gc,heap     ] GC(9) Y:      Used:      560M (14%)         566M (14%)         564M (14%)         564M (14%)         568M (14%)         560M (14%)    
[34.578s][info][gc,heap     ] GC(9) Y: Young Generation Statistics:
[34.578s][info][gc,heap     ] GC(9) Y:                Mark Start          Mark End        Relocate Start      Relocate End    
[34.578s][info][gc,heap     ] GC(9) Y:      Used:        6M (0%)           12M (0%)           10M (0%)           10M (0%)     
[34.578s][info][gc,heap     ] GC(9) Y:      Live:         -                 0M (0%)            0M (0%)            0M (0%)     
[34.578s][info][gc,heap     ] GC(9) Y:   Garbage:         -                 5M (0%)            3M (0%)            0M (0%)     
[34.578s][info][gc,heap     ] GC(9) Y: Allocated:         -                 6M (0%)            6M (0%)            9M (0%)     
[34.578s][info][gc,heap     ] GC(9) Y: Reclaimed:         -                  -                 2M (0%)            5M (0%)     
[34.578s][info][gc,heap     ] GC(9) Y:  Promoted:         -                  -                 0M (0%)            0M (0%)     
[34.578s][info][gc,heap     ] GC(9) Y: Compacted:         -                  -                  -                 0M (0%)     
[34.578s][info][gc,phases   ] GC(9) Y: Young Generation (Collect Roots) 560M(14%)->564M(14%) 0.007s
[34.578s][info][gc,phases   ] GC(9) O: Old Generation
[34.745s][info][gc,phases   ] GC(9) O: Concurrent Mark 166.498ms
[34.745s][info][gc,phases   ] GC(9) O: Pause Mark End 0.015ms
[34.745s][info][safepoint   ] Safepoint "ZMarkEndOld", Time since last: 167014600 ns, Reaching safepoint: 3100 ns, At safepoint: 36200 ns, Leaving safepoint: 2200 ns, Total: 41500 ns, Threads: 0 runnable, 64 total
[34.745s][info][gc,phases   ] GC(9) O: Concurrent Mark Free 0.002ms
[34.761s][info][gc,phases   ] GC(9) O: Concurrent Process Non-Strong 15.715ms
[34.761s][info][gc,phases   ] GC(9) O: Concurrent Reset Relocation Set 0.001ms
[34.762s][info][gc,phases   ] GC(9) O: Concurrent Select Relocation Set 0.989ms
[34.762s][info][gc,task     ] GC(9) O: Using 4 Workers for Old Generation
[34.766s][info][gc,task     ] GC(9) O: Using 4 Workers for Old Generation
[34.766s][info][gc,phases   ] GC(9) O: Concurrent Remap Roots 4.832ms
[34.767s][info][gc,phases   ] GC(9) O: Pause Relocate Start 0.013ms
[34.767s][info][safepoint   ] Safepoint "ZRelocateStartOld", Time since last: 21656900 ns, Reaching safepoint: 5500 ns, At safepoint: 34200 ns, Leaving safepoint: 2300 ns, Total: 42000 ns, Threads: 0 runnable, 64 total
[34.774s][info][gc,phases   ] GC(9) O: Concurrent Relocate 7.322ms
[34.774s][info][gc,alloc    ] GC(9) O:                         Mark Start        Mark End      Relocate Start    Relocate End   
[34.774s][info][gc,alloc    ] GC(9) O: Allocation Stalls:          0                0                0                0         
[34.774s][info][gc,load     ] GC(9) O: Load: 0.00 (0%) / 0.00 (0%) / 0.00 (0%)
[34.774s][info][gc,mmu      ] GC(9) O: MMU: 2ms/98.0%, 5ms/99.2%, 10ms/99.4%, 20ms/99.6%, 50ms/99.9%, 100ms/99.9%
[34.774s][info][gc,marking  ] GC(9) O: Mark: 4 stripe(s), 2 proactive flush(es), 1 terminate flush(es), 0 completion(s), 0 continuation(s) 
[34.774s][info][gc,nmethod  ] GC(9) O: NMethods: 15489 registered, 15481 unregistered
[34.774s][info][gc,metaspace] GC(9) O: Metaspace: 151M used, 153M committed, 1216M reserved
[34.774s][info][gc,ref      ] GC(9) O:                       Encountered   Discovered     Enqueued 
[34.774s][info][gc,ref      ] GC(9) O: Soft References:             5376            0            0 
[34.774s][info][gc,ref      ] GC(9) O: Weak References:            36561        19859            1 
[34.774s][info][gc,ref      ] GC(9) O: Final References:              55            0            0 
[34.774s][info][gc,ref      ] GC(9) O: Phantom References:          1223          496            5 
[34.774s][info][gc,reloc    ] GC(9) O:                        Candidates     Selected     In-Place         Size        Empty    Relocated 
[34.774s][info][gc,reloc    ] GC(9) O: Small Pages:                  239            7            0         478M           0M           3M 
[34.774s][info][gc,reloc    ] GC(9) O: Medium Pages:                   2            0            0          64M           0M           0M 
[34.774s][info][gc,reloc    ] GC(9) O: Large Pages:                    1            0            0          12M           0M           0M 
[34.774s][info][gc,reloc    ] GC(9) O: Forwarding Usage: 8M
[34.774s][info][gc,heap     ] GC(9) O: Min Capacity: 8M(0%)
[34.774s][info][gc,heap     ] GC(9) O: Max Capacity: 4096M(100%)
[34.774s][info][gc,heap     ] GC(9) O: Soft Max Capacity: 4096M(100%)
[34.774s][info][gc,heap     ] GC(9) O: Heap Statistics:
[34.774s][info][gc,heap     ] GC(9) O:                Mark Start          Mark End        Relocate Start      Relocate End           High               Low         
[34.774s][info][gc,heap     ] GC(9) O:  Capacity:     3348M (82%)        3348M (82%)        3348M (82%)        3348M (82%)        3348M (82%)        3348M (82%)    
[34.774s][info][gc,heap     ] GC(9) O:      Free:     3536M (86%)        3520M (86%)        3520M (86%)        3528M (86%)        3536M (86%)        3510M (86%)    
[34.774s][info][gc,heap     ] GC(9) O:      Used:      560M (14%)         576M (14%)         576M (14%)         568M (14%)         586M (14%)         560M (14%)    
[34.774s][info][gc,heap     ] GC(9) O: Old Generation Statistics:
[34.774s][info][gc,heap     ] GC(9) O:                Mark Start          Mark End        Relocate Start      Relocate End    
[34.774s][info][gc,heap     ] GC(9) O:      Used:      554M (14%)         554M (14%)         554M (14%)         546M (13%)    
[34.774s][info][gc,heap     ] GC(9) O:      Live:         -               486M (12%)         486M (12%)         486M (12%)    
[34.774s][info][gc,heap     ] GC(9) O:   Garbage:         -                67M (2%)           67M (2%)           50M (1%)     
[34.774s][info][gc,heap     ] GC(9) O: Allocated:         -                 0M (0%)            0M (0%)            9M (0%)     
[34.774s][info][gc,heap     ] GC(9) O: Reclaimed:         -                  -                 0M (0%)           17M (0%)     
[34.774s][info][gc,heap     ] GC(9) O: Compacted:         -                  -                  -                24M (1%)     
[34.774s][info][gc,phases   ] GC(9) O: Old Generation 564M(14%)->568M(14%) 0.196s
[34.774s][info][gc          ] GC(9) Major Collection (System.gc()) 690M(17%)->568M(14%) 0.214s
[39.776s][info][gc          ] GC(10) Major Collection (System.gc())
[39.776s][info][gc,task     ] GC(10) Using 4 Workers for Young Generation
[39.776s][info][gc,task     ] GC(10) Using 4 Workers for Old Generation
[39.776s][info][gc,phases   ] GC(10) Y: Young Generation (Promote All)
[39.776s][info][gc,phases   ] GC(10) Y: Pause Mark Start 0.013ms
[39.776s][info][safepoint   ] Safepoint "ZMarkStartYoung", Time since last: 5009576100 ns, Reaching safepoint: 5300 ns, At safepoint: 36800 ns, Leaving safepoint: 5600 ns, Total: 47700 ns, Threads: 0 runnable, 63 total
[39.783s][info][gc,phases   ] GC(10) Y: Concurrent Mark 6.344ms
[39.783s][info][gc,phases   ] GC(10) Y: Pause Mark End 0.008ms
[39.783s][info][safepoint   ] Safepoint "ZMarkEndYoung", Time since last: 6389200 ns, Reaching safepoint: 2000 ns, At safepoint: 27700 ns, Leaving safepoint: 2000 ns, Total: 31700 ns, Threads: 0 runnable, 63 total
[39.783s][info][gc,phases   ] GC(10) Y: Concurrent Mark Free 0.001ms
[39.783s][info][gc,phases   ] GC(10) Y: Concurrent Reset Relocation Set 0.000ms
[39.783s][info][gc,reloc    ] GC(10) Y: Using tenuring threshold: 0 (Promote All)
[39.783s][info][gc,phases   ] GC(10) Y: Concurrent Select Relocation Set 0.148ms
[39.783s][info][gc,phases   ] GC(10) Y: Pause Relocate Start 0.005ms
[39.783s][info][safepoint   ] Safepoint "ZRelocateStartYoung", Time since last: 213200 ns, Reaching safepoint: 1300 ns, At safepoint: 15000 ns, Leaving safepoint: 1700 ns, Total: 18000 ns, Threads: 0 runnable, 63 total
[39.783s][info][gc,phases   ] GC(10) Y: Concurrent Relocate 0.248ms
[39.783s][info][gc,alloc    ] GC(10) Y:                         Mark Start        Mark End      Relocate Start    Relocate End   
[39.783s][info][gc,alloc    ] GC(10) Y: Allocation Stalls:          0                0                0                0         
[39.783s][info][gc,load     ] GC(10) Y: Load: 0.00 (0%) / 0.00 (0%) / 0.00 (0%)
[39.783s][info][gc,mmu      ] GC(10) Y: MMU: 2ms/98.0%, 5ms/99.2%, 10ms/99.4%, 20ms/99.6%, 50ms/99.9%, 100ms/99.9%
[39.783s][info][gc,marking  ] GC(10) Y: Mark: 4 stripe(s), 2 proactive flush(es), 1 terminate flush(es), 0 completion(s), 0 continuation(s) 
[39.783s][info][gc,nmethod  ] GC(10) Y: NMethods: 15674 registered, 0 unregistered
[39.783s][info][gc,metaspace] GC(10) Y: Metaspace: 151M used, 153M committed, 1216M reserved
[39.783s][info][gc,reloc    ] GC(10) Y:                        Candidates     Selected     In-Place         Size        Empty    Relocated 
[39.783s][info][gc,reloc    ] GC(10) Y: Small Pages:                   64           45            0         128M          36M           0M 
[39.783s][info][gc,reloc    ] GC(10) Y: Medium Pages:                   0            0            0           0M           0M           0M 
[39.783s][info][gc,reloc    ] GC(10) Y: Large Pages:                    0            0            0           0M           0M           0M 
[39.783s][info][gc,reloc    ] GC(10) Y: Forwarding Usage: 0M
[39.783s][info][gc,reloc    ] GC(10) Y: Age Table:
[39.783s][info][gc,reloc    ] GC(10) Y:                    Live             Garbage             Small              Medium             Large        
[39.783s][info][gc,reloc    ] GC(10) Y: Eden               0M (0%)          123M (3%)          62 / 44             0 / 0              0 / 0        
[39.783s][info][gc,reloc    ] GC(10) Y: Survivor 1         0M (0%)            3M (0%)           2 / 1              0 / 0              0 / 0        
[39.783s][info][gc,heap     ] GC(10) Y: Min Capacity: 8M(0%)
[39.783s][info][gc,heap     ] GC(10) Y: Max Capacity: 4096M(100%)
[39.783s][info][gc,heap     ] GC(10) Y: Soft Max Capacity: 4096M(100%)
[39.783s][info][gc,heap     ] GC(10) Y: Heap Statistics:
[39.783s][info][gc,heap     ] GC(10) Y:                Mark Start          Mark End        Relocate Start      Relocate End           High               Low         
[39.783s][info][gc,heap     ] GC(10) Y:  Capacity:     3348M (82%)        3348M (82%)        3348M (82%)        3348M (82%)        3348M (82%)        3348M (82%)    
[39.783s][info][gc,heap     ] GC(10) Y:      Free:     3422M (84%)        3416M (83%)        3452M (84%)        3536M (86%)        3536M (86%)        3416M (83%)    
[39.783s][info][gc,heap     ] GC(10) Y:      Used:      674M (16%)         680M (17%)         644M (16%)         560M (14%)         680M (17%)         560M (14%)    
[39.783s][info][gc,heap     ] GC(10) Y: Young Generation Statistics:
[39.783s][info][gc,heap     ] GC(10) Y:                Mark Start          Mark End        Relocate Start      Relocate End    
[39.783s][info][gc,heap     ] GC(10) Y:      Used:      128M (3%)          134M (3%)           98M (2%)            6M (0%)     
[39.783s][info][gc,heap     ] GC(10) Y:      Live:         -                 0M (0%)            0M (0%)            0M (0%)     
[39.783s][info][gc,heap     ] GC(10) Y:   Garbage:         -               127M (3%)           91M (2%)            0M (0%)     
[39.783s][info][gc,heap     ] GC(10) Y: Allocated:         -                 6M (0%)            6M (0%)            6M (0%)     
[39.783s][info][gc,heap     ] GC(10) Y: Reclaimed:         -                  -                36M (1%)          127M (3%)     
[39.783s][info][gc,heap     ] GC(10) Y:  Promoted:         -                  -                 0M (0%)            0M (0%)     
[39.783s][info][gc,heap     ] GC(10) Y: Compacted:         -                  -                  -                 0M (0%)     
[39.783s][info][gc,phases   ] GC(10) Y: Young Generation (Promote All) 674M(16%)->560M(14%) 0.007s
[39.783s][info][gc,phases   ] GC(10) Y: Young Generation (Collect Roots)
[39.783s][info][gc,phases   ] GC(10) Y: Pause Mark Start (Major) 0.009ms
[39.783s][info][safepoint   ] Safepoint "ZMarkStartYoungAndOld", Time since last: 532500 ns, Reaching safepoint: 2000 ns, At safepoint: 28800 ns, Leaving safepoint: 2200 ns, Total: 33000 ns, Threads: 0 runnable, 63 total
[39.788s][info][gc,phases   ] GC(10) Y: Concurrent Mark 4.632ms
[39.788s][info][gc,phases   ] GC(10) Y: Pause Mark End 0.007ms
[39.788s][info][safepoint   ] Safepoint "ZMarkEndYoung", Time since last: 4673600 ns, Reaching safepoint: 2100 ns, At safepoint: 16600 ns, Leaving safepoint: 1900 ns, Total: 20600 ns, Threads: 0 runnable, 63 total
[39.788s][info][gc,phases   ] GC(10) Y: Concurrent Mark Free 0.000ms
[39.788s][info][gc,phases   ] GC(10) Y: Concurrent Reset Relocation Set 0.001ms
[39.788s][info][gc,reloc    ] GC(10) Y: Using tenuring threshold: 1 (Computed)
[39.788s][info][gc,phases   ] GC(10) Y: Concurrent Select Relocation Set 0.085ms
[39.788s][info][gc,phases   ] GC(10) Y: Pause Relocate Start 0.007ms
[39.788s][info][safepoint   ] Safepoint "ZRelocateStartYoung", Time since last: 138800 ns, Reaching safepoint: 32700 ns, At safepoint: 26400 ns, Leaving safepoint: 3700 ns, Total: 62800 ns, Threads: 1 runnable, 63 total
[39.788s][info][gc,phases   ] GC(10) Y: Concurrent Relocate 0.043ms
[39.788s][info][gc,alloc    ] GC(10) Y:                         Mark Start        Mark End      Relocate Start    Relocate End   
[39.788s][info][gc,alloc    ] GC(10) Y: Allocation Stalls:          0                0                0                0         
[39.788s][info][gc,load     ] GC(10) Y: Load: 0.00 (0%) / 0.00 (0%) / 0.00 (0%)
[39.788s][info][gc,mmu      ] GC(10) Y: MMU: 2ms/98.0%, 5ms/99.2%, 10ms/99.4%, 20ms/99.6%, 50ms/99.9%, 100ms/99.9%
[39.788s][info][gc,marking  ] GC(10) Y: Mark: 4 stripe(s), 1 proactive flush(es), 1 terminate flush(es), 0 completion(s), 0 continuation(s) 
[39.788s][info][gc,nmethod  ] GC(10) Y: NMethods: 15675 registered, 0 unregistered
[39.788s][info][gc,metaspace] GC(10) Y: Metaspace: 151M used, 153M committed, 1216M reserved
[39.788s][info][gc,reloc    ] GC(10) Y:                        Candidates     Selected     In-Place         Size        Empty    Relocated 
[39.788s][info][gc,reloc    ] GC(10) Y: Small Pages:                    3            0            0           6M           4M           0M 
[39.788s][info][gc,reloc    ] GC(10) Y: Medium Pages:                   0            0            0           0M           0M           0M 
[39.788s][info][gc,reloc    ] GC(10) Y: Large Pages:                    0            0            0           0M           0M           0M 
[39.788s][info][gc,reloc    ] GC(10) Y: Forwarding Usage: 0M
[39.788s][info][gc,reloc    ] GC(10) Y: Age Table:
[39.788s][info][gc,reloc    ] GC(10) Y:                    Live             Garbage             Small              Medium             Large        
[39.788s][info][gc,reloc    ] GC(10) Y: Eden               0M (0%)            5M (0%)           3 / 0              0 / 0              0 / 0        
[39.788s][info][gc,heap     ] GC(10) Y: Min Capacity: 8M(0%)
[39.788s][info][gc,heap     ] GC(10) Y: Max Capacity: 4096M(100%)
[39.788s][info][gc,heap     ] GC(10) Y: Soft Max Capacity: 4096M(100%)
[39.788s][info][gc,heap     ] GC(10) Y: Heap Statistics:
[39.788s][info][gc,heap     ] GC(10) Y:                Mark Start          Mark End        Relocate Start      Relocate End           High               Low         
[39.788s][info][gc,heap     ] GC(10) Y:  Capacity:     3348M (82%)        3348M (82%)        3348M (82%)        3348M (82%)        3348M (82%)        3348M (82%)    
[39.788s][info][gc,heap     ] GC(10) Y:      Free:     3536M (86%)        3534M (86%)        3538M (86%)        3538M (86%)        3538M (86%)        3534M (86%)    
[39.788s][info][gc,heap     ] GC(10) Y:      Used:      560M (14%)         562M (14%)         558M (14%)         558M (14%)         562M (14%)         558M (14%)    
[39.788s][info][gc,heap     ] GC(10) Y: Young Generation Statistics:
[39.788s][info][gc,heap     ] GC(10) Y:                Mark Start          Mark End        Relocate Start      Relocate End    
[39.789s][info][gc,heap     ] GC(10) Y:      Used:        6M (0%)            8M (0%)            4M (0%)            4M (0%)     
[39.789s][info][gc,heap     ] GC(10) Y:      Live:         -                 0M (0%)            0M (0%)            0M (0%)     
[39.789s][info][gc,heap     ] GC(10) Y:   Garbage:         -                 5M (0%)            1M (0%)            1M (0%)     
[39.789s][info][gc,heap     ] GC(10) Y: Allocated:         -                 2M (0%)            2M (0%)            2M (0%)     
[39.789s][info][gc,heap     ] GC(10) Y: Reclaimed:         -                  -                 4M (0%)            4M (0%)     
[39.789s][info][gc,heap     ] GC(10) Y:  Promoted:         -                  -                 0M (0%)            0M (0%)     
[39.789s][info][gc,heap     ] GC(10) Y: Compacted:         -                  -                  -                 0M (0%)     
[39.789s][info][gc,phases   ] GC(10) Y: Young Generation (Collect Roots) 560M(14%)->558M(14%) 0.005s
[39.789s][info][gc,phases   ] GC(10) O: Old Generation
[39.927s][info][gc,phases   ] GC(10) O: Concurrent Mark 138.234ms
[39.927s][info][gc,phases   ] GC(10) O: Pause Mark End 0.014ms
[39.927s][info][safepoint   ] Safepoint "ZMarkEndOld", Time since last: 138576000 ns, Reaching safepoint: 3300 ns, At safepoint: 36100 ns, Leaving safepoint: 2300 ns, Total: 41700 ns, Threads: 0 runnable, 63 total
[39.927s][info][gc,phases   ] GC(10) O: Concurrent Mark Free 0.001ms
[39.933s][info][gc,phases   ] GC(10) O: Concurrent Process Non-Strong 6.028ms
[39.933s][info][gc,phases   ] GC(10) O: Concurrent Reset Relocation Set 0.001ms
[39.933s][info][gc,phases   ] GC(10) O: Concurrent Select Relocation Set 0.490ms
[39.933s][info][gc,task     ] GC(10) O: Using 4 Workers for Old Generation
[39.937s][info][gc,task     ] GC(10) O: Using 4 Workers for Old Generation
[39.937s][info][gc,phases   ] GC(10) O: Concurrent Remap Roots 3.979ms
[39.937s][info][gc,phases   ] GC(10) O: Pause Relocate Start 0.011ms
[39.938s][info][safepoint   ] Safepoint "ZRelocateStartOld", Time since last: 10599800 ns, Reaching safepoint: 3200 ns, At safepoint: 31800 ns, Leaving safepoint: 2300 ns, Total: 37300 ns, Threads: 0 runnable, 63 total
[39.938s][info][gc,phases   ] GC(10) O: Concurrent Relocate 0.487ms
[39.938s][info][gc,alloc    ] GC(10) O:                         Mark Start        Mark End      Relocate Start    Relocate End   
[39.938s][info][gc,alloc    ] GC(10) O: Allocation Stalls:          0                0                0                0         
[39.938s][info][gc,load     ] GC(10) O: Load: 0.00 (0%) / 0.00 (0%) / 0.00 (0%)
[39.938s][info][gc,mmu      ] GC(10) O: MMU: 2ms/98.0%, 5ms/99.2%, 10ms/99.4%, 20ms/99.6%, 50ms/99.9%, 100ms/99.9%
[39.938s][info][gc,marking  ] GC(10) O: Mark: 4 stripe(s), 2 proactive flush(es), 1 terminate flush(es), 0 completion(s), 0 continuation(s) 
[39.938s][info][gc,nmethod  ] GC(10) O: NMethods: 15591 registered, 86 unregistered
[39.938s][info][gc,metaspace] GC(10) O: Metaspace: 151M used, 153M committed, 1216M reserved
[39.938s][info][gc,ref      ] GC(10) O:                       Encountered   Discovered     Enqueued 
[39.938s][info][gc,ref      ] GC(10) O: Soft References:             5376            0            0 
[39.938s][info][gc,ref      ] GC(10) O: Weak References:            36561         8706            0 
[39.938s][info][gc,ref      ] GC(10) O: Final References:              55            1            0 
[39.938s][info][gc,ref      ] GC(10) O: Phantom References:          1224         1064            6 
[39.938s][info][gc,reloc    ] GC(10) O:                        Candidates     Selected     In-Place         Size        Empty    Relocated 
[39.938s][info][gc,reloc    ] GC(10) O: Small Pages:                  239            8            0         478M           0M           0M 
[39.938s][info][gc,reloc    ] GC(10) O: Medium Pages:                   2            0            0          64M           0M           0M 
[39.938s][info][gc,reloc    ] GC(10) O: Large Pages:                    1            0            0          12M           0M           0M 
[39.938s][info][gc,reloc    ] GC(10) O: Forwarding Usage: 0M
[39.938s][info][gc,heap     ] GC(10) O: Min Capacity: 8M(0%)
[39.938s][info][gc,heap     ] GC(10) O: Max Capacity: 4096M(100%)
[39.938s][info][gc,heap     ] GC(10) O: Soft Max Capacity: 4096M(100%)
[39.938s][info][gc,heap     ] GC(10) O: Heap Statistics:
[39.938s][info][gc,heap     ] GC(10) O:                Mark Start          Mark End        Relocate Start      Relocate End           High               Low         
[39.938s][info][gc,heap     ] GC(10) O:  Capacity:     3348M (82%)        3348M (82%)        3348M (82%)        3348M (82%)        3348M (82%)        3348M (82%)    
[39.938s][info][gc,heap     ] GC(10) O:      Free:     3536M (86%)        3524M (86%)        3524M (86%)        3532M (86%)        3538M (86%)        3514M (86%)    
[39.938s][info][gc,heap     ] GC(10) O:      Used:      560M (14%)         572M (14%)         572M (14%)         564M (14%)         582M (14%)         558M (14%)    
[39.938s][info][gc,heap     ] GC(10) O: Old Generation Statistics:
[39.938s][info][gc,heap     ] GC(10) O:                Mark Start          Mark End        Relocate Start      Relocate End    
[39.938s][info][gc,heap     ] GC(10) O:      Used:      554M (14%)         554M (14%)         554M (14%)         546M (13%)    
[39.938s][info][gc,heap     ] GC(10) O:      Live:         -               486M (12%)         486M (12%)         486M (12%)    
[39.938s][info][gc,heap     ] GC(10) O:   Garbage:         -                67M (2%)           67M (2%)           50M (1%)     
[39.938s][info][gc,heap     ] GC(10) O: Allocated:         -                 0M (0%)            0M (0%)            9M (0%)     
[39.938s][info][gc,heap     ] GC(10) O: Reclaimed:         -                  -                 0M (0%)           17M (0%)     
[39.938s][info][gc,heap     ] GC(10) O: Compacted:         -                  -                  -                 0M (0%)     
[39.938s][info][gc,phases   ] GC(10) O: Old Generation 558M(14%)->564M(14%) 0.149s
[39.938s][info][gc          ] GC(10) Major Collection (System.gc()) 674M(16%)->564M(14%) 0.162s
[44.940s][info][gc          ] GC(11) Major Collection (System.gc())
[44.940s][info][gc,task     ] GC(11) Using 4 Workers for Young Generation
[44.940s][info][gc,task     ] GC(11) Using 4 Workers for Old Generation
[44.940s][info][gc,phases   ] GC(11) Y: Young Generation (Promote All)
[44.940s][info][gc,phases   ] GC(11) Y: Pause Mark Start 0.012ms
[44.940s][info][safepoint   ] Safepoint "ZMarkStartYoung", Time since last: 5002148600 ns, Reaching safepoint: 4600 ns, At safepoint: 36000 ns, Leaving safepoint: 2600 ns, Total: 43200 ns, Threads: 0 runnable, 66 total
[44.946s][info][gc,phases   ] GC(11) Y: Concurrent Mark 6.514ms
[44.946s][info][gc,phases   ] GC(11) Y: Pause Mark End 0.009ms
[44.946s][info][safepoint   ] Safepoint "ZMarkEndYoung", Time since last: 6559500 ns, Reaching safepoint: 2700 ns, At safepoint: 28300 ns, Leaving safepoint: 2000 ns, Total: 33000 ns, Threads: 0 runnable, 66 total
[44.946s][info][gc,phases   ] GC(11) Y: Concurrent Mark Free 0.002ms
[44.946s][info][gc,phases   ] GC(11) Y: Concurrent Reset Relocation Set 0.000ms
[44.946s][info][gc,reloc    ] GC(11) Y: Using tenuring threshold: 0 (Promote All)
[44.947s][info][gc,phases   ] GC(11) Y: Concurrent Select Relocation Set 0.148ms
[44.947s][info][gc,phases   ] GC(11) Y: Pause Relocate Start 0.008ms
[44.947s][info][safepoint   ] Safepoint "ZRelocateStartYoung", Time since last: 231500 ns, Reaching safepoint: 2800 ns, At safepoint: 25200 ns, Leaving safepoint: 3600 ns, Total: 31600 ns, Threads: 0 runnable, 66 total
[44.947s][info][gc,phases   ] GC(11) Y: Concurrent Relocate 0.207ms
[44.947s][info][gc,alloc    ] GC(11) Y:                         Mark Start        Mark End      Relocate Start    Relocate End   
[44.947s][info][gc,alloc    ] GC(11) Y: Allocation Stalls:          0                0                0                0         
[44.947s][info][gc,load     ] GC(11) Y: Load: 0.00 (0%) / 0.00 (0%) / 0.00 (0%)
[44.947s][info][gc,mmu      ] GC(11) Y: MMU: 2ms/98.0%, 5ms/99.2%, 10ms/99.4%, 20ms/99.6%, 50ms/99.9%, 100ms/99.9%
[44.947s][info][gc,marking  ] GC(11) Y: Mark: 4 stripe(s), 2 proactive flush(es), 1 terminate flush(es), 0 completion(s), 0 continuation(s) 
[44.947s][info][gc,nmethod  ] GC(11) Y: NMethods: 15897 registered, 86 unregistered
[44.947s][info][gc,metaspace] GC(11) Y: Metaspace: 151M used, 153M committed, 1216M reserved
[44.947s][info][gc,reloc    ] GC(11) Y:                        Candidates     Selected     In-Place         Size        Empty    Relocated 
[44.947s][info][gc,reloc    ] GC(11) Y: Small Pages:                   65           50            0         130M          28M           0M 
[44.947s][info][gc,reloc    ] GC(11) Y: Medium Pages:                   0            0            0           0M           0M           0M 
[44.947s][info][gc,reloc    ] GC(11) Y: Large Pages:                    0            0            0           0M           0M           0M 
[44.947s][info][gc,reloc    ] GC(11) Y: Forwarding Usage: 0M
[44.947s][info][gc,reloc    ] GC(11) Y: Age Table:
[44.947s][info][gc,reloc    ] GC(11) Y:                    Live             Garbage             Small              Medium             Large        
[44.947s][info][gc,reloc    ] GC(11) Y: Eden               0M (0%)          127M (3%)          64 / 50             0 / 0              0 / 0        
[44.947s][info][gc,reloc    ] GC(11) Y: Survivor 1          -                 2M (0%)           1 / 0              0 / 0              0 / 0        
[44.947s][info][gc,heap     ] GC(11) Y: Min Capacity: 8M(0%)
[44.947s][info][gc,heap     ] GC(11) Y: Max Capacity: 4096M(100%)
[44.947s][info][gc,heap     ] GC(11) Y: Soft Max Capacity: 4096M(100%)
[44.947s][info][gc,heap     ] GC(11) Y: Heap Statistics:
[44.947s][info][gc,heap     ] GC(11) Y:                Mark Start          Mark End        Relocate Start      Relocate End           High               Low         
[44.947s][info][gc,heap     ] GC(11) Y:  Capacity:     3348M (82%)        3348M (82%)        3348M (82%)        3348M (82%)        3348M (82%)        3348M (82%)    
[44.947s][info][gc,heap     ] GC(11) Y:      Free:     3420M (83%)        3412M (83%)        3440M (84%)        3534M (86%)        3534M (86%)        3412M (83%)    
[44.947s][info][gc,heap     ] GC(11) Y:      Used:      676M (17%)         684M (17%)         656M (16%)         562M (14%)         684M (17%)         562M (14%)    
[44.947s][info][gc,heap     ] GC(11) Y: Young Generation Statistics:
[44.947s][info][gc,heap     ] GC(11) Y:                Mark Start          Mark End        Relocate Start      Relocate End    
[44.947s][info][gc,heap     ] GC(11) Y:      Used:      130M (3%)          138M (3%)          110M (3%)            8M (0%)     
[44.947s][info][gc,heap     ] GC(11) Y:      Live:         -                 0M (0%)            0M (0%)            0M (0%)     
[44.947s][info][gc,heap     ] GC(11) Y:   Garbage:         -               129M (3%)          101M (2%)            0M (0%)     
[44.947s][info][gc,heap     ] GC(11) Y: Allocated:         -                 8M (0%)            8M (0%)            8M (0%)     
[44.947s][info][gc,heap     ] GC(11) Y: Reclaimed:         -                  -                28M (1%)          129M (3%)     
[44.947s][info][gc,heap     ] GC(11) Y:  Promoted:         -                  -                 0M (0%)            0M (0%)     
[44.947s][info][gc,heap     ] GC(11) Y: Compacted:         -                  -                  -                 0M (0%)     
[44.947s][info][gc,phases   ] GC(11) Y: Young Generation (Promote All) 676M(17%)->562M(14%) 0.007s
[44.947s][info][gc,phases   ] GC(11) Y: Young Generation (Collect Roots)
[44.947s][info][gc,phases   ] GC(11) Y: Pause Mark Start (Major) 0.007ms
[44.947s][info][safepoint   ] Safepoint "ZMarkStartYoungAndOld", Time since last: 603100 ns, Reaching safepoint: 2100 ns, At safepoint: 16300 ns, Leaving safepoint: 3400 ns, Total: 21800 ns, Threads: 1 runnable, 66 total
[44.952s][info][gc,phases   ] GC(11) Y: Concurrent Mark 4.972ms
[44.952s][info][gc,phases   ] GC(11) Y: Pause Mark End 0.010ms
[44.952s][info][safepoint   ] Safepoint "ZMarkEndYoung", Time since last: 5024600 ns, Reaching safepoint: 13700 ns, At safepoint: 35100 ns, Leaving safepoint: 5600 ns, Total: 54400 ns, Threads: 1 runnable, 66 total
[44.952s][info][gc,phases   ] GC(11) Y: Concurrent Mark Free 0.001ms
[44.952s][info][gc,phases   ] GC(11) Y: Concurrent Reset Relocation Set 0.001ms
[44.952s][info][gc,reloc    ] GC(11) Y: Using tenuring threshold: 1 (Computed)
[44.952s][info][gc,phases   ] GC(11) Y: Concurrent Select Relocation Set 0.095ms
[44.952s][info][gc,phases   ] GC(11) Y: Pause Relocate Start 0.006ms
[44.952s][info][safepoint   ] Safepoint "ZRelocateStartYoung", Time since last: 181700 ns, Reaching safepoint: 13000 ns, At safepoint: 21400 ns, Leaving safepoint: 3300 ns, Total: 37700 ns, Threads: 1 runnable, 66 total
[44.953s][info][gc,phases   ] GC(11) Y: Concurrent Relocate 0.085ms
[44.953s][info][gc,alloc    ] GC(11) Y:                         Mark Start        Mark End      Relocate Start    Relocate End   
[44.953s][info][gc,alloc    ] GC(11) Y: Allocation Stalls:          0                0                0                0         
[44.953s][info][gc,load     ] GC(11) Y: Load: 0.00 (0%) / 0.00 (0%) / 0.00 (0%)
[44.953s][info][gc,mmu      ] GC(11) Y: MMU: 2ms/98.0%, 5ms/99.2%, 10ms/99.4%, 20ms/99.6%, 50ms/99.9%, 100ms/99.9%
[44.953s][info][gc,marking  ] GC(11) Y: Mark: 4 stripe(s), 2 proactive flush(es), 1 terminate flush(es), 0 completion(s), 0 continuation(s) 
[44.953s][info][gc,nmethod  ] GC(11) Y: NMethods: 15897 registered, 86 unregistered
[44.953s][info][gc,metaspace] GC(11) Y: Metaspace: 151M used, 153M committed, 1216M reserved
[44.953s][info][gc,reloc    ] GC(11) Y:                        Candidates     Selected     In-Place         Size        Empty    Relocated 
[44.953s][info][gc,reloc    ] GC(11) Y: Small Pages:                    4            3            0           8M           0M           0M 
[44.953s][info][gc,reloc    ] GC(11) Y: Medium Pages:                   0            0            0           0M           0M           0M 
[44.953s][info][gc,reloc    ] GC(11) Y: Large Pages:                    0            0            0           0M           0M           0M 
[44.953s][info][gc,reloc    ] GC(11) Y: Forwarding Usage: 0M
[44.953s][info][gc,reloc    ] GC(11) Y: Age Table:
[44.953s][info][gc,reloc    ] GC(11) Y:                    Live             Garbage             Small              Medium             Large        
[44.953s][info][gc,reloc    ] GC(11) Y: Eden               0M (0%)            7M (0%)           4 / 3              0 / 0              0 / 0        
[44.953s][info][gc,heap     ] GC(11) Y: Min Capacity: 8M(0%)
[44.953s][info][gc,heap     ] GC(11) Y: Max Capacity: 4096M(100%)
[44.953s][info][gc,heap     ] GC(11) Y: Soft Max Capacity: 4096M(100%)
[44.953s][info][gc,heap     ] GC(11) Y: Heap Statistics:
[44.953s][info][gc,heap     ] GC(11) Y:                Mark Start          Mark End        Relocate Start      Relocate End           High               Low         
[44.953s][info][gc,heap     ] GC(11) Y:  Capacity:     3348M (82%)        3348M (82%)        3348M (82%)        3348M (82%)        3348M (82%)        3348M (82%)    
[44.953s][info][gc,heap     ] GC(11) Y:      Free:     3534M (86%)        3528M (86%)        3528M (86%)        3526M (86%)        3534M (86%)        3518M (86%)    
[44.953s][info][gc,heap     ] GC(11) Y:      Used:      562M (14%)         568M (14%)         568M (14%)         570M (14%)         578M (14%)         562M (14%)    
[44.953s][info][gc,heap     ] GC(11) Y: Young Generation Statistics:
[44.953s][info][gc,heap     ] GC(11) Y:                Mark Start          Mark End        Relocate Start      Relocate End    
[44.953s][info][gc,heap     ] GC(11) Y:      Used:        8M (0%)           14M (0%)           14M (0%)           16M (0%)     
[44.953s][info][gc,heap     ] GC(11) Y:      Live:         -                 0M (0%)            0M (0%)            0M (0%)     
[44.953s][info][gc,heap     ] GC(11) Y:   Garbage:         -                 7M (0%)            7M (0%)            0M (0%)     
[44.953s][info][gc,heap     ] GC(11) Y: Allocated:         -                 6M (0%)            6M (0%)           15M (0%)     
[44.953s][info][gc,heap     ] GC(11) Y: Reclaimed:         -                  -                 0M (0%)            7M (0%)     
[44.953s][info][gc,heap     ] GC(11) Y:  Promoted:         -                  -                 0M (0%)            0M (0%)     
[44.953s][info][gc,heap     ] GC(11) Y: Compacted:         -                  -                  -                 0M (0%)     
[44.953s][info][gc,phases   ] GC(11) Y: Young Generation (Collect Roots) 562M(14%)->570M(14%) 0.005s
[44.953s][info][gc,phases   ] GC(11) O: Old Generation
[45.129s][info][gc,phases   ] GC(11) O: Concurrent Mark 176.368ms
[45.129s][info][gc,phases   ] GC(11) O: Pause Mark End 0.015ms
[45.129s][info][safepoint   ] Safepoint "ZMarkEndOld", Time since last: 176776100 ns, Reaching safepoint: 3700 ns, At safepoint: 27000 ns, Leaving safepoint: 2300 ns, Total: 33000 ns, Threads: 0 runnable, 66 total
[45.129s][info][gc,phases   ] GC(11) O: Concurrent Mark Free 0.003ms
[45.145s][info][gc,phases   ] GC(11) O: Concurrent Process Non-Strong 15.737ms
[45.145s][info][gc,phases   ] GC(11) O: Concurrent Reset Relocation Set 0.001ms
[45.145s][info][gc,phases   ] GC(11) O: Concurrent Select Relocation Set 0.165ms
[45.145s][info][gc,task     ] GC(11) O: Using 4 Workers for Old Generation
[45.149s][info][gc,task     ] GC(11) O: Using 4 Workers for Old Generation
[45.149s][info][gc,phases   ] GC(11) O: Concurrent Remap Roots 3.600ms
[45.149s][info][gc,phases   ] GC(11) O: Pause Relocate Start 0.011ms
[45.149s][info][safepoint   ] Safepoint "ZRelocateStartOld", Time since last: 19626900 ns, Reaching safepoint: 4400 ns, At safepoint: 172300 ns, Leaving safepoint: 2800 ns, Total: 179500 ns, Threads: 0 runnable, 66 total
[45.154s][info][gc,phases   ] GC(11) O: Concurrent Relocate 4.977ms
[45.154s][info][gc,alloc    ] GC(11) O:                         Mark Start        Mark End      Relocate Start    Relocate End   
[45.154s][info][gc,alloc    ] GC(11) O: Allocation Stalls:          0                0                0                0         
[45.154s][info][gc,load     ] GC(11) O: Load: 0.00 (0%) / 0.00 (0%) / 0.00 (0%)
[45.154s][info][gc,mmu      ] GC(11) O: MMU: 2ms/98.0%, 5ms/99.2%, 10ms/99.4%, 20ms/99.6%, 50ms/99.9%, 100ms/99.9%
[45.154s][info][gc,marking  ] GC(11) O: Mark: 4 stripe(s), 10 proactive flush(es), 1 terminate flush(es), 0 completion(s), 0 continuation(s) 
[45.154s][info][gc,nmethod  ] GC(11) O: NMethods: 7734 registered, 8250 unregistered
[45.154s][info][gc,metaspace] GC(11) O: Metaspace: 151M used, 153M committed, 1216M reserved
[45.154s][info][gc,ref      ] GC(11) O:                       Encountered   Discovered     Enqueued 
[45.154s][info][gc,ref      ] GC(11) O: Soft References:             5379            0            0 
[45.154s][info][gc,ref      ] GC(11) O: Weak References:            36600        23027           12 
[45.154s][info][gc,ref      ] GC(11) O: Final References:              55            0            0 
[45.154s][info][gc,ref      ] GC(11) O: Phantom References:          1227         1032            9 
[45.154s][info][gc,reloc    ] GC(11) O:                        Candidates     Selected     In-Place         Size        Empty    Relocated 
[45.154s][info][gc,reloc    ] GC(11) O: Small Pages:                  239            8            0         478M           0M           1M 
[45.154s][info][gc,reloc    ] GC(11) O: Medium Pages:                   2            0            0          64M           0M           0M 
[45.154s][info][gc,reloc    ] GC(11) O: Large Pages:                    1            0            0          12M           0M           0M 
[45.154s][info][gc,reloc    ] GC(11) O: Forwarding Usage: 0M
[45.154s][info][gc,heap     ] GC(11) O: Min Capacity: 8M(0%)
[45.154s][info][gc,heap     ] GC(11) O: Max Capacity: 4096M(100%)
[45.154s][info][gc,heap     ] GC(11) O: Soft Max Capacity: 4096M(100%)
[45.154s][info][gc,heap     ] GC(11) O: Heap Statistics:
[45.154s][info][gc,heap     ] GC(11) O:                Mark Start          Mark End        Relocate Start      Relocate End           High               Low         
[45.154s][info][gc,heap     ] GC(11) O:  Capacity:     3348M (82%)        3348M (82%)        3348M (82%)        3348M (82%)        3348M (82%)        3348M (82%)    
[45.154s][info][gc,heap     ] GC(11) O:      Free:     3534M (86%)        3514M (86%)        3514M (86%)        3522M (86%)        3534M (86%)        3504M (86%)    
[45.154s][info][gc,heap     ] GC(11) O:      Used:      562M (14%)         582M (14%)         582M (14%)         574M (14%)         592M (14%)         562M (14%)    
[45.154s][info][gc,heap     ] GC(11) O: Old Generation Statistics:
[45.154s][info][gc,heap     ] GC(11) O:                Mark Start          Mark End        Relocate Start      Relocate End    
[45.154s][info][gc,heap     ] GC(11) O:      Used:      554M (14%)         554M (14%)         554M (14%)         546M (13%)    
[45.154s][info][gc,heap     ] GC(11) O:      Live:         -               486M (12%)         486M (12%)         486M (12%)    
[45.154s][info][gc,heap     ] GC(11) O:   Garbage:         -                67M (2%)           67M (2%)           50M (1%)     
[45.154s][info][gc,heap     ] GC(11) O: Allocated:         -                 0M (0%)            0M (0%)            8M (0%)     
[45.154s][info][gc,heap     ] GC(11) O: Reclaimed:         -                  -                 0M (0%)           16M (0%)     
[45.154s][info][gc,heap     ] GC(11) O: Compacted:         -                  -                  -                 1M (0%)     
[45.154s][info][gc,phases   ] GC(11) O: Old Generation 570M(14%)->574M(14%) 0.201s
[45.154s][info][gc          ] GC(11) Major Collection (System.gc()) 676M(17%)->574M(14%) 0.215s
[50.157s][info][gc          ] GC(12) Major Collection (System.gc())
[50.157s][info][gc,task     ] GC(12) Using 4 Workers for Young Generation
[50.157s][info][gc,task     ] GC(12) Using 4 Workers for Old Generation
[50.157s][info][gc,phases   ] GC(12) Y: Young Generation (Promote All)
[50.157s][info][gc,phases   ] GC(12) Y: Pause Mark Start 0.016ms
[50.157s][info][safepoint   ] Safepoint "ZMarkStartYoung", Time since last: 5007907900 ns, Reaching safepoint: 5600 ns, At safepoint: 48000 ns, Leaving safepoint: 4100 ns, Total: 57700 ns, Threads: 0 runnable, 63 total
[50.162s][info][gc,phases   ] GC(12) Y: Concurrent Mark 5.387ms
[50.163s][info][gc,phases   ] GC(12) Y: Pause Mark End 0.007ms
[50.163s][info][safepoint   ] Safepoint "ZMarkEndYoung", Time since last: 5438300 ns, Reaching safepoint: 2100 ns, At safepoint: 16500 ns, Leaving safepoint: 1900 ns, Total: 20500 ns, Threads: 0 runnable, 63 total
[50.163s][info][gc,phases   ] GC(12) Y: Concurrent Mark Free 0.001ms
[50.163s][info][gc,phases   ] GC(12) Y: Concurrent Reset Relocation Set 0.001ms
[50.163s][info][gc,reloc    ] GC(12) Y: Using tenuring threshold: 0 (Promote All)
[50.163s][info][gc,phases   ] GC(12) Y: Concurrent Select Relocation Set 0.133ms
[50.163s][info][gc,phases   ] GC(12) Y: Pause Relocate Start 0.006ms
[50.163s][info][safepoint   ] Safepoint "ZRelocateStartYoung", Time since last: 190500 ns, Reaching safepoint: 1800 ns, At safepoint: 18100 ns, Leaving safepoint: 1900 ns, Total: 21800 ns, Threads: 0 runnable, 63 total
[50.163s][info][gc,phases   ] GC(12) Y: Concurrent Relocate 0.439ms
[50.163s][info][gc,alloc    ] GC(12) Y:                         Mark Start        Mark End      Relocate Start    Relocate End   
[50.163s][info][gc,alloc    ] GC(12) Y: Allocation Stalls:          0                0                0                0         
[50.163s][info][gc,load     ] GC(12) Y: Load: 0.00 (0%) / 0.00 (0%) / 0.00 (0%)
[50.163s][info][gc,mmu      ] GC(12) Y: MMU: 2ms/98.0%, 5ms/99.2%, 10ms/99.4%, 20ms/99.6%, 50ms/99.9%, 100ms/99.9%
[50.163s][info][gc,marking  ] GC(12) Y: Mark: 4 stripe(s), 2 proactive flush(es), 1 terminate flush(es), 0 completion(s), 0 continuation(s) 
[50.163s][info][gc,nmethod  ] GC(12) Y: NMethods: 7855 registered, 0 unregistered
[50.163s][info][gc,metaspace] GC(12) Y: Metaspace: 152M used, 153M committed, 1216M reserved
[50.163s][info][gc,reloc    ] GC(12) Y:                        Candidates     Selected     In-Place         Size        Empty    Relocated 
[50.163s][info][gc,reloc    ] GC(12) Y: Small Pages:                   68           43            0         136M          48M           0M 
[50.163s][info][gc,reloc    ] GC(12) Y: Medium Pages:                   0            0            0           0M           0M           0M 
[50.163s][info][gc,reloc    ] GC(12) Y: Large Pages:                    0            0            0           0M           0M           0M 
[50.163s][info][gc,reloc    ] GC(12) Y: Forwarding Usage: 0M
[50.163s][info][gc,reloc    ] GC(12) Y: Age Table:
[50.163s][info][gc,reloc    ] GC(12) Y:                    Live             Garbage             Small              Medium             Large        
[50.163s][info][gc,reloc    ] GC(12) Y: Eden               0M (0%)          125M (3%)          63 / 42             0 / 0              0 / 0        
[50.163s][info][gc,reloc    ] GC(12) Y: Survivor 1         0M (0%)            9M (0%)           5 / 1              0 / 0              0 / 0        
[50.163s][info][gc,heap     ] GC(12) Y: Min Capacity: 8M(0%)
[50.163s][info][gc,heap     ] GC(12) Y: Max Capacity: 4096M(100%)
[50.163s][info][gc,heap     ] GC(12) Y: Soft Max Capacity: 4096M(100%)
[50.163s][info][gc,heap     ] GC(12) Y: Heap Statistics:
[50.163s][info][gc,heap     ] GC(12) Y:                Mark Start          Mark End        Relocate Start      Relocate End           High               Low         
[50.163s][info][gc,heap     ] GC(12) Y:  Capacity:     3348M (82%)        3348M (82%)        3348M (82%)        3348M (82%)        3348M (82%)        3348M (82%)    
[50.163s][info][gc,heap     ] GC(12) Y:      Free:     3414M (83%)        3410M (83%)        3456M (84%)        3536M (86%)        3536M (86%)        3408M (83%)    
[50.163s][info][gc,heap     ] GC(12) Y:      Used:      682M (17%)         686M (17%)         640M (16%)         560M (14%)         688M (17%)         560M (14%)    
[50.163s][info][gc,heap     ] GC(12) Y: Young Generation Statistics:
[50.163s][info][gc,heap     ] GC(12) Y:                Mark Start          Mark End        Relocate Start      Relocate End    
[50.163s][info][gc,heap     ] GC(12) Y:      Used:      136M (3%)          140M (3%)           94M (2%)            6M (0%)     
[50.163s][info][gc,heap     ] GC(12) Y:      Live:         -                 0M (0%)            0M (0%)            0M (0%)     
[50.163s][info][gc,heap     ] GC(12) Y:   Garbage:         -               135M (3%)           87M (2%)            0M (0%)     
[50.163s][info][gc,heap     ] GC(12) Y: Allocated:         -                 4M (0%)            6M (0%)            6M (0%)     
[50.163s][info][gc,heap     ] GC(12) Y: Reclaimed:         -                  -                48M (1%)          135M (3%)     
[50.163s][info][gc,heap     ] GC(12) Y:  Promoted:         -                  -                 0M (0%)            0M (0%)     
[50.163s][info][gc,heap     ] GC(12) Y: Compacted:         -                  -                  -                 0M (0%)     
[50.163s][info][gc,phases   ] GC(12) Y: Young Generation (Promote All) 682M(17%)->560M(14%) 0.006s
[50.163s][info][gc,phases   ] GC(12) Y: Young Generation (Collect Roots)
[50.163s][info][gc,phases   ] GC(12) Y: Pause Mark Start (Major) 0.007ms
[50.163s][info][safepoint   ] Safepoint "ZMarkStartYoungAndOld", Time since last: 721600 ns, Reaching safepoint: 1600 ns, At safepoint: 21200 ns, Leaving safepoint: 1800 ns, Total: 24600 ns, Threads: 0 runnable, 63 total
[50.168s][info][gc,phases   ] GC(12) Y: Concurrent Mark 4.347ms
[50.168s][info][gc,phases   ] GC(12) Y: Pause Mark End 0.005ms
[50.168s][info][safepoint   ] Safepoint "ZMarkEndYoung", Time since last: 4382600 ns, Reaching safepoint: 1200 ns, At safepoint: 18100 ns, Leaving safepoint: 1600 ns, Total: 20900 ns, Threads: 0 runnable, 63 total
[50.168s][info][gc,phases   ] GC(12) Y: Concurrent Mark Free 0.001ms
[50.168s][info][gc,phases   ] GC(12) Y: Concurrent Reset Relocation Set 0.001ms
[50.168s][info][gc,reloc    ] GC(12) Y: Using tenuring threshold: 1 (Computed)
[50.168s][info][gc,phases   ] GC(12) Y: Concurrent Select Relocation Set 0.108ms
[50.168s][info][gc,phases   ] GC(12) Y: Pause Relocate Start 0.004ms
[50.168s][info][safepoint   ] Safepoint "ZRelocateStartYoung", Time since last: 178900 ns, Reaching safepoint: 1000 ns, At safepoint: 13100 ns, Leaving safepoint: 1700 ns, Total: 15800 ns, Threads: 0 runnable, 63 total
[50.168s][info][gc,phases   ] GC(12) Y: Concurrent Relocate 0.040ms
[50.168s][info][gc,alloc    ] GC(12) Y:                         Mark Start        Mark End      Relocate Start    Relocate End   
[50.168s][info][gc,alloc    ] GC(12) Y: Allocation Stalls:          0                0                0                0         
[50.168s][info][gc,load     ] GC(12) Y: Load: 0.00 (0%) / 0.00 (0%) / 0.00 (0%)
[50.168s][info][gc,mmu      ] GC(12) Y: MMU: 2ms/98.0%, 5ms/99.2%, 10ms/99.4%, 20ms/99.6%, 50ms/99.9%, 100ms/99.9%
[50.168s][info][gc,marking  ] GC(12) Y: Mark: 4 stripe(s), 1 proactive flush(es), 1 terminate flush(es), 0 completion(s), 0 continuation(s) 
[50.168s][info][gc,nmethod  ] GC(12) Y: NMethods: 7855 registered, 0 unregistered
[50.168s][info][gc,metaspace] GC(12) Y: Metaspace: 152M used, 153M committed, 1216M reserved
[50.168s][info][gc,reloc    ] GC(12) Y:                        Candidates     Selected     In-Place         Size        Empty    Relocated 
[50.168s][info][gc,reloc    ] GC(12) Y: Small Pages:                    3            0            0           6M           4M           0M 
[50.168s][info][gc,reloc    ] GC(12) Y: Medium Pages:                   0            0            0           0M           0M           0M 
[50.168s][info][gc,reloc    ] GC(12) Y: Large Pages:                    0            0            0           0M           0M           0M 
[50.168s][info][gc,reloc    ] GC(12) Y: Forwarding Usage: 0M
[50.168s][info][gc,reloc    ] GC(12) Y: Age Table:
[50.168s][info][gc,reloc    ] GC(12) Y:                    Live             Garbage             Small              Medium             Large        
[50.168s][info][gc,reloc    ] GC(12) Y: Eden               0M (0%)            5M (0%)           3 / 0              0 / 0              0 / 0        
[50.168s][info][gc,heap     ] GC(12) Y: Min Capacity: 8M(0%)
[50.168s][info][gc,heap     ] GC(12) Y: Max Capacity: 4096M(100%)
[50.168s][info][gc,heap     ] GC(12) Y: Soft Max Capacity: 4096M(100%)
[50.168s][info][gc,heap     ] GC(12) Y: Heap Statistics:
[50.168s][info][gc,heap     ] GC(12) Y:                Mark Start          Mark End        Relocate Start      Relocate End           High               Low         
[50.168s][info][gc,heap     ] GC(12) Y:  Capacity:     3348M (82%)        3348M (82%)        3348M (82%)        3348M (82%)        3348M (82%)        3348M (82%)    
[50.168s][info][gc,heap     ] GC(12) Y:      Free:     3536M (86%)        3534M (86%)        3538M (86%)        3538M (86%)        3538M (86%)        3534M (86%)    
[50.168s][info][gc,heap     ] GC(12) Y:      Used:      560M (14%)         562M (14%)         558M (14%)         558M (14%)         562M (14%)         558M (14%)    
[50.168s][info][gc,heap     ] GC(12) Y: Young Generation Statistics:
[50.168s][info][gc,heap     ] GC(12) Y:                Mark Start          Mark End        Relocate Start      Relocate End    
[50.168s][info][gc,heap     ] GC(12) Y:      Used:        6M (0%)            8M (0%)            4M (0%)            4M (0%)     
[50.168s][info][gc,heap     ] GC(12) Y:      Live:         -                 0M (0%)            0M (0%)            0M (0%)     
[50.168s][info][gc,heap     ] GC(12) Y:   Garbage:         -                 5M (0%)            1M (0%)            1M (0%)     
[50.168s][info][gc,heap     ] GC(12) Y: Allocated:         -                 2M (0%)            2M (0%)            2M (0%)     
[50.168s][info][gc,heap     ] GC(12) Y: Reclaimed:         -                  -                 4M (0%)            4M (0%)     
[50.168s][info][gc,heap     ] GC(12) Y:  Promoted:         -                  -                 0M (0%)            0M (0%)     
[50.168s][info][gc,heap     ] GC(12) Y: Compacted:         -                  -                  -                 0M (0%)     
[50.168s][info][gc,phases   ] GC(12) Y: Young Generation (Collect Roots) 560M(14%)->558M(14%) 0.005s
[50.168s][info][gc,phases   ] GC(12) O: Old Generation
[50.299s][info][gc,phases   ] GC(12) O: Concurrent Mark 130.174ms
[50.299s][info][gc,phases   ] GC(12) O: Pause Mark End 0.014ms
[50.299s][info][safepoint   ] Safepoint "ZMarkEndOld", Time since last: 130505600 ns, Reaching safepoint: 3000 ns, At safepoint: 35300 ns, Leaving safepoint: 2300 ns, Total: 40600 ns, Threads: 0 runnable, 63 total
[50.299s][info][gc,phases   ] GC(12) O: Concurrent Mark Free 0.003ms
[50.302s][info][gc,phases   ] GC(12) O: Concurrent Process Non-Strong 3.250ms
[50.302s][info][gc,phases   ] GC(12) O: Concurrent Reset Relocation Set 0.000ms
[50.302s][info][gc,phases   ] GC(12) O: Concurrent Select Relocation Set 0.057ms
[50.302s][info][gc,task     ] GC(12) O: Using 4 Workers for Old Generation
[50.305s][info][gc,task     ] GC(12) O: Using 4 Workers for Old Generation
[50.305s][info][gc,phases   ] GC(12) O: Concurrent Remap Roots 3.372ms
[50.305s][info][gc,phases   ] GC(12) O: Pause Relocate Start 0.008ms
[50.305s][info][safepoint   ] Safepoint "ZRelocateStartOld", Time since last: 6780000 ns, Reaching safepoint: 2800 ns, At safepoint: 28500 ns, Leaving safepoint: 2100 ns, Total: 33400 ns, Threads: 0 runnable, 63 total
[50.306s][info][gc,phases   ] GC(12) O: Concurrent Relocate 0.451ms
[50.306s][info][gc,alloc    ] GC(12) O:                         Mark Start        Mark End      Relocate Start    Relocate End   
[50.306s][info][gc,alloc    ] GC(12) O: Allocation Stalls:          0                0                0                0         
[50.306s][info][gc,load     ] GC(12) O: Load: 0.00 (0%) / 0.00 (0%) / 0.00 (0%)
[50.306s][info][gc,mmu      ] GC(12) O: MMU: 2ms/98.0%, 5ms/99.2%, 10ms/99.4%, 20ms/99.6%, 50ms/99.9%, 100ms/99.9%
[50.306s][info][gc,marking  ] GC(12) O: Mark: 4 stripe(s), 3 proactive flush(es), 1 terminate flush(es), 0 completion(s), 0 continuation(s) 
[50.306s][info][gc,nmethod  ] GC(12) O: NMethods: 7797 registered, 69 unregistered
[50.306s][info][gc,metaspace] GC(12) O: Metaspace: 152M used, 153M committed, 1216M reserved
[50.306s][info][gc,ref      ] GC(12) O:                       Encountered   Discovered     Enqueued 
[50.306s][info][gc,ref      ] GC(12) O: Soft References:             5379            0            0 
[50.306s][info][gc,ref      ] GC(12) O: Weak References:            36588         5448            0 
[50.306s][info][gc,ref      ] GC(12) O: Final References:              55            0            0 
[50.306s][info][gc,ref      ] GC(12) O: Phantom References:          1223          950            5 
[50.306s][info][gc,reloc    ] GC(12) O:                        Candidates     Selected     In-Place         Size        Empty    Relocated 
[50.306s][info][gc,reloc    ] GC(12) O: Small Pages:                  239            8            0         478M           0M           1M 
[50.306s][info][gc,reloc    ] GC(12) O: Medium Pages:                   2            0            0          64M           0M           0M 
[50.306s][info][gc,reloc    ] GC(12) O: Large Pages:                    1            0            0          12M           0M           0M 
[50.306s][info][gc,reloc    ] GC(12) O: Forwarding Usage: 0M
[50.306s][info][gc,heap     ] GC(12) O: Min Capacity: 8M(0%)
[50.306s][info][gc,heap     ] GC(12) O: Max Capacity: 4096M(100%)
[50.306s][info][gc,heap     ] GC(12) O: Soft Max Capacity: 4096M(100%)
[50.306s][info][gc,heap     ] GC(12) O: Heap Statistics:
[50.306s][info][gc,heap     ] GC(12) O:                Mark Start          Mark End        Relocate Start      Relocate End           High               Low         
[50.306s][info][gc,heap     ] GC(12) O:  Capacity:     3348M (82%)        3348M (82%)        3348M (82%)        3348M (82%)        3348M (82%)        3348M (82%)    
[50.306s][info][gc,heap     ] GC(12) O:      Free:     3536M (86%)        3526M (86%)        3526M (86%)        3534M (86%)        3538M (86%)        3516M (86%)    
[50.306s][info][gc,heap     ] GC(12) O:      Used:      560M (14%)         570M (14%)         570M (14%)         562M (14%)         580M (14%)         558M (14%)    
[50.306s][info][gc,heap     ] GC(12) O: Old Generation Statistics:
[50.306s][info][gc,heap     ] GC(12) O:                Mark Start          Mark End        Relocate Start      Relocate End    
[50.306s][info][gc,heap     ] GC(12) O:      Used:      554M (14%)         554M (14%)         554M (14%)         546M (13%)    
[50.306s][info][gc,heap     ] GC(12) O:      Live:         -               486M (12%)         486M (12%)         486M (12%)    
[50.306s][info][gc,heap     ] GC(12) O:   Garbage:         -                67M (2%)           67M (2%)           50M (1%)     
[50.306s][info][gc,heap     ] GC(12) O: Allocated:         -                 0M (0%)            0M (0%)            8M (0%)     
[50.306s][info][gc,heap     ] GC(12) O: Reclaimed:         -                  -                 0M (0%)           16M (0%)     
[50.306s][info][gc,heap     ] GC(12) O: Compacted:         -                  -                  -                 1M (0%)     
[50.306s][info][gc,phases   ] GC(12) O: Old Generation 558M(14%)->562M(14%) 0.138s
[50.306s][info][gc          ] GC(12) Major Collection (System.gc()) 682M(17%)->562M(14%) 0.149s
[55.307s][info][gc          ] GC(13) Major Collection (System.gc())
[55.307s][info][gc,task     ] GC(13) Using 4 Workers for Young Generation
[55.307s][info][gc,task     ] GC(13) Using 4 Workers for Old Generation
[55.307s][info][gc,phases   ] GC(13) Y: Young Generation (Promote All)
[55.307s][info][gc,phases   ] GC(13) Y: Pause Mark Start 0.012ms
[55.307s][info][safepoint   ] Safepoint "ZMarkStartYoung", Time since last: 5001946800 ns, Reaching safepoint: 15400 ns, At safepoint: 34700 ns, Leaving safepoint: 5400 ns, Total: 55500 ns, Threads: 1 runnable, 63 total
[55.312s][info][gc,phases   ] GC(13) Y: Concurrent Mark 4.927ms
[55.312s][info][gc,phases   ] GC(13) Y: Pause Mark End 0.008ms
[55.312s][info][safepoint   ] Safepoint "ZMarkEndYoung", Time since last: 4970700 ns, Reaching safepoint: 1800 ns, At safepoint: 18000 ns, Leaving safepoint: 1800 ns, Total: 21600 ns, Threads: 0 runnable, 63 total
[55.312s][info][gc,phases   ] GC(13) Y: Concurrent Mark Free 0.001ms
[55.312s][info][gc,phases   ] GC(13) Y: Concurrent Reset Relocation Set 0.000ms
[55.313s][info][gc,reloc    ] GC(13) Y: Using tenuring threshold: 0 (Promote All)
[55.313s][info][gc,phases   ] GC(13) Y: Concurrent Select Relocation Set 0.161ms
[55.313s][info][gc,phases   ] GC(13) Y: Pause Relocate Start 0.006ms
[55.313s][info][safepoint   ] Safepoint "ZRelocateStartYoung", Time since last: 227500 ns, Reaching safepoint: 1900 ns, At safepoint: 24400 ns, Leaving safepoint: 2000 ns, Total: 28300 ns, Threads: 0 runnable, 63 total
[55.313s][info][gc,phases   ] GC(13) Y: Concurrent Relocate 0.532ms
[55.313s][info][gc,alloc    ] GC(13) Y:                         Mark Start        Mark End      Relocate Start    Relocate End   
[55.313s][info][gc,alloc    ] GC(13) Y: Allocation Stalls:          0                0                0                0         
[55.313s][info][gc,load     ] GC(13) Y: Load: 0.00 (0%) / 0.00 (0%) / 0.00 (0%)
[55.313s][info][gc,mmu      ] GC(13) Y: MMU: 2ms/98.0%, 5ms/99.2%, 10ms/99.4%, 20ms/99.6%, 50ms/99.9%, 100ms/99.9%
[55.313s][info][gc,marking  ] GC(13) Y: Mark: 4 stripe(s), 2 proactive flush(es), 1 terminate flush(es), 0 completion(s), 0 continuation(s) 
[55.313s][info][gc,nmethod  ] GC(13) Y: NMethods: 7883 registered, 69 unregistered
[55.313s][info][gc,metaspace] GC(13) Y: Metaspace: 152M used, 153M committed, 1216M reserved
[55.313s][info][gc,reloc    ] GC(13) Y:                        Candidates     Selected     In-Place         Size        Empty    Relocated 
[55.313s][info][gc,reloc    ] GC(13) Y: Small Pages:                   56           42            0         112M          26M           0M 
[55.313s][info][gc,reloc    ] GC(13) Y: Medium Pages:                   0            0            0           0M           0M           0M 
[55.313s][info][gc,reloc    ] GC(13) Y: Large Pages:                    0            0            0           0M           0M           0M 
[55.313s][info][gc,reloc    ] GC(13) Y: Forwarding Usage: 0M
[55.313s][info][gc,reloc    ] GC(13) Y: Age Table:
[55.313s][info][gc,reloc    ] GC(13) Y:                    Live             Garbage             Small              Medium             Large        
[55.313s][info][gc,reloc    ] GC(13) Y: Eden               0M (0%)          109M (3%)          55 / 42             0 / 0              0 / 0        
[55.313s][info][gc,reloc    ] GC(13) Y: Survivor 1          -                 2M (0%)           1 / 0              0 / 0              0 / 0        
[55.313s][info][gc,heap     ] GC(13) Y: Min Capacity: 8M(0%)
[55.313s][info][gc,heap     ] GC(13) Y: Max Capacity: 4096M(100%)
[55.313s][info][gc,heap     ] GC(13) Y: Soft Max Capacity: 4096M(100%)
[55.313s][info][gc,heap     ] GC(13) Y: Heap Statistics:
[55.313s][info][gc,heap     ] GC(13) Y:                Mark Start          Mark End        Relocate Start      Relocate End           High               Low         
[55.313s][info][gc,heap     ] GC(13) Y:  Capacity:     3348M (82%)        3348M (82%)        3348M (82%)        3348M (82%)        3348M (82%)        3348M (82%)    
[55.313s][info][gc,heap     ] GC(13) Y:      Free:     3438M (84%)        3432M (84%)        3458M (84%)        3534M (86%)        3534M (86%)        3432M (84%)    
[55.313s][info][gc,heap     ] GC(13) Y:      Used:      658M (16%)         664M (16%)         638M (16%)         562M (14%)         664M (16%)         562M (14%)    
[55.313s][info][gc,heap     ] GC(13) Y: Young Generation Statistics:
[55.313s][info][gc,heap     ] GC(13) Y:                Mark Start          Mark End        Relocate Start      Relocate End    
[55.313s][info][gc,heap     ] GC(13) Y:      Used:      112M (3%)          118M (3%)           92M (2%)            6M (0%)     
[55.313s][info][gc,heap     ] GC(13) Y:      Live:         -                 0M (0%)            0M (0%)            0M (0%)     
[55.314s][info][gc,heap     ] GC(13) Y:   Garbage:         -               111M (3%)           85M (2%)            0M (0%)     
[55.314s][info][gc,heap     ] GC(13) Y: Allocated:         -                 6M (0%)            6M (0%)            6M (0%)     
[55.314s][info][gc,heap     ] GC(13) Y: Reclaimed:         -                  -                26M (1%)          111M (3%)     
[55.314s][info][gc,heap     ] GC(13) Y:  Promoted:         -                  -                 0M (0%)            0M (0%)     
[55.314s][info][gc,heap     ] GC(13) Y: Compacted:         -                  -                  -                 0M (0%)     
[55.314s][info][gc,phases   ] GC(13) Y: Young Generation (Promote All) 658M(16%)->562M(14%) 0.006s
[55.314s][info][gc,phases   ] GC(13) Y: Young Generation (Collect Roots)
[55.314s][info][gc,phases   ] GC(13) Y: Pause Mark Start (Major) 0.011ms
[55.314s][info][safepoint   ] Safepoint "ZMarkStartYoungAndOld", Time since last: 869300 ns, Reaching safepoint: 2400 ns, At safepoint: 34300 ns, Leaving safepoint: 4600 ns, Total: 41300 ns, Threads: 0 runnable, 63 total
[55.318s][info][gc,phases   ] GC(13) Y: Concurrent Mark 4.433ms
[55.318s][info][gc,phases   ] GC(13) Y: Pause Mark End 0.008ms
[55.318s][info][safepoint   ] Safepoint "ZMarkEndYoung", Time since last: 4482200 ns, Reaching safepoint: 2300 ns, At safepoint: 20700 ns, Leaving safepoint: 2400 ns, Total: 25400 ns, Threads: 0 runnable, 63 total
[55.318s][info][gc,phases   ] GC(13) Y: Concurrent Mark Free 0.001ms
[55.318s][info][gc,phases   ] GC(13) Y: Concurrent Reset Relocation Set 0.001ms
[55.318s][info][gc,reloc    ] GC(13) Y: Using tenuring threshold: 1 (Computed)
[55.318s][info][gc,phases   ] GC(13) Y: Concurrent Select Relocation Set 0.106ms
[55.318s][info][gc,phases   ] GC(13) Y: Pause Relocate Start 0.005ms
[55.318s][info][safepoint   ] Safepoint "ZRelocateStartYoung", Time since last: 177900 ns, Reaching safepoint: 1600 ns, At safepoint: 19700 ns, Leaving safepoint: 2200 ns, Total: 23500 ns, Threads: 0 runnable, 63 total
[55.318s][info][gc,phases   ] GC(13) Y: Concurrent Relocate 0.042ms
[55.318s][info][gc,alloc    ] GC(13) Y:                         Mark Start        Mark End      Relocate Start    Relocate End   
[55.318s][info][gc,alloc    ] GC(13) Y: Allocation Stalls:          0                0                0                0         
[55.318s][info][gc,load     ] GC(13) Y: Load: 0.00 (0%) / 0.00 (0%) / 0.00 (0%)
[55.318s][info][gc,mmu      ] GC(13) Y: MMU: 2ms/98.0%, 5ms/99.2%, 10ms/99.4%, 20ms/99.6%, 50ms/99.9%, 100ms/99.9%
[55.318s][info][gc,marking  ] GC(13) Y: Mark: 4 stripe(s), 2 proactive flush(es), 1 terminate flush(es), 0 completion(s), 0 continuation(s) 
[55.318s][info][gc,nmethod  ] GC(13) Y: NMethods: 7884 registered, 69 unregistered
[55.318s][info][gc,metaspace] GC(13) Y: Metaspace: 152M used, 153M committed, 1216M reserved
[55.318s][info][gc,reloc    ] GC(13) Y:                        Candidates     Selected     In-Place         Size        Empty    Relocated 
[55.318s][info][gc,reloc    ] GC(13) Y: Small Pages:                    3            0            0           6M           4M           0M 
[55.318s][info][gc,reloc    ] GC(13) Y: Medium Pages:                   0            0            0           0M           0M           0M 
[55.318s][info][gc,reloc    ] GC(13) Y: Large Pages:                    0            0            0           0M           0M           0M 
[55.318s][info][gc,reloc    ] GC(13) Y: Forwarding Usage: 0M
[55.318s][info][gc,reloc    ] GC(13) Y: Age Table:
[55.319s][info][gc,reloc    ] GC(13) Y:                    Live             Garbage             Small              Medium             Large        
[55.319s][info][gc,reloc    ] GC(13) Y: Eden               0M (0%)            5M (0%)           3 / 0              0 / 0              0 / 0        
[55.319s][info][gc,heap     ] GC(13) Y: Min Capacity: 8M(0%)
[55.319s][info][gc,heap     ] GC(13) Y: Max Capacity: 4096M(100%)
[55.319s][info][gc,heap     ] GC(13) Y: Soft Max Capacity: 4096M(100%)
[55.319s][info][gc,heap     ] GC(13) Y: Heap Statistics:
[55.319s][info][gc,heap     ] GC(13) Y:                Mark Start          Mark End        Relocate Start      Relocate End           High               Low         
[55.319s][info][gc,heap     ] GC(13) Y:  Capacity:     3348M (82%)        3348M (82%)        3348M (82%)        3348M (82%)        3348M (82%)        3348M (82%)    
[55.319s][info][gc,heap     ] GC(13) Y:      Free:     3534M (86%)        3530M (86%)        3532M (86%)        3532M (86%)        3534M (86%)        3528M (86%)    
[55.319s][info][gc,heap     ] GC(13) Y:      Used:      562M (14%)         566M (14%)         564M (14%)         564M (14%)         568M (14%)         562M (14%)    
[55.319s][info][gc,heap     ] GC(13) Y: Young Generation Statistics:
[55.319s][info][gc,heap     ] GC(13) Y:                Mark Start          Mark End        Relocate Start      Relocate End    
[55.319s][info][gc,heap     ] GC(13) Y:      Used:        6M (0%)           10M (0%)            8M (0%)            8M (0%)     
[55.319s][info][gc,heap     ] GC(13) Y:      Live:         -                 0M (0%)            0M (0%)            0M (0%)     
[55.319s][info][gc,heap     ] GC(13) Y:   Garbage:         -                 5M (0%)            1M (0%)            1M (0%)     
[55.319s][info][gc,heap     ] GC(13) Y: Allocated:         -                 4M (0%)            6M (0%)            6M (0%)     
[55.319s][info][gc,heap     ] GC(13) Y: Reclaimed:         -                  -                 4M (0%)            4M (0%)     
[55.319s][info][gc,heap     ] GC(13) Y:  Promoted:         -                  -                 0M (0%)            0M (0%)     
[55.319s][info][gc,heap     ] GC(13) Y: Compacted:         -                  -                  -                 0M (0%)     
[55.319s][info][gc,phases   ] GC(13) Y: Young Generation (Collect Roots) 562M(14%)->564M(14%) 0.005s
[55.319s][info][gc,phases   ] GC(13) O: Old Generation
[55.455s][info][gc,phases   ] GC(13) O: Concurrent Mark 136.129ms
[55.455s][info][gc,phases   ] GC(13) O: Pause Mark End 0.012ms
[55.455s][info][safepoint   ] Safepoint "ZMarkEndOld", Time since last: 136495900 ns, Reaching safepoint: 3100 ns, At safepoint: 33300 ns, Leaving safepoint: 2200 ns, Total: 38600 ns, Threads: 0 runnable, 63 total
[55.455s][info][gc,phases   ] GC(13) O: Concurrent Mark Free 0.003ms
[55.458s][info][gc,phases   ] GC(13) O: Concurrent Process Non-Strong 3.379ms
[55.458s][info][gc,phases   ] GC(13) O: Concurrent Reset Relocation Set 0.001ms
[55.458s][info][gc,phases   ] GC(13) O: Concurrent Select Relocation Set 0.046ms
[55.458s][info][gc,task     ] GC(13) O: Using 4 Workers for Old Generation
[55.462s][info][gc,task     ] GC(13) O: Using 4 Workers for Old Generation
[55.462s][info][gc,phases   ] GC(13) O: Concurrent Remap Roots 3.355ms
[55.462s][info][gc,phases   ] GC(13) O: Pause Relocate Start 0.008ms
[55.462s][info][safepoint   ] Safepoint "ZRelocateStartOld", Time since last: 6877400 ns, Reaching safepoint: 2500 ns, At safepoint: 26600 ns, Leaving safepoint: 2200 ns, Total: 31300 ns, Threads: 0 runnable, 63 total
[55.462s][info][gc,phases   ] GC(13) O: Concurrent Relocate 0.527ms
[55.462s][info][gc,alloc    ] GC(13) O:                         Mark Start        Mark End      Relocate Start    Relocate End   
[55.462s][info][gc,alloc    ] GC(13) O: Allocation Stalls:          0                0                0                0         
[55.462s][info][gc,load     ] GC(13) O: Load: 0.00 (0%) / 0.00 (0%) / 0.00 (0%)
[55.462s][info][gc,mmu      ] GC(13) O: MMU: 2ms/98.0%, 5ms/99.2%, 10ms/99.4%, 20ms/99.6%, 50ms/99.9%, 100ms/99.9%
[55.462s][info][gc,marking  ] GC(13) O: Mark: 4 stripe(s), 10 proactive flush(es), 1 terminate flush(es), 0 completion(s), 0 continuation(s) 
[55.462s][info][gc,nmethod  ] GC(13) O: NMethods: 7854 registered, 110 unregistered
[55.462s][info][gc,metaspace] GC(13) O: Metaspace: 152M used, 153M committed, 1216M reserved
[55.462s][info][gc,ref      ] GC(13) O:                       Encountered   Discovered     Enqueued 
[55.462s][info][gc,ref      ] GC(13) O: Soft References:             5379            0            0 
[55.462s][info][gc,ref      ] GC(13) O: Weak References:            36599         7940            7 
[55.462s][info][gc,ref      ] GC(13) O: Final References:              55            0            0 
[55.462s][info][gc,ref      ] GC(13) O: Phantom References:          1223          954            5 
[55.462s][info][gc,reloc    ] GC(13) O:                        Candidates     Selected     In-Place         Size        Empty    Relocated 
[55.462s][info][gc,reloc    ] GC(13) O: Small Pages:                  240            9            0         480M           0M           1M 
[55.462s][info][gc,reloc    ] GC(13) O: Medium Pages:                   2            0            0          64M           0M           0M 
[55.462s][info][gc,reloc    ] GC(13) O: Large Pages:                    1            0            0          12M           0M           0M 
[55.462s][info][gc,reloc    ] GC(13) O: Forwarding Usage: 0M
[55.462s][info][gc,heap     ] GC(13) O: Min Capacity: 8M(0%)
[55.462s][info][gc,heap     ] GC(13) O: Max Capacity: 4096M(100%)
[55.462s][info][gc,heap     ] GC(13) O: Soft Max Capacity: 4096M(100%)
[55.463s][info][gc,heap     ] GC(13) O: Heap Statistics:
[55.463s][info][gc,heap     ] GC(13) O:                Mark Start          Mark End        Relocate Start      Relocate End           High               Low         
[55.463s][info][gc,heap     ] GC(13) O:  Capacity:     3348M (82%)        3348M (82%)        3348M (82%)        3348M (82%)        3348M (82%)        3348M (82%)    
[55.463s][info][gc,heap     ] GC(13) O:      Free:     3534M (86%)        3524M (86%)        3524M (86%)        3534M (86%)        3534M (86%)        3514M (86%)    
[55.463s][info][gc,heap     ] GC(13) O:      Used:      562M (14%)         572M (14%)         572M (14%)         562M (14%)         582M (14%)         562M (14%)    
[55.463s][info][gc,heap     ] GC(13) O: Old Generation Statistics:
[55.463s][info][gc,heap     ] GC(13) O:                Mark Start          Mark End        Relocate Start      Relocate End    
[55.463s][info][gc,heap     ] GC(13) O:      Used:      556M (14%)         556M (14%)         556M (14%)         546M (13%)    
[55.463s][info][gc,heap     ] GC(13) O:      Live:         -               486M (12%)         486M (12%)         486M (12%)    
[55.463s][info][gc,heap     ] GC(13) O:   Garbage:         -                69M (2%)           69M (2%)           50M (1%)     
[55.463s][info][gc,heap     ] GC(13) O: Allocated:         -                 0M (0%)            0M (0%)            8M (0%)     
[55.463s][info][gc,heap     ] GC(13) O: Reclaimed:         -                  -                 0M (0%)           18M (0%)     
[55.463s][info][gc,heap     ] GC(13) O: Compacted:         -                  -                  -                 1M (0%)     
[55.463s][info][gc,phases   ] GC(13) O: Old Generation 564M(14%)->562M(14%) 0.144s
[55.463s][info][gc          ] GC(13) Major Collection (System.gc()) 658M(16%)->562M(14%) 0.155s
[60.463s][info][gc          ] GC(14) Major Collection (System.gc())
[60.463s][info][gc,task     ] GC(14) Using 4 Workers for Young Generation
[60.463s][info][gc,task     ] GC(14) Using 4 Workers for Old Generation
[60.463s][info][gc,phases   ] GC(14) Y: Young Generation (Promote All)
[60.463s][info][gc,phases   ] GC(14) Y: Pause Mark Start 0.014ms
[60.463s][info][safepoint   ] Safepoint "ZMarkStartYoung", Time since last: 5001494900 ns, Reaching safepoint: 4600 ns, At safepoint: 41800 ns, Leaving safepoint: 3200 ns, Total: 49600 ns, Threads: 0 runnable, 63 total
[60.468s][info][gc,phases   ] GC(14) Y: Concurrent Mark 5.139ms
[60.469s][info][gc,phases   ] GC(14) Y: Pause Mark End 0.009ms
[60.469s][info][safepoint   ] Safepoint "ZMarkEndYoung", Time since last: 5197100 ns, Reaching safepoint: 3000 ns, At safepoint: 20000 ns, Leaving safepoint: 1900 ns, Total: 24900 ns, Threads: 0 runnable, 63 total
[60.469s][info][gc,phases   ] GC(14) Y: Concurrent Mark Free 0.001ms
[60.469s][info][gc,phases   ] GC(14) Y: Concurrent Reset Relocation Set 0.000ms
[60.469s][info][gc,reloc    ] GC(14) Y: Using tenuring threshold: 0 (Promote All)
[60.469s][info][gc,phases   ] GC(14) Y: Concurrent Select Relocation Set 0.142ms
[60.469s][info][gc,phases   ] GC(14) Y: Pause Relocate Start 0.008ms
[60.469s][info][safepoint   ] Safepoint "ZRelocateStartYoung", Time since last: 201000 ns, Reaching safepoint: 2000 ns, At safepoint: 27100 ns, Leaving safepoint: 3900 ns, Total: 33000 ns, Threads: 0 runnable, 63 total
[60.469s][info][gc,phases   ] GC(14) Y: Concurrent Relocate 0.324ms
[60.469s][info][gc,alloc    ] GC(14) Y:                         Mark Start        Mark End      Relocate Start    Relocate End   
[60.469s][info][gc,alloc    ] GC(14) Y: Allocation Stalls:          0                0                0                0         
[60.469s][info][gc,load     ] GC(14) Y: Load: 0.00 (0%) / 0.00 (0%) / 0.00 (0%)
[60.469s][info][gc,mmu      ] GC(14) Y: MMU: 2ms/98.0%, 5ms/99.2%, 10ms/99.4%, 20ms/99.6%, 50ms/99.9%, 100ms/99.9%
[60.469s][info][gc,marking  ] GC(14) Y: Mark: 4 stripe(s), 2 proactive flush(es), 1 terminate flush(es), 0 completion(s), 0 continuation(s) 
[60.469s][info][gc,nmethod  ] GC(14) Y: NMethods: 7902 registered, 110 unregistered
[60.469s][info][gc,metaspace] GC(14) Y: Metaspace: 152M used, 153M committed, 1216M reserved
[60.469s][info][gc,reloc    ] GC(14) Y:                        Candidates     Selected     In-Place         Size        Empty    Relocated 
[60.469s][info][gc,reloc    ] GC(14) Y: Small Pages:                   58           35            0         116M          44M           0M 
[60.469s][info][gc,reloc    ] GC(14) Y: Medium Pages:                   0            0            0           0M           0M           0M 
[60.469s][info][gc,reloc    ] GC(14) Y: Large Pages:                    0            0            0           0M           0M           0M 
[60.469s][info][gc,reloc    ] GC(14) Y: Forwarding Usage: 0M
[60.469s][info][gc,reloc    ] GC(14) Y: Age Table:
[60.469s][info][gc,reloc    ] GC(14) Y:                    Live             Garbage             Small              Medium             Large        
[60.469s][info][gc,reloc    ] GC(14) Y: Eden               0M (0%)          113M (3%)          57 / 35             0 / 0              0 / 0        
[60.469s][info][gc,reloc    ] GC(14) Y: Survivor 1          -                 2M (0%)           1 / 0              0 / 0              0 / 0        
[60.469s][info][gc,heap     ] GC(14) Y: Min Capacity: 8M(0%)
[60.469s][info][gc,heap     ] GC(14) Y: Max Capacity: 4096M(100%)
[60.469s][info][gc,heap     ] GC(14) Y: Soft Max Capacity: 4096M(100%)
[60.469s][info][gc,heap     ] GC(14) Y: Heap Statistics:
[60.469s][info][gc,heap     ] GC(14) Y:                Mark Start          Mark End        Relocate Start      Relocate End           High               Low         
[60.469s][info][gc,heap     ] GC(14) Y:  Capacity:     3348M (82%)        3348M (82%)        3348M (82%)        3348M (82%)        3348M (82%)        3348M (82%)    
[60.469s][info][gc,heap     ] GC(14) Y:      Free:     3434M (84%)        3430M (84%)        3472M (85%)        3536M (86%)        3536M (86%)        3428M (84%)    
[60.469s][info][gc,heap     ] GC(14) Y:      Used:      662M (16%)         666M (16%)         624M (15%)         560M (14%)         668M (16%)         560M (14%)    
[60.469s][info][gc,heap     ] GC(14) Y: Young Generation Statistics:
[60.469s][info][gc,heap     ] GC(14) Y:                Mark Start          Mark End        Relocate Start      Relocate End    
[60.469s][info][gc,heap     ] GC(14) Y:      Used:      116M (3%)          120M (3%)           78M (2%)            6M (0%)     
[60.469s][info][gc,heap     ] GC(14) Y:      Live:         -                 0M (0%)            0M (0%)            0M (0%)     
[60.469s][info][gc,heap     ] GC(14) Y:   Garbage:         -               115M (3%)           71M (2%)            0M (0%)     
[60.469s][info][gc,heap     ] GC(14) Y: Allocated:         -                 4M (0%)            6M (0%)            6M (0%)     
[60.469s][info][gc,heap     ] GC(14) Y: Reclaimed:         -                  -                44M (1%)          115M (3%)     
[60.469s][info][gc,heap     ] GC(14) Y:  Promoted:         -                  -                 0M (0%)            0M (0%)     
[60.469s][info][gc,heap     ] GC(14) Y: Compacted:         -                  -                  -                 0M (0%)     
[60.469s][info][gc,phases   ] GC(14) Y: Young Generation (Promote All) 662M(16%)->560M(14%) 0.006s
[60.469s][info][gc,phases   ] GC(14) Y: Young Generation (Collect Roots)
[60.469s][info][gc,phases   ] GC(14) Y: Pause Mark Start (Major) 0.007ms
[60.469s][info][safepoint   ] Safepoint "ZMarkStartYoungAndOld", Time since last: 608600 ns, Reaching safepoint: 1300 ns, At safepoint: 18900 ns, Leaving safepoint: 1800 ns, Total: 22000 ns, Threads: 0 runnable, 63 total
[60.474s][info][gc,phases   ] GC(14) Y: Concurrent Mark 4.261ms
[60.474s][info][gc,phases   ] GC(14) Y: Pause Mark End 0.007ms
[60.474s][info][safepoint   ] Safepoint "ZMarkEndYoung", Time since last: 4296700 ns, Reaching safepoint: 1500 ns, At safepoint: 25600 ns, Leaving safepoint: 2000 ns, Total: 29100 ns, Threads: 0 runnable, 63 total
[60.474s][info][gc,phases   ] GC(14) Y: Concurrent Mark Free 0.000ms
[60.474s][info][gc,phases   ] GC(14) Y: Concurrent Reset Relocation Set 0.001ms
[60.474s][info][gc,reloc    ] GC(14) Y: Using tenuring threshold: 1 (Computed)
[60.474s][info][gc,phases   ] GC(14) Y: Concurrent Select Relocation Set 0.103ms
[60.474s][info][gc,phases   ] GC(14) Y: Pause Relocate Start 0.004ms
[60.474s][info][safepoint   ] Safepoint "ZRelocateStartYoung", Time since last: 165300 ns, Reaching safepoint: 1100 ns, At safepoint: 13500 ns, Leaving safepoint: 1700 ns, Total: 16300 ns, Threads: 0 runnable, 63 total
[60.474s][info][gc,phases   ] GC(14) Y: Concurrent Relocate 0.042ms
[60.474s][info][gc,alloc    ] GC(14) Y:                         Mark Start        Mark End      Relocate Start    Relocate End   
[60.474s][info][gc,alloc    ] GC(14) Y: Allocation Stalls:          0                0                0                0         
[60.474s][info][gc,load     ] GC(14) Y: Load: 0.00 (0%) / 0.00 (0%) / 0.00 (0%)
[60.474s][info][gc,mmu      ] GC(14) Y: MMU: 2ms/98.0%, 5ms/99.2%, 10ms/99.4%, 20ms/99.6%, 50ms/99.9%, 100ms/99.9%
[60.474s][info][gc,marking  ] GC(14) Y: Mark: 4 stripe(s), 1 proactive flush(es), 1 terminate flush(es), 0 completion(s), 0 continuation(s) 
[60.474s][info][gc,nmethod  ] GC(14) Y: NMethods: 7903 registered, 110 unregistered
[60.474s][info][gc,metaspace] GC(14) Y: Metaspace: 152M used, 153M committed, 1216M reserved
[60.474s][info][gc,reloc    ] GC(14) Y:                        Candidates     Selected     In-Place         Size        Empty    Relocated 
[60.474s][info][gc,reloc    ] GC(14) Y: Small Pages:                    3            0            0           6M           4M           0M 
[60.474s][info][gc,reloc    ] GC(14) Y: Medium Pages:                   0            0            0           0M           0M           0M 
[60.474s][info][gc,reloc    ] GC(14) Y: Large Pages:                    0            0            0           0M           0M           0M 
[60.474s][info][gc,reloc    ] GC(14) Y: Forwarding Usage: 0M
[60.474s][info][gc,reloc    ] GC(14) Y: Age Table:
[60.474s][info][gc,reloc    ] GC(14) Y:                    Live             Garbage             Small              Medium             Large        
[60.474s][info][gc,reloc    ] GC(14) Y: Eden               0M (0%)            5M (0%)           3 / 0              0 / 0              0 / 0        
[60.474s][info][gc,heap     ] GC(14) Y: Min Capacity: 8M(0%)
[60.474s][info][gc,heap     ] GC(14) Y: Max Capacity: 4096M(100%)
[60.474s][info][gc,heap     ] GC(14) Y: Soft Max Capacity: 4096M(100%)
[60.474s][info][gc,heap     ] GC(14) Y: Heap Statistics:
[60.474s][info][gc,heap     ] GC(14) Y:                Mark Start          Mark End        Relocate Start      Relocate End           High               Low         
[60.474s][info][gc,heap     ] GC(14) Y:  Capacity:     3348M (82%)        3348M (82%)        3348M (82%)        3348M (82%)        3348M (82%)        3348M (82%)    
[60.474s][info][gc,heap     ] GC(14) Y:      Free:     3536M (86%)        3530M (86%)        3534M (86%)        3534M (86%)        3536M (86%)        3530M (86%)    
[60.474s][info][gc,heap     ] GC(14) Y:      Used:      560M (14%)         566M (14%)         562M (14%)         562M (14%)         566M (14%)         560M (14%)    
[60.474s][info][gc,heap     ] GC(14) Y: Young Generation Statistics:
[60.474s][info][gc,heap     ] GC(14) Y:                Mark Start          Mark End        Relocate Start      Relocate End    
[60.474s][info][gc,heap     ] GC(14) Y:      Used:        6M (0%)           12M (0%)            8M (0%)            8M (0%)     
[60.474s][info][gc,heap     ] GC(14) Y:      Live:         -                 0M (0%)            0M (0%)            0M (0%)     
[60.474s][info][gc,heap     ] GC(14) Y:   Garbage:         -                 5M (0%)            1M (0%)            1M (0%)     
[60.474s][info][gc,heap     ] GC(14) Y: Allocated:         -                 6M (0%)            6M (0%)            6M (0%)     
[60.474s][info][gc,heap     ] GC(14) Y: Reclaimed:         -                  -                 4M (0%)            4M (0%)     
[60.474s][info][gc,heap     ] GC(14) Y:  Promoted:         -                  -                 0M (0%)            0M (0%)     
[60.474s][info][gc,heap     ] GC(14) Y: Compacted:         -                  -                  -                 0M (0%)     
[60.474s][info][gc,phases   ] GC(14) Y: Young Generation (Collect Roots) 560M(14%)->562M(14%) 0.005s
[60.474s][info][gc,phases   ] GC(14) O: Old Generation
[60.611s][info][gc,phases   ] GC(14) O: Concurrent Mark 136.688ms
[60.611s][info][gc,phases   ] GC(14) O: Pause Mark End 0.019ms
[60.611s][info][safepoint   ] Safepoint "ZMarkEndOld", Time since last: 137026600 ns, Reaching safepoint: 5400 ns, At safepoint: 42600 ns, Leaving safepoint: 3000 ns, Total: 51000 ns, Threads: 0 runnable, 63 total
[60.611s][info][gc,phases   ] GC(14) O: Concurrent Mark Free 0.003ms
[60.616s][info][gc,phases   ] GC(14) O: Concurrent Process Non-Strong 5.045ms
[60.616s][info][gc,phases   ] GC(14) O: Concurrent Reset Relocation Set 0.001ms
[60.616s][info][gc,phases   ] GC(14) O: Concurrent Select Relocation Set 0.142ms
[60.616s][info][gc,task     ] GC(14) O: Using 4 Workers for Old Generation
[60.619s][info][gc,task     ] GC(14) O: Using 4 Workers for Old Generation
[60.619s][info][gc,phases   ] GC(14) O: Concurrent Remap Roots 3.199ms
[60.619s][info][gc,phases   ] GC(14) O: Pause Relocate Start 0.010ms
[60.620s][info][safepoint   ] Safepoint "ZRelocateStartOld", Time since last: 8505800 ns, Reaching safepoint: 3800 ns, At safepoint: 33200 ns, Leaving safepoint: 2400 ns, Total: 39400 ns, Threads: 0 runnable, 63 total
[60.620s][info][gc,phases   ] GC(14) O: Concurrent Relocate 0.422ms
[60.620s][info][gc,alloc    ] GC(14) O:                         Mark Start        Mark End      Relocate Start    Relocate End   
[60.620s][info][gc,alloc    ] GC(14) O: Allocation Stalls:          0                0                0                0         
[60.620s][info][gc,load     ] GC(14) O: Load: 0.00 (0%) / 0.00 (0%) / 0.00 (0%)
[60.620s][info][gc,mmu      ] GC(14) O: MMU: 2ms/98.0%, 5ms/99.2%, 10ms/99.4%, 20ms/99.6%, 50ms/99.9%, 100ms/99.9%
[60.620s][info][gc,marking  ] GC(14) O: Mark: 4 stripe(s), 2 proactive flush(es), 1 terminate flush(es), 0 completion(s), 0 continuation(s) 
[60.620s][info][gc,nmethod  ] GC(14) O: NMethods: 6572 registered, 1442 unregistered
[60.620s][info][gc,metaspace] GC(14) O: Metaspace: 152M used, 153M committed, 1216M reserved
[60.620s][info][gc,ref      ] GC(14) O:                       Encountered   Discovered     Enqueued 
[60.620s][info][gc,ref      ] GC(14) O: Soft References:             5379            0            0 
[60.620s][info][gc,ref      ] GC(14) O: Weak References:            36592        18725            0 
[60.620s][info][gc,ref      ] GC(14) O: Final References:              55           16            0 
[60.620s][info][gc,ref      ] GC(14) O: Phantom References:          1223          978            5 
[60.620s][info][gc,reloc    ] GC(14) O:                        Candidates     Selected     In-Place         Size        Empty    Relocated 
[60.620s][info][gc,reloc    ] GC(14) O: Small Pages:                  239            8            0         478M           0M           1M 
[60.620s][info][gc,reloc    ] GC(14) O: Medium Pages:                   2            0            0          64M           0M           0M 
[60.620s][info][gc,reloc    ] GC(14) O: Large Pages:                    1            0            0          12M           0M           0M 
[60.620s][info][gc,reloc    ] GC(14) O: Forwarding Usage: 0M
[60.620s][info][gc,heap     ] GC(14) O: Min Capacity: 8M(0%)
[60.620s][info][gc,heap     ] GC(14) O: Max Capacity: 4096M(100%)
[60.620s][info][gc,heap     ] GC(14) O: Soft Max Capacity: 4096M(100%)
[60.620s][info][gc,heap     ] GC(14) O: Heap Statistics:
[60.620s][info][gc,heap     ] GC(14) O:                Mark Start          Mark End        Relocate Start      Relocate End           High               Low         
[60.620s][info][gc,heap     ] GC(14) O:  Capacity:     3348M (82%)        3348M (82%)        3348M (82%)        3348M (82%)        3348M (82%)        3348M (82%)    
[60.620s][info][gc,heap     ] GC(14) O:      Free:     3536M (86%)        3526M (86%)        3526M (86%)        3534M (86%)        3536M (86%)        3516M (86%)    
[60.620s][info][gc,heap     ] GC(14) O:      Used:      560M (14%)         570M (14%)         570M (14%)         562M (14%)         580M (14%)         560M (14%)    
[60.620s][info][gc,heap     ] GC(14) O: Old Generation Statistics:
[60.620s][info][gc,heap     ] GC(14) O:                Mark Start          Mark End        Relocate Start      Relocate End    
[60.620s][info][gc,heap     ] GC(14) O:      Used:      554M (14%)         554M (14%)         554M (14%)         546M (13%)    
[60.620s][info][gc,heap     ] GC(14) O:      Live:         -               486M (12%)         486M (12%)         486M (12%)    
[60.620s][info][gc,heap     ] GC(14) O:   Garbage:         -                67M (2%)           67M (2%)           50M (1%)     
[60.620s][info][gc,heap     ] GC(14) O: Allocated:         -                 0M (0%)            0M (0%)            8M (0%)     
[60.620s][info][gc,heap     ] GC(14) O: Reclaimed:         -                  -                 0M (0%)           16M (0%)     
[60.620s][info][gc,heap     ] GC(14) O: Compacted:         -                  -                  -                 1M (0%)     
[60.620s][info][gc,phases   ] GC(14) O: Old Generation 562M(14%)->562M(14%) 0.146s
[60.620s][info][gc          ] GC(14) Major Collection (System.gc()) 662M(16%)->562M(14%) 0.157s
[65.622s][info][gc          ] GC(15) Major Collection (System.gc())
[65.622s][info][gc,task     ] GC(15) Using 4 Workers for Young Generation
[65.622s][info][gc,task     ] GC(15) Using 4 Workers for Old Generation
[65.622s][info][gc,phases   ] GC(15) Y: Young Generation (Promote All)
[65.622s][info][gc,phases   ] GC(15) Y: Pause Mark Start 0.012ms
[65.622s][info][safepoint   ] Safepoint "ZMarkStartYoung", Time since last: 5002491600 ns, Reaching safepoint: 4900 ns, At safepoint: 33300 ns, Leaving safepoint: 2600 ns, Total: 40800 ns, Threads: 0 runnable, 63 total
[65.627s][info][gc,phases   ] GC(15) Y: Concurrent Mark 5.075ms
[65.627s][info][gc,phases   ] GC(15) Y: Pause Mark End 0.008ms
[65.627s][info][safepoint   ] Safepoint "ZMarkEndYoung", Time since last: 5162700 ns, Reaching safepoint: 2800 ns, At safepoint: 28300 ns, Leaving safepoint: 2000 ns, Total: 33100 ns, Threads: 0 runnable, 63 total
[65.627s][info][gc,phases   ] GC(15) Y: Concurrent Mark Free 0.002ms
[65.627s][info][gc,phases   ] GC(15) Y: Concurrent Reset Relocation Set 0.000ms
[65.627s][info][gc,reloc    ] GC(15) Y: Using tenuring threshold: 0 (Promote All)
[65.627s][info][gc,phases   ] GC(15) Y: Concurrent Select Relocation Set 0.155ms
[65.628s][info][gc,phases   ] GC(15) Y: Pause Relocate Start 0.005ms
[65.628s][info][safepoint   ] Safepoint "ZRelocateStartYoung", Time since last: 243400 ns, Reaching safepoint: 1600 ns, At safepoint: 17100 ns, Leaving safepoint: 1900 ns, Total: 20600 ns, Threads: 0 runnable, 63 total
[65.628s][info][gc,phases   ] GC(15) Y: Concurrent Relocate 0.357ms
[65.628s][info][gc,alloc    ] GC(15) Y:                         Mark Start        Mark End      Relocate Start    Relocate End   
[65.628s][info][gc,alloc    ] GC(15) Y: Allocation Stalls:          0                0                0                0         
[65.628s][info][gc,load     ] GC(15) Y: Load: 0.00 (0%) / 0.00 (0%) / 0.00 (0%)
[65.628s][info][gc,mmu      ] GC(15) Y: MMU: 2ms/98.0%, 5ms/99.2%, 10ms/99.4%, 20ms/99.6%, 50ms/99.9%, 100ms/99.9%
[65.628s][info][gc,marking  ] GC(15) Y: Mark: 4 stripe(s), 1 proactive flush(es), 1 terminate flush(es), 0 completion(s), 0 continuation(s) 
[65.628s][info][gc,nmethod  ] GC(15) Y: NMethods: 6709 registered, 1442 unregistered
[65.628s][info][gc,metaspace] GC(15) Y: Metaspace: 152M used, 153M committed, 1216M reserved
[65.628s][info][gc,reloc    ] GC(15) Y:                        Candidates     Selected     In-Place         Size        Empty    Relocated 
[65.628s][info][gc,reloc    ] GC(15) Y: Small Pages:                   58           37            0         116M          40M           0M 
[65.628s][info][gc,reloc    ] GC(15) Y: Medium Pages:                   0            0            0           0M           0M           0M 
[65.628s][info][gc,reloc    ] GC(15) Y: Large Pages:                    0            0            0           0M           0M           0M 
[65.628s][info][gc,reloc    ] GC(15) Y: Forwarding Usage: 0M
[65.628s][info][gc,reloc    ] GC(15) Y: Age Table:
[65.628s][info][gc,reloc    ] GC(15) Y:                    Live             Garbage             Small              Medium             Large        
[65.628s][info][gc,reloc    ] GC(15) Y: Eden               0M (0%)          113M (3%)          57 / 37             0 / 0              0 / 0        
[65.628s][info][gc,reloc    ] GC(15) Y: Survivor 1          -                 2M (0%)           1 / 0              0 / 0              0 / 0        
[65.628s][info][gc,heap     ] GC(15) Y: Min Capacity: 8M(0%)
[65.628s][info][gc,heap     ] GC(15) Y: Max Capacity: 4096M(100%)
[65.628s][info][gc,heap     ] GC(15) Y: Soft Max Capacity: 4096M(100%)
[65.628s][info][gc,heap     ] GC(15) Y: Heap Statistics:
[65.628s][info][gc,heap     ] GC(15) Y:                Mark Start          Mark End        Relocate Start      Relocate End           High               Low         
[65.628s][info][gc,heap     ] GC(15) Y:  Capacity:     3348M (82%)        3348M (82%)        3348M (82%)        3348M (82%)        3348M (82%)        3348M (82%)    
[65.628s][info][gc,heap     ] GC(15) Y:      Free:     3434M (84%)        3432M (84%)        3470M (85%)        3538M (86%)        3538M (86%)        3430M (84%)    
[65.628s][info][gc,heap     ] GC(15) Y:      Used:      662M (16%)         664M (16%)         626M (15%)         558M (14%)         666M (16%)         558M (14%)    
[65.628s][info][gc,heap     ] GC(15) Y: Young Generation Statistics:
[65.628s][info][gc,heap     ] GC(15) Y:                Mark Start          Mark End        Relocate Start      Relocate End    
[65.628s][info][gc,heap     ] GC(15) Y:      Used:      116M (3%)          118M (3%)           80M (2%)            4M (0%)     
[65.628s][info][gc,heap     ] GC(15) Y:      Live:         -                 0M (0%)            0M (0%)            0M (0%)     
[65.628s][info][gc,heap     ] GC(15) Y:   Garbage:         -               115M (3%)           75M (2%)            0M (0%)     
[65.628s][info][gc,heap     ] GC(15) Y: Allocated:         -                 2M (0%)            4M (0%)            4M (0%)     
[65.628s][info][gc,heap     ] GC(15) Y: Reclaimed:         -                  -                40M (1%)          115M (3%)     
[65.628s][info][gc,heap     ] GC(15) Y:  Promoted:         -                  -                 0M (0%)            0M (0%)     
[65.628s][info][gc,heap     ] GC(15) Y: Compacted:         -                  -                  -                 0M (0%)     
[65.628s][info][gc,phases   ] GC(15) Y: Young Generation (Promote All) 662M(16%)->558M(14%) 0.006s
[65.628s][info][gc,phases   ] GC(15) Y: Young Generation (Collect Roots)
[65.628s][info][gc,phases   ] GC(15) Y: Pause Mark Start (Major) 0.009ms
[65.628s][info][safepoint   ] Safepoint "ZMarkStartYoungAndOld", Time since last: 653900 ns, Reaching safepoint: 22700 ns, At safepoint: 28700 ns, Leaving safepoint: 3800 ns, Total: 55200 ns, Threads: 1 runnable, 63 total
[65.632s][info][gc,phases   ] GC(15) Y: Concurrent Mark 3.940ms
[65.632s][info][gc,phases   ] GC(15) Y: Pause Mark End 0.006ms
[65.632s][info][safepoint   ] Safepoint "ZMarkEndYoung", Time since last: 3978100 ns, Reaching safepoint: 1100 ns, At safepoint: 19300 ns, Leaving safepoint: 1700 ns, Total: 22100 ns, Threads: 0 runnable, 63 total
[65.632s][info][gc,phases   ] GC(15) Y: Concurrent Mark Free 0.001ms
[65.632s][info][gc,phases   ] GC(15) Y: Concurrent Reset Relocation Set 0.001ms
[65.632s][info][gc,reloc    ] GC(15) Y: Using tenuring threshold: 1 (Computed)
[65.632s][info][gc,phases   ] GC(15) Y: Concurrent Select Relocation Set 0.095ms
[65.632s][info][gc,phases   ] GC(15) Y: Pause Relocate Start 0.004ms
[65.632s][info][safepoint   ] Safepoint "ZRelocateStartYoung", Time since last: 164500 ns, Reaching safepoint: 12500 ns, At safepoint: 16300 ns, Leaving safepoint: 3700 ns, Total: 32500 ns, Threads: 1 runnable, 63 total
[65.632s][info][gc,phases   ] GC(15) Y: Concurrent Relocate 0.043ms
[65.632s][info][gc,alloc    ] GC(15) Y:                         Mark Start        Mark End      Relocate Start    Relocate End   
[65.632s][info][gc,alloc    ] GC(15) Y: Allocation Stalls:          0                0                0                0         
[65.633s][info][gc,load     ] GC(15) Y: Load: 0.00 (0%) / 0.00 (0%) / 0.00 (0%)
[65.633s][info][gc,mmu      ] GC(15) Y: MMU: 2ms/98.0%, 5ms/99.2%, 10ms/99.4%, 20ms/99.6%, 50ms/99.9%, 100ms/99.9%
[65.633s][info][gc,marking  ] GC(15) Y: Mark: 4 stripe(s), 1 proactive flush(es), 1 terminate flush(es), 0 completion(s), 0 continuation(s) 
[65.633s][info][gc,nmethod  ] GC(15) Y: NMethods: 6712 registered, 1442 unregistered
[65.633s][info][gc,metaspace] GC(15) Y: Metaspace: 152M used, 153M committed, 1216M reserved
[65.633s][info][gc,reloc    ] GC(15) Y:                        Candidates     Selected     In-Place         Size        Empty    Relocated 
[65.633s][info][gc,reloc    ] GC(15) Y: Small Pages:                    2            0            0           4M           2M           0M 
[65.633s][info][gc,reloc    ] GC(15) Y: Medium Pages:                   0            0            0           0M           0M           0M 
[65.633s][info][gc,reloc    ] GC(15) Y: Large Pages:                    0            0            0           0M           0M           0M 
[65.633s][info][gc,reloc    ] GC(15) Y: Forwarding Usage: 0M
[65.633s][info][gc,reloc    ] GC(15) Y: Age Table:
[65.633s][info][gc,reloc    ] GC(15) Y:                    Live             Garbage             Small              Medium             Large        
[65.633s][info][gc,reloc    ] GC(15) Y: Eden               0M (0%)            3M (0%)           2 / 0              0 / 0              0 / 0        
[65.633s][info][gc,heap     ] GC(15) Y: Min Capacity: 8M(0%)
[65.633s][info][gc,heap     ] GC(15) Y: Max Capacity: 4096M(100%)
[65.633s][info][gc,heap     ] GC(15) Y: Soft Max Capacity: 4096M(100%)
[65.633s][info][gc,heap     ] GC(15) Y: Heap Statistics:
[65.633s][info][gc,heap     ] GC(15) Y:                Mark Start          Mark End        Relocate Start      Relocate End           High               Low         
[65.633s][info][gc,heap     ] GC(15) Y:  Capacity:     3348M (82%)        3348M (82%)        3348M (82%)        3348M (82%)        3348M (82%)        3348M (82%)    
[65.633s][info][gc,heap     ] GC(15) Y:      Free:     3538M (86%)        3530M (86%)        3532M (86%)        3532M (86%)        3538M (86%)        3530M (86%)    
[65.633s][info][gc,heap     ] GC(15) Y:      Used:      558M (14%)         566M (14%)         564M (14%)         564M (14%)         566M (14%)         558M (14%)    
[65.633s][info][gc,heap     ] GC(15) Y: Young Generation Statistics:
[65.633s][info][gc,heap     ] GC(15) Y:                Mark Start          Mark End        Relocate Start      Relocate End    
[65.633s][info][gc,heap     ] GC(15) Y:      Used:        4M (0%)           12M (0%)           10M (0%)           10M (0%)     
[65.633s][info][gc,heap     ] GC(15) Y:      Live:         -                 0M (0%)            0M (0%)            0M (0%)     
[65.633s][info][gc,heap     ] GC(15) Y:   Garbage:         -                 3M (0%)            1M (0%)            1M (0%)     
[65.633s][info][gc,heap     ] GC(15) Y: Allocated:         -                 8M (0%)            8M (0%)            8M (0%)     
[65.633s][info][gc,heap     ] GC(15) Y: Reclaimed:         -                  -                 2M (0%)            2M (0%)     
[65.633s][info][gc,heap     ] GC(15) Y:  Promoted:         -                  -                 0M (0%)            0M (0%)     
[65.633s][info][gc,heap     ] GC(15) Y: Compacted:         -                  -                  -                 0M (0%)     
[65.633s][info][gc,phases   ] GC(15) Y: Young Generation (Collect Roots) 558M(14%)->564M(14%) 0.004s
[65.633s][info][gc,phases   ] GC(15) O: Old Generation
[65.785s][info][gc,phases   ] GC(15) O: Concurrent Mark 151.823ms
[65.785s][info][gc,phases   ] GC(15) O: Pause Mark End 0.013ms
[65.785s][info][safepoint   ] Safepoint "ZMarkEndOld", Time since last: 152162800 ns, Reaching safepoint: 2600 ns, At safepoint: 33000 ns, Leaving safepoint: 2300 ns, Total: 37900 ns, Threads: 0 runnable, 63 total
[65.785s][info][gc,phases   ] GC(15) O: Concurrent Mark Free 0.002ms
[65.788s][info][gc,phases   ] GC(15) O: Concurrent Process Non-Strong 3.659ms
[65.788s][info][gc,phases   ] GC(15) O: Concurrent Reset Relocation Set 0.001ms
[65.788s][info][gc,phases   ] GC(15) O: Concurrent Select Relocation Set 0.103ms
[65.788s][info][gc,task     ] GC(15) O: Using 4 Workers for Old Generation
[65.790s][info][gc,task     ] GC(15) O: Using 4 Workers for Old Generation
[65.790s][info][gc,phases   ] GC(15) O: Concurrent Remap Roots 1.537ms
[65.790s][info][gc,phases   ] GC(15) O: Pause Relocate Start 0.008ms
[65.790s][info][safepoint   ] Safepoint "ZRelocateStartOld", Time since last: 5390400 ns, Reaching safepoint: 3100 ns, At safepoint: 26700 ns, Leaving safepoint: 2100 ns, Total: 31900 ns, Threads: 0 runnable, 63 total
[65.791s][info][gc,phases   ] GC(15) O: Concurrent Relocate 0.612ms
[65.791s][info][gc,alloc    ] GC(15) O:                         Mark Start        Mark End      Relocate Start    Relocate End   
[65.791s][info][gc,alloc    ] GC(15) O: Allocation Stalls:          0                0                0                0         
[65.791s][info][gc,load     ] GC(15) O: Load: 0.00 (0%) / 0.00 (0%) / 0.00 (0%)
[65.791s][info][gc,mmu      ] GC(15) O: MMU: 2ms/98.0%, 5ms/99.2%, 10ms/99.4%, 20ms/99.6%, 50ms/99.9%, 100ms/99.9%
[65.791s][info][gc,marking  ] GC(15) O: Mark: 4 stripe(s), 10 proactive flush(es), 1 terminate flush(es), 0 completion(s), 0 continuation(s) 
[65.791s][info][gc,nmethod  ] GC(15) O: NMethods: 6640 registered, 1519 unregistered
[65.791s][info][gc,metaspace] GC(15) O: Metaspace: 152M used, 153M committed, 1216M reserved
[65.791s][info][gc,ref      ] GC(15) O:                       Encountered   Discovered     Enqueued 
[65.791s][info][gc,ref      ] GC(15) O: Soft References:             5379            0            0 
[65.791s][info][gc,ref      ] GC(15) O: Weak References:            36593        18664            1 
[65.791s][info][gc,ref      ] GC(15) O: Final References:              55            0            0 
[65.791s][info][gc,ref      ] GC(15) O: Phantom References:          1223          816            5 
[65.791s][info][gc,reloc    ] GC(15) O:                        Candidates     Selected     In-Place         Size        Empty    Relocated 
[65.791s][info][gc,reloc    ] GC(15) O: Small Pages:                  239            8            0         478M           0M           1M 
[65.791s][info][gc,reloc    ] GC(15) O: Medium Pages:                   2            0            0          64M           0M           0M 
[65.791s][info][gc,reloc    ] GC(15) O: Large Pages:                    1            0            0          12M           0M           0M 
[65.791s][info][gc,reloc    ] GC(15) O: Forwarding Usage: 0M
[65.791s][info][gc,heap     ] GC(15) O: Min Capacity: 8M(0%)
[65.791s][info][gc,heap     ] GC(15) O: Max Capacity: 4096M(100%)
[65.791s][info][gc,heap     ] GC(15) O: Soft Max Capacity: 4096M(100%)
[65.791s][info][gc,heap     ] GC(15) O: Heap Statistics:
[65.791s][info][gc,heap     ] GC(15) O:                Mark Start          Mark End        Relocate Start      Relocate End           High               Low         
[65.791s][info][gc,heap     ] GC(15) O:  Capacity:     3348M (82%)        3348M (82%)        3348M (82%)        3348M (82%)        3348M (82%)        3348M (82%)    
[65.791s][info][gc,heap     ] GC(15) O:      Free:     3538M (86%)        3522M (86%)        3522M (86%)        3530M (86%)        3538M (86%)        3512M (86%)    
[65.791s][info][gc,heap     ] GC(15) O:      Used:      558M (14%)         574M (14%)         574M (14%)         566M (14%)         584M (14%)         558M (14%)    
[65.791s][info][gc,heap     ] GC(15) O: Old Generation Statistics:
[65.791s][info][gc,heap     ] GC(15) O:                Mark Start          Mark End        Relocate Start      Relocate End    
[65.791s][info][gc,heap     ] GC(15) O:      Used:      554M (14%)         554M (14%)         554M (14%)         546M (13%)    
[65.791s][info][gc,heap     ] GC(15) O:      Live:         -               486M (12%)         486M (12%)         486M (12%)    
[65.791s][info][gc,heap     ] GC(15) O:   Garbage:         -                67M (2%)           67M (2%)           50M (1%)     
[65.791s][info][gc,heap     ] GC(15) O: Allocated:         -                 0M (0%)            0M (0%)            8M (0%)     
[65.791s][info][gc,heap     ] GC(15) O: Reclaimed:         -                  -                 0M (0%)           16M (0%)     
[65.791s][info][gc,heap     ] GC(15) O: Compacted:         -                  -                  -                 1M (0%)     
[65.791s][info][gc,phases   ] GC(15) O: Old Generation 564M(14%)->566M(14%) 0.158s
[65.791s][info][gc          ] GC(15) Major Collection (System.gc()) 662M(16%)->566M(14%) 0.169s
[70.793s][info][gc          ] GC(16) Major Collection (System.gc())
[70.793s][info][gc,task     ] GC(16) Using 4 Workers for Young Generation
[70.793s][info][gc,task     ] GC(16) Using 4 Workers for Old Generation
[70.793s][info][gc,phases   ] GC(16) Y: Young Generation (Promote All)
[70.793s][info][gc,phases   ] GC(16) Y: Pause Mark Start 0.013ms
[70.793s][info][safepoint   ] Safepoint "ZMarkStartYoung", Time since last: 5002740500 ns, Reaching safepoint: 15400 ns, At safepoint: 34900 ns, Leaving safepoint: 4800 ns, Total: 55100 ns, Threads: 1 runnable, 63 total
[70.799s][info][gc,phases   ] GC(16) Y: Concurrent Mark 5.934ms
[70.799s][info][gc,phases   ] GC(16) Y: Pause Mark End 0.008ms
[70.799s][info][safepoint   ] Safepoint "ZMarkEndYoung", Time since last: 5977400 ns, Reaching safepoint: 2300 ns, At safepoint: 27200 ns, Leaving safepoint: 1900 ns, Total: 31400 ns, Threads: 0 runnable, 63 total
[70.799s][info][gc,phases   ] GC(16) Y: Concurrent Mark Free 0.002ms
[70.799s][info][gc,phases   ] GC(16) Y: Concurrent Reset Relocation Set 0.000ms
[70.799s][info][gc,reloc    ] GC(16) Y: Using tenuring threshold: 0 (Promote All)
[70.799s][info][gc,phases   ] GC(16) Y: Concurrent Select Relocation Set 0.136ms
[70.799s][info][gc,phases   ] GC(16) Y: Pause Relocate Start 0.005ms
[70.799s][info][safepoint   ] Safepoint "ZRelocateStartYoung", Time since last: 202300 ns, Reaching safepoint: 1200 ns, At safepoint: 15000 ns, Leaving safepoint: 1800 ns, Total: 18000 ns, Threads: 0 runnable, 63 total
[70.799s][info][gc,phases   ] GC(16) Y: Concurrent Relocate 0.246ms
[70.799s][info][gc,alloc    ] GC(16) Y:                         Mark Start        Mark End      Relocate Start    Relocate End   
[70.799s][info][gc,alloc    ] GC(16) Y: Allocation Stalls:          0                0                0                0         
[70.799s][info][gc,load     ] GC(16) Y: Load: 0.00 (0%) / 0.00 (0%) / 0.00 (0%)
[70.799s][info][gc,mmu      ] GC(16) Y: MMU: 2ms/98.0%, 5ms/99.2%, 10ms/99.4%, 20ms/99.6%, 50ms/99.9%, 100ms/99.9%
[70.799s][info][gc,marking  ] GC(16) Y: Mark: 4 stripe(s), 2 proactive flush(es), 1 terminate flush(es), 0 completion(s), 0 continuation(s) 
[70.799s][info][gc,nmethod  ] GC(16) Y: NMethods: 6691 registered, 1519 unregistered
[70.799s][info][gc,metaspace] GC(16) Y: Metaspace: 152M used, 153M committed, 1216M reserved
[70.799s][info][gc,reloc    ] GC(16) Y:                        Candidates     Selected     In-Place         Size        Empty    Relocated 
[70.799s][info][gc,reloc    ] GC(16) Y: Small Pages:                   59           41            0         118M          34M           0M 
[70.799s][info][gc,reloc    ] GC(16) Y: Medium Pages:                   0            0            0           0M           0M           0M 
[70.799s][info][gc,reloc    ] GC(16) Y: Large Pages:                    0            0            0           0M           0M           0M 
[70.799s][info][gc,reloc    ] GC(16) Y: Forwarding Usage: 0M
[70.799s][info][gc,reloc    ] GC(16) Y: Age Table:
[70.799s][info][gc,reloc    ] GC(16) Y:                    Live             Garbage             Small              Medium             Large        
[70.799s][info][gc,reloc    ] GC(16) Y: Eden               0M (0%)          115M (3%)          58 / 40             0 / 0              0 / 0        
[70.799s][info][gc,reloc    ] GC(16) Y: Survivor 1         0M (0%)            1M (0%)           1 / 1              0 / 0              0 / 0        
[70.799s][info][gc,heap     ] GC(16) Y: Min Capacity: 8M(0%)
[70.799s][info][gc,heap     ] GC(16) Y: Max Capacity: 4096M(100%)
[70.799s][info][gc,heap     ] GC(16) Y: Soft Max Capacity: 4096M(100%)
[70.799s][info][gc,heap     ] GC(16) Y: Heap Statistics:
[70.799s][info][gc,heap     ] GC(16) Y:                Mark Start          Mark End        Relocate Start      Relocate End           High               Low         
[70.799s][info][gc,heap     ] GC(16) Y:  Capacity:     3348M (82%)        3348M (82%)        3348M (82%)        3348M (82%)        3348M (82%)        3348M (82%)    
[70.799s][info][gc,heap     ] GC(16) Y:      Free:     3432M (84%)        3428M (84%)        3462M (85%)        3536M (86%)        3536M (86%)        3428M (84%)    
[70.800s][info][gc,heap     ] GC(16) Y:      Used:      664M (16%)         668M (16%)         634M (15%)         560M (14%)         668M (16%)         560M (14%)    
[70.800s][info][gc,heap     ] GC(16) Y: Young Generation Statistics:
[70.800s][info][gc,heap     ] GC(16) Y:                Mark Start          Mark End        Relocate Start      Relocate End    
[70.800s][info][gc,heap     ] GC(16) Y:      Used:      118M (3%)          122M (3%)           88M (2%)            4M (0%)     
[70.800s][info][gc,heap     ] GC(16) Y:      Live:         -                 0M (0%)            0M (0%)            0M (0%)     
[70.800s][info][gc,heap     ] GC(16) Y:   Garbage:         -               117M (3%)           83M (2%)            0M (0%)     
[70.800s][info][gc,heap     ] GC(16) Y: Allocated:         -                 4M (0%)            4M (0%)            4M (0%)     
[70.800s][info][gc,heap     ] GC(16) Y: Reclaimed:         -                  -                34M (1%)          117M (3%)     
[70.800s][info][gc,heap     ] GC(16) Y:  Promoted:         -                  -                 0M (0%)            0M (0%)     
[70.800s][info][gc,heap     ] GC(16) Y: Compacted:         -                  -                  -                 0M (0%)     
[70.800s][info][gc,phases   ] GC(16) Y: Young Generation (Promote All) 664M(16%)->560M(14%) 0.007s
[70.800s][info][gc,phases   ] GC(16) Y: Young Generation (Collect Roots)
[70.800s][info][gc,phases   ] GC(16) Y: Pause Mark Start (Major) 0.009ms
[70.800s][info][safepoint   ] Safepoint "ZMarkStartYoungAndOld", Time since last: 525400 ns, Reaching safepoint: 12200 ns, At safepoint: 27300 ns, Leaving safepoint: 3500 ns, Total: 43000 ns, Threads: 1 runnable, 63 total
[70.804s][info][gc,phases   ] GC(16) Y: Concurrent Mark 4.266ms
[70.804s][info][gc,phases   ] GC(16) Y: Pause Mark End 0.007ms
[70.804s][info][safepoint   ] Safepoint "ZMarkEndYoung", Time since last: 4304100 ns, Reaching safepoint: 1600 ns, At safepoint: 25000 ns, Leaving safepoint: 1900 ns, Total: 28500 ns, Threads: 0 runnable, 63 total
[70.804s][info][gc,phases   ] GC(16) Y: Concurrent Mark Free 0.001ms
[70.804s][info][gc,phases   ] GC(16) Y: Concurrent Reset Relocation Set 0.001ms
[70.804s][info][gc,reloc    ] GC(16) Y: Using tenuring threshold: 1 (Computed)
[70.804s][info][gc,phases   ] GC(16) Y: Concurrent Select Relocation Set 0.087ms
[70.804s][info][gc,phases   ] GC(16) Y: Pause Relocate Start 0.005ms
[70.804s][info][safepoint   ] Safepoint "ZRelocateStartYoung", Time since last: 144600 ns, Reaching safepoint: 1800 ns, At safepoint: 21500 ns, Leaving safepoint: 1900 ns, Total: 25200 ns, Threads: 0 runnable, 63 total
[70.804s][info][gc,phases   ] GC(16) Y: Concurrent Relocate 0.033ms
[70.804s][info][gc,alloc    ] GC(16) Y:                         Mark Start        Mark End      Relocate Start    Relocate End   
[70.804s][info][gc,alloc    ] GC(16) Y: Allocation Stalls:          0                0                0                0         
[70.804s][info][gc,load     ] GC(16) Y: Load: 0.00 (0%) / 0.00 (0%) / 0.00 (0%)
[70.804s][info][gc,mmu      ] GC(16) Y: MMU: 2ms/98.0%, 5ms/99.2%, 10ms/99.4%, 20ms/99.6%, 50ms/99.9%, 100ms/99.9%
[70.804s][info][gc,marking  ] GC(16) Y: Mark: 4 stripe(s), 2 proactive flush(es), 1 terminate flush(es), 0 completion(s), 0 continuation(s) 
[70.804s][info][gc,nmethod  ] GC(16) Y: NMethods: 6692 registered, 1519 unregistered
[70.804s][info][gc,metaspace] GC(16) Y: Metaspace: 152M used, 153M committed, 1216M reserved
[70.804s][info][gc,reloc    ] GC(16) Y:                        Candidates     Selected     In-Place         Size        Empty    Relocated 
[70.804s][info][gc,reloc    ] GC(16) Y: Small Pages:                    3            0            0           6M           4M           0M 
[70.804s][info][gc,reloc    ] GC(16) Y: Medium Pages:                   0            0            0           0M           0M           0M 
[70.804s][info][gc,reloc    ] GC(16) Y: Large Pages:                    0            0            0           0M           0M           0M 
[70.804s][info][gc,reloc    ] GC(16) Y: Forwarding Usage: 0M
[70.804s][info][gc,reloc    ] GC(16) Y: Age Table:
[70.804s][info][gc,reloc    ] GC(16) Y:                    Live             Garbage             Small              Medium             Large        
[70.804s][info][gc,reloc    ] GC(16) Y: Eden               0M (0%)            5M (0%)           3 / 0              0 / 0              0 / 0        
[70.804s][info][gc,heap     ] GC(16) Y: Min Capacity: 8M(0%)
[70.804s][info][gc,heap     ] GC(16) Y: Max Capacity: 4096M(100%)
[70.804s][info][gc,heap     ] GC(16) Y: Soft Max Capacity: 4096M(100%)
[70.804s][info][gc,heap     ] GC(16) Y: Heap Statistics:
[70.804s][info][gc,heap     ] GC(16) Y:                Mark Start          Mark End        Relocate Start      Relocate End           High               Low         
[70.804s][info][gc,heap     ] GC(16) Y:  Capacity:     3348M (82%)        3348M (82%)        3348M (82%)        3348M (82%)        3348M (82%)        3348M (82%)    
[70.804s][info][gc,heap     ] GC(16) Y:      Free:     3534M (86%)        3530M (86%)        3534M (86%)        3534M (86%)        3534M (86%)        3530M (86%)    
[70.804s][info][gc,heap     ] GC(16) Y:      Used:      562M (14%)         566M (14%)         562M (14%)         562M (14%)         566M (14%)         562M (14%)    
[70.804s][info][gc,heap     ] GC(16) Y: Young Generation Statistics:
[70.804s][info][gc,heap     ] GC(16) Y:                Mark Start          Mark End        Relocate Start      Relocate End    
[70.804s][info][gc,heap     ] GC(16) Y:      Used:        6M (0%)           10M (0%)            6M (0%)            6M (0%)     
[70.804s][info][gc,heap     ] GC(16) Y:      Live:         -                 0M (0%)            0M (0%)            0M (0%)     
[70.804s][info][gc,heap     ] GC(16) Y:   Garbage:         -                 5M (0%)            1M (0%)            1M (0%)     
[70.804s][info][gc,heap     ] GC(16) Y: Allocated:         -                 4M (0%)            4M (0%)            4M (0%)     
[70.804s][info][gc,heap     ] GC(16) Y: Reclaimed:         -                  -                 4M (0%)            4M (0%)     
[70.804s][info][gc,heap     ] GC(16) Y:  Promoted:         -                  -                 0M (0%)            0M (0%)     
[70.804s][info][gc,heap     ] GC(16) Y: Compacted:         -                  -                  -                 0M (0%)     
[70.804s][info][gc,phases   ] GC(16) Y: Young Generation (Collect Roots) 562M(14%)->562M(14%) 0.005s
[70.804s][info][gc,phases   ] GC(16) O: Old Generation
[70.949s][info][gc,phases   ] GC(16) O: Concurrent Mark 145.034ms
[70.950s][info][gc,phases   ] GC(16) O: Pause Mark End 0.017ms
[70.950s][info][safepoint   ] Safepoint "ZMarkEndOld", Time since last: 145393400 ns, Reaching safepoint: 14700 ns, At safepoint: 38900 ns, Leaving safepoint: 4000 ns, Total: 57600 ns, Threads: 1 runnable, 63 total
[70.950s][info][gc,phases   ] GC(16) O: Concurrent Mark Free 0.003ms
[70.953s][info][gc,phases   ] GC(16) O: Concurrent Process Non-Strong 3.822ms
[70.953s][info][gc,phases   ] GC(16) O: Concurrent Reset Relocation Set 0.000ms
[70.954s][info][gc,phases   ] GC(16) O: Concurrent Select Relocation Set 0.127ms
[70.954s][info][gc,task     ] GC(16) O: Using 4 Workers for Old Generation
[70.957s][info][gc,task     ] GC(16) O: Using 4 Workers for Old Generation
[70.957s][info][gc,phases   ] GC(16) O: Concurrent Remap Roots 3.396ms
[70.957s][info][gc,phases   ] GC(16) O: Pause Relocate Start 0.009ms
[70.957s][info][safepoint   ] Safepoint "ZRelocateStartOld", Time since last: 7443500 ns, Reaching safepoint: 13600 ns, At safepoint: 28900 ns, Leaving safepoint: 3500 ns, Total: 46000 ns, Threads: 1 runnable, 63 total
[70.958s][info][gc,phases   ] GC(16) O: Concurrent Relocate 0.558ms
[70.958s][info][gc,alloc    ] GC(16) O:                         Mark Start        Mark End      Relocate Start    Relocate End   
[70.958s][info][gc,alloc    ] GC(16) O: Allocation Stalls:          0                0                0                0         
[70.958s][info][gc,load     ] GC(16) O: Load: 0.00 (0%) / 0.00 (0%) / 0.00 (0%)
[70.958s][info][gc,mmu      ] GC(16) O: MMU: 2ms/98.0%, 5ms/99.2%, 10ms/99.4%, 20ms/99.6%, 50ms/99.9%, 100ms/99.9%
[70.958s][info][gc,marking  ] GC(16) O: Mark: 4 stripe(s), 2 proactive flush(es), 1 terminate flush(es), 0 completion(s), 0 continuation(s) 
[70.958s][info][gc,nmethod  ] GC(16) O: NMethods: 6672 registered, 1542 unregistered
[70.958s][info][gc,metaspace] GC(16) O: Metaspace: 152M used, 153M committed, 1216M reserved
[70.958s][info][gc,ref      ] GC(16) O:                       Encountered   Discovered     Enqueued 
[70.958s][info][gc,ref      ] GC(16) O: Soft References:             5379            0            0 
[70.958s][info][gc,ref      ] GC(16) O: Weak References:            36594        19028            0 
[70.958s][info][gc,ref      ] GC(16) O: Final References:              55            0            0 
[70.958s][info][gc,ref      ] GC(16) O: Phantom References:          1228         1001           10 
[70.958s][info][gc,reloc    ] GC(16) O:                        Candidates     Selected     In-Place         Size        Empty    Relocated 
[70.958s][info][gc,reloc    ] GC(16) O: Small Pages:                  240            9            0         480M           0M           1M 
[70.958s][info][gc,reloc    ] GC(16) O: Medium Pages:                   2            0            0          64M           0M           0M 
[70.958s][info][gc,reloc    ] GC(16) O: Large Pages:                    1            0            0          12M           0M           0M 
[70.958s][info][gc,reloc    ] GC(16) O: Forwarding Usage: 0M
[70.958s][info][gc,heap     ] GC(16) O: Min Capacity: 8M(0%)
[70.958s][info][gc,heap     ] GC(16) O: Max Capacity: 4096M(100%)
[70.958s][info][gc,heap     ] GC(16) O: Soft Max Capacity: 4096M(100%)
[70.958s][info][gc,heap     ] GC(16) O: Heap Statistics:
[70.958s][info][gc,heap     ] GC(16) O:                Mark Start          Mark End        Relocate Start      Relocate End           High               Low         
[70.958s][info][gc,heap     ] GC(16) O:  Capacity:     3348M (82%)        3348M (82%)        3348M (82%)        3348M (82%)        3348M (82%)        3348M (82%)    
[70.958s][info][gc,heap     ] GC(16) O:      Free:     3534M (86%)        3524M (86%)        3524M (86%)        3532M (86%)        3534M (86%)        3512M (86%)    
[70.958s][info][gc,heap     ] GC(16) O:      Used:      562M (14%)         572M (14%)         572M (14%)         564M (14%)         584M (14%)         562M (14%)    
[70.958s][info][gc,heap     ] GC(16) O: Old Generation Statistics:
[70.958s][info][gc,heap     ] GC(16) O:                Mark Start          Mark End        Relocate Start      Relocate End    
[70.958s][info][gc,heap     ] GC(16) O:      Used:      556M (14%)         556M (14%)         556M (14%)         548M (13%)    
[70.958s][info][gc,heap     ] GC(16) O:      Live:         -               486M (12%)         486M (12%)         486M (12%)    
[70.958s][info][gc,heap     ] GC(16) O:   Garbage:         -                69M (2%)           69M (2%)           50M (1%)     
[70.958s][info][gc,heap     ] GC(16) O: Allocated:         -                 0M (0%)            0M (0%)           10M (0%)     
[70.958s][info][gc,heap     ] GC(16) O: Reclaimed:         -                  -                 0M (0%)           18M (0%)     
[70.958s][info][gc,heap     ] GC(16) O: Compacted:         -                  -                  -                 1M (0%)     
[70.958s][info][gc,phases   ] GC(16) O: Old Generation 562M(14%)->564M(14%) 0.153s
[70.958s][info][gc          ] GC(16) Major Collection (System.gc()) 664M(16%)->564M(14%) 0.165s
[75.959s][info][gc          ] GC(17) Major Collection (System.gc())
[75.959s][info][gc,task     ] GC(17) Using 4 Workers for Young Generation
[75.959s][info][gc,task     ] GC(17) Using 4 Workers for Old Generation
[75.959s][info][gc,phases   ] GC(17) Y: Young Generation (Promote All)
[75.959s][info][gc,phases   ] GC(17) Y: Pause Mark Start 0.014ms
[75.959s][info][safepoint   ] Safepoint "ZMarkStartYoung", Time since last: 5001836400 ns, Reaching safepoint: 6100 ns, At safepoint: 40700 ns, Leaving safepoint: 4600 ns, Total: 51400 ns, Threads: 0 runnable, 64 total
[75.965s][info][gc,phases   ] GC(17) Y: Concurrent Mark 5.556ms
[75.965s][info][gc,phases   ] GC(17) Y: Pause Mark End 0.010ms
[75.965s][info][safepoint   ] Safepoint "ZMarkEndYoung", Time since last: 5606900 ns, Reaching safepoint: 3000 ns, At safepoint: 29200 ns, Leaving safepoint: 2100 ns, Total: 34300 ns, Threads: 0 runnable, 64 total
[75.965s][info][gc,phases   ] GC(17) Y: Concurrent Mark Free 0.002ms
[75.965s][info][gc,phases   ] GC(17) Y: Concurrent Reset Relocation Set 0.000ms
[75.965s][info][gc,reloc    ] GC(17) Y: Using tenuring threshold: 0 (Promote All)
[75.965s][info][gc,phases   ] GC(17) Y: Concurrent Select Relocation Set 0.154ms
[75.965s][info][gc,phases   ] GC(17) Y: Pause Relocate Start 0.007ms
[75.965s][info][safepoint   ] Safepoint "ZRelocateStartYoung", Time since last: 233400 ns, Reaching safepoint: 2300 ns, At safepoint: 25400 ns, Leaving safepoint: 1400 ns, Total: 29100 ns, Threads: 0 runnable, 64 total
[75.965s][info][gc,phases   ] GC(17) Y: Concurrent Relocate 0.219ms
[75.965s][info][gc,alloc    ] GC(17) Y:                         Mark Start        Mark End      Relocate Start    Relocate End   
[75.965s][info][gc,alloc    ] GC(17) Y: Allocation Stalls:          0                0                0                0         
[75.965s][info][gc,load     ] GC(17) Y: Load: 0.00 (0%) / 0.00 (0%) / 0.00 (0%)
[75.965s][info][gc,mmu      ] GC(17) Y: MMU: 2ms/98.0%, 5ms/99.2%, 10ms/99.4%, 20ms/99.6%, 50ms/99.9%, 100ms/99.9%
[75.965s][info][gc,marking  ] GC(17) Y: Mark: 4 stripe(s), 2 proactive flush(es), 1 terminate flush(es), 0 completion(s), 0 continuation(s) 
[75.965s][info][gc,nmethod  ] GC(17) Y: NMethods: 6747 registered, 1542 unregistered
[75.965s][info][gc,metaspace] GC(17) Y: Metaspace: 152M used, 153M committed, 1216M reserved
[75.965s][info][gc,reloc    ] GC(17) Y:                        Candidates     Selected     In-Place         Size        Empty    Relocated 
[75.965s][info][gc,reloc    ] GC(17) Y: Small Pages:                   49           38            0          98M          20M           0M 
[75.965s][info][gc,reloc    ] GC(17) Y: Medium Pages:                   0            0            0           0M           0M           0M 
[75.965s][info][gc,reloc    ] GC(17) Y: Large Pages:                    0            0            0           0M           0M           0M 
[75.965s][info][gc,reloc    ] GC(17) Y: Forwarding Usage: 0M
[75.965s][info][gc,reloc    ] GC(17) Y: Age Table:
[75.965s][info][gc,reloc    ] GC(17) Y:                    Live             Garbage             Small              Medium             Large        
[75.965s][info][gc,reloc    ] GC(17) Y: Eden               0M (0%)           95M (2%)          48 / 38             0 / 0              0 / 0        
[75.965s][info][gc,reloc    ] GC(17) Y: Survivor 1          -                 2M (0%)           1 / 0              0 / 0              0 / 0        
[75.965s][info][gc,heap     ] GC(17) Y: Min Capacity: 8M(0%)
[75.965s][info][gc,heap     ] GC(17) Y: Max Capacity: 4096M(100%)
[75.965s][info][gc,heap     ] GC(17) Y: Soft Max Capacity: 4096M(100%)
[75.965s][info][gc,heap     ] GC(17) Y: Heap Statistics:
[75.965s][info][gc,heap     ] GC(17) Y:                Mark Start          Mark End        Relocate Start      Relocate End           High               Low         
[75.965s][info][gc,heap     ] GC(17) Y:  Capacity:     3348M (82%)        3348M (82%)        3348M (82%)        3348M (82%)        3348M (82%)        3348M (82%)    
[75.965s][info][gc,heap     ] GC(17) Y:      Free:     3450M (84%)        3446M (84%)        3466M (85%)        3536M (86%)        3536M (86%)        3446M (84%)    
[75.965s][info][gc,heap     ] GC(17) Y:      Used:      646M (16%)         650M (16%)         630M (15%)         560M (14%)         650M (16%)         560M (14%)    
[75.965s][info][gc,heap     ] GC(17) Y: Young Generation Statistics:
[75.965s][info][gc,heap     ] GC(17) Y:                Mark Start          Mark End        Relocate Start      Relocate End    
[75.965s][info][gc,heap     ] GC(17) Y:      Used:       98M (2%)          102M (2%)           82M (2%)            4M (0%)     
[75.965s][info][gc,heap     ] GC(17) Y:      Live:         -                 0M (0%)            0M (0%)            0M (0%)     
[75.965s][info][gc,heap     ] GC(17) Y:   Garbage:         -                97M (2%)           77M (2%)            0M (0%)     
[75.965s][info][gc,heap     ] GC(17) Y: Allocated:         -                 4M (0%)            4M (0%)            4M (0%)     
[75.965s][info][gc,heap     ] GC(17) Y: Reclaimed:         -                  -                20M (0%)           97M (2%)     
[75.965s][info][gc,heap     ] GC(17) Y:  Promoted:         -                  -                 0M (0%)            0M (0%)     
[75.965s][info][gc,heap     ] GC(17) Y: Compacted:         -                  -                  -                 0M (0%)     
[75.965s][info][gc,phases   ] GC(17) Y: Young Generation (Promote All) 646M(16%)->560M(14%) 0.006s
[75.965s][info][gc,phases   ] GC(17) Y: Young Generation (Collect Roots)
[75.965s][info][gc,phases   ] GC(17) Y: Pause Mark Start (Major) 0.009ms
[75.965s][info][safepoint   ] Safepoint "ZMarkStartYoungAndOld", Time since last: 518900 ns, Reaching safepoint: 2200 ns, At safepoint: 29100 ns, Leaving safepoint: 2400 ns, Total: 33700 ns, Threads: 0 runnable, 64 total
[75.969s][info][gc,phases   ] GC(17) Y: Concurrent Mark 3.897ms
[75.969s][info][gc,phases   ] GC(17) Y: Pause Mark End 0.008ms
[75.969s][info][safepoint   ] Safepoint "ZMarkEndYoung", Time since last: 3943800 ns, Reaching safepoint: 2400 ns, At safepoint: 25400 ns, Leaving safepoint: 2100 ns, Total: 29900 ns, Threads: 0 runnable, 64 total
[75.969s][info][gc,phases   ] GC(17) Y: Concurrent Mark Free 0.001ms
[75.969s][info][gc,phases   ] GC(17) Y: Concurrent Reset Relocation Set 0.001ms
[75.969s][info][gc,reloc    ] GC(17) Y: Using tenuring threshold: 1 (Computed)
[75.970s][info][gc,phases   ] GC(17) Y: Concurrent Select Relocation Set 0.087ms
[75.970s][info][gc,phases   ] GC(17) Y: Pause Relocate Start 0.006ms
[75.970s][info][safepoint   ] Safepoint "ZRelocateStartYoung", Time since last: 154000 ns, Reaching safepoint: 1900 ns, At safepoint: 18300 ns, Leaving safepoint: 1900 ns, Total: 22100 ns, Threads: 0 runnable, 64 total
[75.970s][info][gc,phases   ] GC(17) Y: Concurrent Relocate 0.039ms
[75.970s][info][gc,alloc    ] GC(17) Y:                         Mark Start        Mark End      Relocate Start    Relocate End   
[75.970s][info][gc,alloc    ] GC(17) Y: Allocation Stalls:          0                0                0                0         
[75.970s][info][gc,load     ] GC(17) Y: Load: 0.00 (0%) / 0.00 (0%) / 0.00 (0%)
[75.970s][info][gc,mmu      ] GC(17) Y: MMU: 2ms/98.0%, 5ms/99.2%, 10ms/99.4%, 20ms/99.6%, 50ms/99.9%, 100ms/99.9%
[75.970s][info][gc,marking  ] GC(17) Y: Mark: 4 stripe(s), 1 proactive flush(es), 1 terminate flush(es), 0 completion(s), 0 continuation(s) 
[75.970s][info][gc,nmethod  ] GC(17) Y: NMethods: 6747 registered, 1542 unregistered
[75.970s][info][gc,metaspace] GC(17) Y: Metaspace: 152M used, 153M committed, 1216M reserved
[75.970s][info][gc,reloc    ] GC(17) Y:                        Candidates     Selected     In-Place         Size        Empty    Relocated 
[75.970s][info][gc,reloc    ] GC(17) Y: Small Pages:                    2            0            0           4M           2M           0M 
[75.970s][info][gc,reloc    ] GC(17) Y: Medium Pages:                   0            0            0           0M           0M           0M 
[75.970s][info][gc,reloc    ] GC(17) Y: Large Pages:                    0            0            0           0M           0M           0M 
[75.970s][info][gc,reloc    ] GC(17) Y: Forwarding Usage: 0M
[75.970s][info][gc,reloc    ] GC(17) Y: Age Table:
[75.970s][info][gc,reloc    ] GC(17) Y:                    Live             Garbage             Small              Medium             Large        
[75.970s][info][gc,reloc    ] GC(17) Y: Eden               0M (0%)            3M (0%)           2 / 0              0 / 0              0 / 0        
[75.970s][info][gc,heap     ] GC(17) Y: Min Capacity: 8M(0%)
[75.970s][info][gc,heap     ] GC(17) Y: Max Capacity: 4096M(100%)
[75.970s][info][gc,heap     ] GC(17) Y: Soft Max Capacity: 4096M(100%)
[75.970s][info][gc,heap     ] GC(17) Y: Heap Statistics:
[75.970s][info][gc,heap     ] GC(17) Y:                Mark Start          Mark End        Relocate Start      Relocate End           High               Low         
[75.970s][info][gc,heap     ] GC(17) Y:  Capacity:     3348M (82%)        3348M (82%)        3348M (82%)        3348M (82%)        3348M (82%)        3348M (82%)    
[75.970s][info][gc,heap     ] GC(17) Y:      Free:     3536M (86%)        3534M (86%)        3536M (86%)        3536M (86%)        3536M (86%)        3534M (86%)    
[75.970s][info][gc,heap     ] GC(17) Y:      Used:      560M (14%)         562M (14%)         560M (14%)         560M (14%)         562M (14%)         560M (14%)    
[75.970s][info][gc,heap     ] GC(17) Y: Young Generation Statistics:
[75.970s][info][gc,heap     ] GC(17) Y:                Mark Start          Mark End        Relocate Start      Relocate End    
[75.970s][info][gc,heap     ] GC(17) Y:      Used:        4M (0%)            6M (0%)            4M (0%)            4M (0%)     
[75.970s][info][gc,heap     ] GC(17) Y:      Live:         -                 0M (0%)            0M (0%)            0M (0%)     
[75.970s][info][gc,heap     ] GC(17) Y:   Garbage:         -                 3M (0%)            1M (0%)            1M (0%)     
[75.970s][info][gc,heap     ] GC(17) Y: Allocated:         -                 2M (0%)            2M (0%)            2M (0%)     
[75.970s][info][gc,heap     ] GC(17) Y: Reclaimed:         -                  -                 2M (0%)            2M (0%)     
[75.970s][info][gc,heap     ] GC(17) Y:  Promoted:         -                  -                 0M (0%)            0M (0%)     
[75.970s][info][gc,heap     ] GC(17) Y: Compacted:         -                  -                  -                 0M (0%)     
[75.970s][info][gc,phases   ] GC(17) Y: Young Generation (Collect Roots) 560M(14%)->560M(14%) 0.004s
[75.970s][info][gc,phases   ] GC(17) O: Old Generation
[76.102s][info][gc,phases   ] GC(17) O: Concurrent Mark 131.823ms
[76.102s][info][gc,phases   ] GC(17) O: Pause Mark End 0.016ms
[76.102s][info][safepoint   ] Safepoint "ZMarkEndOld", Time since last: 132165900 ns, Reaching safepoint: 3600 ns, At safepoint: 36500 ns, Leaving safepoint: 2200 ns, Total: 42300 ns, Threads: 0 runnable, 64 total
[76.102s][info][gc,phases   ] GC(17) O: Concurrent Mark Free 0.003ms
[76.106s][info][gc,phases   ] GC(17) O: Concurrent Process Non-Strong 4.101ms
[76.106s][info][gc,phases   ] GC(17) O: Concurrent Reset Relocation Set 0.001ms
[76.106s][info][gc,phases   ] GC(17) O: Concurrent Select Relocation Set 0.051ms
[76.106s][info][gc,task     ] GC(17) O: Using 4 Workers for Old Generation
[76.109s][info][gc,task     ] GC(17) O: Using 4 Workers for Old Generation
[76.109s][info][gc,phases   ] GC(17) O: Concurrent Remap Roots 2.882ms
[76.109s][info][gc,phases   ] GC(17) O: Pause Relocate Start 0.008ms
[76.109s][info][safepoint   ] Safepoint "ZRelocateStartOld", Time since last: 7136700 ns, Reaching safepoint: 3400 ns, At safepoint: 22700 ns, Leaving safepoint: 1900 ns, Total: 28000 ns, Threads: 0 runnable, 64 total
[76.110s][info][gc,phases   ] GC(17) O: Concurrent Relocate 0.605ms
[76.110s][info][gc,alloc    ] GC(17) O:                         Mark Start        Mark End      Relocate Start    Relocate End   
[76.110s][info][gc,alloc    ] GC(17) O: Allocation Stalls:          0                0                0                0         
[76.110s][info][gc,load     ] GC(17) O: Load: 0.00 (0%) / 0.00 (0%) / 0.00 (0%)
[76.110s][info][gc,mmu      ] GC(17) O: MMU: 2ms/98.0%, 5ms/99.2%, 10ms/99.4%, 20ms/99.6%, 50ms/99.9%, 100ms/99.9%
[76.110s][info][gc,marking  ] GC(17) O: Mark: 4 stripe(s), 3 proactive flush(es), 1 terminate flush(es), 0 completion(s), 0 continuation(s) 
[76.110s][info][gc,nmethod  ] GC(17) O: NMethods: 6013 registered, 2276 unregistered
[76.110s][info][gc,metaspace] GC(17) O: Metaspace: 152M used, 153M committed, 1216M reserved
[76.110s][info][gc,ref      ] GC(17) O:                       Encountered   Discovered     Enqueued 
[76.110s][info][gc,ref      ] GC(17) O: Soft References:             5379            0            0 
[76.110s][info][gc,ref      ] GC(17) O: Weak References:            36595        10163            1 
[76.110s][info][gc,ref      ] GC(17) O: Final References:              55           10            0 
[76.110s][info][gc,ref      ] GC(17) O: Phantom References:          1223          983            5 
[76.110s][info][gc,reloc    ] GC(17) O:                        Candidates     Selected     In-Place         Size        Empty    Relocated 
[76.110s][info][gc,reloc    ] GC(17) O: Small Pages:                  240            9            0         480M           0M           1M 
[76.110s][info][gc,reloc    ] GC(17) O: Medium Pages:                   2            0            0          64M           0M           0M 
[76.110s][info][gc,reloc    ] GC(17) O: Large Pages:                    1            0            0          12M           0M           0M 
[76.110s][info][gc,reloc    ] GC(17) O: Forwarding Usage: 0M
[76.110s][info][gc,heap     ] GC(17) O: Min Capacity: 8M(0%)
[76.110s][info][gc,heap     ] GC(17) O: Max Capacity: 4096M(100%)
[76.110s][info][gc,heap     ] GC(17) O: Soft Max Capacity: 4096M(100%)
[76.110s][info][gc,heap     ] GC(17) O: Heap Statistics:
[76.110s][info][gc,heap     ] GC(17) O:                Mark Start          Mark End        Relocate Start      Relocate End           High               Low         
[76.110s][info][gc,heap     ] GC(17) O:  Capacity:     3348M (82%)        3348M (82%)        3348M (82%)        3348M (82%)        3348M (82%)        3348M (82%)    
[76.110s][info][gc,heap     ] GC(17) O:      Free:     3536M (86%)        3524M (86%)        3524M (86%)        3534M (86%)        3536M (86%)        3514M (86%)    
[76.110s][info][gc,heap     ] GC(17) O:      Used:      560M (14%)         572M (14%)         572M (14%)         562M (14%)         582M (14%)         560M (14%)    
[76.110s][info][gc,heap     ] GC(17) O: Old Generation Statistics:
[76.110s][info][gc,heap     ] GC(17) O:                Mark Start          Mark End        Relocate Start      Relocate End    
[76.110s][info][gc,heap     ] GC(17) O:      Used:      556M (14%)         556M (14%)         556M (14%)         546M (13%)    
[76.110s][info][gc,heap     ] GC(17) O:      Live:         -               486M (12%)         486M (12%)         486M (12%)    
[76.110s][info][gc,heap     ] GC(17) O:   Garbage:         -                69M (2%)           69M (2%)           50M (1%)     
[76.110s][info][gc,heap     ] GC(17) O: Allocated:         -                 0M (0%)            0M (0%)            8M (0%)     
[76.110s][info][gc,heap     ] GC(17) O: Reclaimed:         -                  -                 0M (0%)           18M (0%)     
[76.110s][info][gc,heap     ] GC(17) O: Compacted:         -                  -                  -                 1M (0%)     
[76.110s][info][gc,phases   ] GC(17) O: Old Generation 560M(14%)->562M(14%) 0.140s
[76.110s][info][gc          ] GC(17) Major Collection (System.gc()) 646M(16%)->562M(14%) 0.151s
[81.111s][info][gc          ] GC(18) Major Collection (System.gc())
[81.111s][info][gc,task     ] GC(18) Using 4 Workers for Young Generation
[81.111s][info][gc,task     ] GC(18) Using 4 Workers for Old Generation
[81.111s][info][gc,phases   ] GC(18) Y: Young Generation (Promote All)
[81.111s][info][gc,phases   ] GC(18) Y: Pause Mark Start 0.014ms
[81.111s][info][safepoint   ] Safepoint "ZMarkStartYoung", Time since last: 5001912700 ns, Reaching safepoint: 4800 ns, At safepoint: 41000 ns, Leaving safepoint: 3300 ns, Total: 49100 ns, Threads: 0 runnable, 57 total
[81.116s][info][gc,phases   ] GC(18) Y: Concurrent Mark 4.892ms
[81.116s][info][gc,phases   ] GC(18) Y: Pause Mark End 0.010ms
[81.116s][info][safepoint   ] Safepoint "ZMarkEndYoung", Time since last: 4950200 ns, Reaching safepoint: 2800 ns, At safepoint: 31100 ns, Leaving safepoint: 2200 ns, Total: 36100 ns, Threads: 0 runnable, 57 total
[81.116s][info][gc,phases   ] GC(18) Y: Concurrent Mark Free 0.001ms
[81.116s][info][gc,phases   ] GC(18) Y: Concurrent Reset Relocation Set 0.000ms
[81.116s][info][gc,reloc    ] GC(18) Y: Using tenuring threshold: 0 (Promote All)
[81.116s][info][gc,phases   ] GC(18) Y: Concurrent Select Relocation Set 0.214ms
[81.116s][info][gc,phases   ] GC(18) Y: Pause Relocate Start 0.008ms
[81.116s][info][safepoint   ] Safepoint "ZRelocateStartYoung", Time since last: 288900 ns, Reaching safepoint: 2400 ns, At safepoint: 27800 ns, Leaving safepoint: 3000 ns, Total: 33200 ns, Threads: 0 runnable, 57 total
[81.117s][info][gc,phases   ] GC(18) Y: Concurrent Relocate 0.414ms
[81.117s][info][gc,alloc    ] GC(18) Y:                         Mark Start        Mark End      Relocate Start    Relocate End   
[81.117s][info][gc,alloc    ] GC(18) Y: Allocation Stalls:          0                0                0                0         
[81.117s][info][gc,load     ] GC(18) Y: Load: 0.00 (0%) / 0.00 (0%) / 0.00 (0%)
[81.117s][info][gc,mmu      ] GC(18) Y: MMU: 2ms/98.0%, 5ms/99.2%, 10ms/99.4%, 20ms/99.6%, 50ms/99.9%, 100ms/99.9%
[81.117s][info][gc,marking  ] GC(18) Y: Mark: 4 stripe(s), 1 proactive flush(es), 1 terminate flush(es), 0 completion(s), 0 continuation(s) 
[81.117s][info][gc,nmethod  ] GC(18) Y: NMethods: 6095 registered, 2276 unregistered
[81.117s][info][gc,metaspace] GC(18) Y: Metaspace: 152M used, 153M committed, 1216M reserved
[81.117s][info][gc,reloc    ] GC(18) Y:                        Candidates     Selected     In-Place         Size        Empty    Relocated 
[81.117s][info][gc,reloc    ] GC(18) Y: Small Pages:                   47           37            0          94M          18M           0M 
[81.117s][info][gc,reloc    ] GC(18) Y: Medium Pages:                   0            0            0           0M           0M           0M 
[81.117s][info][gc,reloc    ] GC(18) Y: Large Pages:                    0            0            0           0M           0M           0M 
[81.117s][info][gc,reloc    ] GC(18) Y: Forwarding Usage: 0M
[81.117s][info][gc,reloc    ] GC(18) Y: Age Table:
[81.117s][info][gc,reloc    ] GC(18) Y:                    Live             Garbage             Small              Medium             Large        
[81.117s][info][gc,reloc    ] GC(18) Y: Eden               0M (0%)           91M (2%)          46 / 37             0 / 0              0 / 0        
[81.117s][info][gc,reloc    ] GC(18) Y: Survivor 1          -                 2M (0%)           1 / 0              0 / 0              0 / 0        
[81.117s][info][gc,heap     ] GC(18) Y: Min Capacity: 8M(0%)
[81.117s][info][gc,heap     ] GC(18) Y: Max Capacity: 4096M(100%)
[81.117s][info][gc,heap     ] GC(18) Y: Soft Max Capacity: 4096M(100%)
[81.117s][info][gc,heap     ] GC(18) Y: Heap Statistics:
[81.117s][info][gc,heap     ] GC(18) Y:                Mark Start          Mark End        Relocate Start      Relocate End           High               Low         
[81.117s][info][gc,heap     ] GC(18) Y:  Capacity:     3348M (82%)        3348M (82%)        3348M (82%)        3348M (82%)        3348M (82%)        3348M (82%)    
[81.117s][info][gc,heap     ] GC(18) Y:      Free:     3456M (84%)        3454M (84%)        3470M (85%)        3538M (86%)        3538M (86%)        3452M (84%)    
[81.117s][info][gc,heap     ] GC(18) Y:      Used:      640M (16%)         642M (16%)         626M (15%)         558M (14%)         644M (16%)         558M (14%)    
[81.117s][info][gc,heap     ] GC(18) Y: Young Generation Statistics:
[81.117s][info][gc,heap     ] GC(18) Y:                Mark Start          Mark End        Relocate Start      Relocate End    
[81.117s][info][gc,heap     ] GC(18) Y:      Used:       94M (2%)           96M (2%)           80M (2%)            4M (0%)     
[81.117s][info][gc,heap     ] GC(18) Y:      Live:         -                 0M (0%)            0M (0%)            0M (0%)     
[81.117s][info][gc,heap     ] GC(18) Y:   Garbage:         -                93M (2%)           75M (2%)            0M (0%)     
[81.117s][info][gc,heap     ] GC(18) Y: Allocated:         -                 2M (0%)            4M (0%)            4M (0%)     
[81.117s][info][gc,heap     ] GC(18) Y: Reclaimed:         -                  -                18M (0%)           93M (2%)     
[81.117s][info][gc,heap     ] GC(18) Y:  Promoted:         -                  -                 0M (0%)            0M (0%)     
[81.117s][info][gc,heap     ] GC(18) Y: Compacted:         -                  -                  -                 0M (0%)     
[81.117s][info][gc,phases   ] GC(18) Y: Young Generation (Promote All) 640M(16%)->558M(14%) 0.006s
[81.117s][info][gc,phases   ] GC(18) Y: Young Generation (Collect Roots)
[81.117s][info][gc,phases   ] GC(18) Y: Pause Mark Start (Major) 0.010ms
[81.117s][info][safepoint   ] Safepoint "ZMarkStartYoungAndOld", Time since last: 741900 ns, Reaching safepoint: 2200 ns, At safepoint: 29600 ns, Leaving safepoint: 3800 ns, Total: 35600 ns, Threads: 0 runnable, 57 total
[81.121s][info][gc,phases   ] GC(18) Y: Concurrent Mark 3.871ms
[81.121s][info][gc,phases   ] GC(18) Y: Pause Mark End 0.007ms
[81.121s][info][safepoint   ] Safepoint "ZMarkEndYoung", Time since last: 3914200 ns, Reaching safepoint: 2100 ns, At safepoint: 25800 ns, Leaving safepoint: 1900 ns, Total: 29800 ns, Threads: 0 runnable, 57 total
[81.121s][info][gc,phases   ] GC(18) Y: Concurrent Mark Free 0.001ms
[81.121s][info][gc,phases   ] GC(18) Y: Concurrent Reset Relocation Set 0.001ms
[81.121s][info][gc,reloc    ] GC(18) Y: Using tenuring threshold: 0 (Computed)
[81.121s][info][gc,phases   ] GC(18) Y: Concurrent Select Relocation Set 0.096ms
[81.121s][info][gc,phases   ] GC(18) Y: Pause Relocate Start 0.005ms
[81.121s][info][safepoint   ] Safepoint "ZRelocateStartYoung", Time since last: 162200 ns, Reaching safepoint: 1800 ns, At safepoint: 22000 ns, Leaving safepoint: 1900 ns, Total: 25700 ns, Threads: 0 runnable, 57 total
[81.121s][info][gc,phases   ] GC(18) Y: Concurrent Relocate 0.035ms
[81.121s][info][gc,alloc    ] GC(18) Y:                         Mark Start        Mark End      Relocate Start    Relocate End   
[81.121s][info][gc,alloc    ] GC(18) Y: Allocation Stalls:          0                0                0                0         
[81.121s][info][gc,load     ] GC(18) Y: Load: 0.00 (0%) / 0.00 (0%) / 0.00 (0%)
[81.121s][info][gc,mmu      ] GC(18) Y: MMU: 2ms/98.0%, 5ms/99.2%, 10ms/99.4%, 20ms/99.6%, 50ms/99.9%, 100ms/99.9%
[81.121s][info][gc,marking  ] GC(18) Y: Mark: 4 stripe(s), 1 proactive flush(es), 1 terminate flush(es), 0 completion(s), 0 continuation(s) 
[81.121s][info][gc,nmethod  ] GC(18) Y: NMethods: 6097 registered, 2276 unregistered
[81.121s][info][gc,metaspace] GC(18) Y: Metaspace: 152M used, 153M committed, 1216M reserved
[81.121s][info][gc,reloc    ] GC(18) Y:                        Candidates     Selected     In-Place         Size        Empty    Relocated 
[81.121s][info][gc,reloc    ] GC(18) Y: Small Pages:                    2            0            0           4M           4M           0M 
[81.121s][info][gc,reloc    ] GC(18) Y: Medium Pages:                   0            0            0           0M           0M           0M 
[81.121s][info][gc,reloc    ] GC(18) Y: Large Pages:                    0            0            0           0M           0M           0M 
[81.121s][info][gc,reloc    ] GC(18) Y: Forwarding Usage: 0M
[81.121s][info][gc,reloc    ] GC(18) Y: Age Table:
[81.121s][info][gc,reloc    ] GC(18) Y:                    Live             Garbage             Small              Medium             Large        
[81.121s][info][gc,reloc    ] GC(18) Y: Eden                -                 4M (0%)           2 / 0              0 / 0              0 / 0        
[81.121s][info][gc,heap     ] GC(18) Y: Min Capacity: 8M(0%)
[81.121s][info][gc,heap     ] GC(18) Y: Max Capacity: 4096M(100%)
[81.121s][info][gc,heap     ] GC(18) Y: Soft Max Capacity: 4096M(100%)
[81.121s][info][gc,heap     ] GC(18) Y: Heap Statistics:
[81.121s][info][gc,heap     ] GC(18) Y:                Mark Start          Mark End        Relocate Start      Relocate End           High               Low         
[81.121s][info][gc,heap     ] GC(18) Y:  Capacity:     3348M (82%)        3348M (82%)        3348M (82%)        3348M (82%)        3348M (82%)        3348M (82%)    
[81.121s][info][gc,heap     ] GC(18) Y:      Free:     3538M (86%)        3536M (86%)        3540M (86%)        3540M (86%)        3540M (86%)        3536M (86%)    
[81.121s][info][gc,heap     ] GC(18) Y:      Used:      558M (14%)         560M (14%)         556M (14%)         556M (14%)         560M (14%)         556M (14%)    
[81.121s][info][gc,heap     ] GC(18) Y: Young Generation Statistics:
[81.121s][info][gc,heap     ] GC(18) Y:                Mark Start          Mark End        Relocate Start      Relocate End    
[81.121s][info][gc,heap     ] GC(18) Y:      Used:        4M (0%)            6M (0%)            2M (0%)            2M (0%)     
[81.121s][info][gc,heap     ] GC(18) Y:      Live:         -                 0M (0%)            0M (0%)            0M (0%)     
[81.121s][info][gc,heap     ] GC(18) Y:   Garbage:         -                 4M (0%)            0M (0%)            0M (0%)     
[81.121s][info][gc,heap     ] GC(18) Y: Allocated:         -                 2M (0%)            2M (0%)            2M (0%)     
[81.121s][info][gc,heap     ] GC(18) Y: Reclaimed:         -                  -                 4M (0%)            4M (0%)     
[81.121s][info][gc,heap     ] GC(18) Y:  Promoted:         -                  -                 0M (0%)            0M (0%)     
[81.121s][info][gc,heap     ] GC(18) Y: Compacted:         -                  -                  -                 0M (0%)     
[81.121s][info][gc,phases   ] GC(18) Y: Young Generation (Collect Roots) 558M(14%)->556M(14%) 0.004s
[81.121s][info][gc,phases   ] GC(18) O: Old Generation
[81.261s][info][gc,phases   ] GC(18) O: Concurrent Mark 139.271ms
[81.261s][info][gc,phases   ] GC(18) O: Pause Mark End 0.013ms
[81.261s][info][safepoint   ] Safepoint "ZMarkEndOld", Time since last: 139603500 ns, Reaching safepoint: 2800 ns, At safepoint: 36500 ns, Leaving safepoint: 2100 ns, Total: 41400 ns, Threads: 0 runnable, 57 total
[81.261s][info][gc,phases   ] GC(18) O: Concurrent Mark Free 0.001ms
[81.264s][info][gc,phases   ] GC(18) O: Concurrent Process Non-Strong 2.995ms
[81.264s][info][gc,phases   ] GC(18) O: Concurrent Reset Relocation Set 0.000ms
[81.264s][info][gc,phases   ] GC(18) O: Concurrent Select Relocation Set 0.162ms
[81.264s][info][gc,task     ] GC(18) O: Using 4 Workers for Old Generation
[81.265s][info][gc,task     ] GC(18) O: Using 4 Workers for Old Generation
[81.265s][info][gc,phases   ] GC(18) O: Concurrent Remap Roots 1.058ms
[81.265s][info][gc,phases   ] GC(18) O: Pause Relocate Start 0.007ms
[81.265s][info][safepoint   ] Safepoint "ZRelocateStartOld", Time since last: 4314200 ns, Reaching safepoint: 184100 ns, At safepoint: 21500 ns, Leaving safepoint: 2500 ns, Total: 208100 ns, Threads: 1 runnable, 57 total
[81.266s][info][gc,phases   ] GC(18) O: Concurrent Relocate 0.858ms
[81.266s][info][gc,alloc    ] GC(18) O:                         Mark Start        Mark End      Relocate Start    Relocate End   
[81.266s][info][gc,alloc    ] GC(18) O: Allocation Stalls:          0                0                0                0         
[81.266s][info][gc,load     ] GC(18) O: Load: 0.00 (0%) / 0.00 (0%) / 0.00 (0%)
[81.266s][info][gc,mmu      ] GC(18) O: MMU: 2ms/98.0%, 5ms/99.2%, 10ms/99.4%, 20ms/99.6%, 50ms/99.9%, 100ms/99.9%
[81.266s][info][gc,marking  ] GC(18) O: Mark: 4 stripe(s), 10 proactive flush(es), 1 terminate flush(es), 0 completion(s), 0 continuation(s) 
[81.266s][info][gc,nmethod  ] GC(18) O: NMethods: 6061 registered, 2312 unregistered
[81.266s][info][gc,metaspace] GC(18) O: Metaspace: 152M used, 153M committed, 1216M reserved
[81.266s][info][gc,ref      ] GC(18) O:                       Encountered   Discovered     Enqueued 
[81.266s][info][gc,ref      ] GC(18) O: Soft References:             5379            0            0 
[81.266s][info][gc,ref      ] GC(18) O: Weak References:            36543        18460            0 
[81.266s][info][gc,ref      ] GC(18) O: Final References:              55           16            0 
[81.266s][info][gc,ref      ] GC(18) O: Phantom References:          1213         1062            5 
[81.266s][info][gc,reloc    ] GC(18) O:                        Candidates     Selected     In-Place         Size        Empty    Relocated 
[81.266s][info][gc,reloc    ] GC(18) O: Small Pages:                  239            8            0         478M           0M           1M 
[81.266s][info][gc,reloc    ] GC(18) O: Medium Pages:                   2            0            0          64M           0M           0M 
[81.266s][info][gc,reloc    ] GC(18) O: Large Pages:                    1            0            0          12M           0M           0M 
[81.266s][info][gc,reloc    ] GC(18) O: Forwarding Usage: 0M
[81.266s][info][gc,heap     ] GC(18) O: Min Capacity: 8M(0%)
[81.266s][info][gc,heap     ] GC(18) O: Max Capacity: 4096M(100%)
[81.266s][info][gc,heap     ] GC(18) O: Soft Max Capacity: 4096M(100%)
[81.266s][info][gc,heap     ] GC(18) O: Heap Statistics:
[81.266s][info][gc,heap     ] GC(18) O:                Mark Start          Mark End        Relocate Start      Relocate End           High               Low         
[81.266s][info][gc,heap     ] GC(18) O:  Capacity:     3348M (82%)        3348M (82%)        3348M (82%)        3348M (82%)        3348M (82%)        3348M (82%)    
[81.266s][info][gc,heap     ] GC(18) O:      Free:     3538M (86%)        3530M (86%)        3530M (86%)        3536M (86%)        3540M (86%)        3518M (86%)    
[81.266s][info][gc,heap     ] GC(18) O:      Used:      558M (14%)         566M (14%)         566M (14%)         560M (14%)         578M (14%)         556M (14%)    
[81.266s][info][gc,heap     ] GC(18) O: Old Generation Statistics:
[81.266s][info][gc,heap     ] GC(18) O:                Mark Start          Mark End        Relocate Start      Relocate End    
[81.266s][info][gc,heap     ] GC(18) O:      Used:      554M (14%)         554M (14%)         554M (14%)         548M (13%)    
[81.266s][info][gc,heap     ] GC(18) O:      Live:         -               486M (12%)         486M (12%)         486M (12%)    
[81.266s][info][gc,heap     ] GC(18) O:   Garbage:         -                67M (2%)           67M (2%)           51M (1%)     
[81.266s][info][gc,heap     ] GC(18) O: Allocated:         -                 0M (0%)            0M (0%)           10M (0%)     
[81.266s][info][gc,heap     ] GC(18) O: Reclaimed:         -                  -                 0M (0%)           16M (0%)     
[81.266s][info][gc,heap     ] GC(18) O: Compacted:         -                  -                  -                 1M (0%)     
[81.266s][info][gc,phases   ] GC(18) O: Old Generation 556M(14%)->560M(14%) 0.145s
[81.266s][info][gc          ] GC(18) Major Collection (System.gc()) 640M(16%)->560M(14%) 0.156s
[86.268s][info][gc          ] GC(19) Major Collection (System.gc())
[86.268s][info][gc,task     ] GC(19) Using 4 Workers for Young Generation
[86.268s][info][gc,task     ] GC(19) Using 4 Workers for Old Generation
[86.268s][info][gc,phases   ] GC(19) Y: Young Generation (Promote All)
[86.268s][info][gc,phases   ] GC(19) Y: Pause Mark Start 0.012ms
[86.268s][info][safepoint   ] Safepoint "ZMarkStartYoung", Time since last: 5002695700 ns, Reaching safepoint: 4900 ns, At safepoint: 36400 ns, Leaving safepoint: 2600 ns, Total: 43900 ns, Threads: 0 runnable, 56 total
[86.273s][info][gc,phases   ] GC(19) Y: Concurrent Mark 5.331ms
[86.273s][info][gc,phases   ] GC(19) Y: Pause Mark End 0.008ms
[86.273s][info][safepoint   ] Safepoint "ZMarkEndYoung", Time since last: 5376800 ns, Reaching safepoint: 2000 ns, At safepoint: 27300 ns, Leaving safepoint: 2100 ns, Total: 31400 ns, Threads: 0 runnable, 56 total
[86.273s][info][gc,phases   ] GC(19) Y: Concurrent Mark Free 0.002ms
[86.273s][info][gc,phases   ] GC(19) Y: Concurrent Reset Relocation Set 0.000ms
[86.274s][info][gc,reloc    ] GC(19) Y: Using tenuring threshold: 0 (Promote All)
[86.274s][info][gc,phases   ] GC(19) Y: Concurrent Select Relocation Set 0.183ms
[86.274s][info][gc,phases   ] GC(19) Y: Pause Relocate Start 0.004ms
[86.274s][info][safepoint   ] Safepoint "ZRelocateStartYoung", Time since last: 245500 ns, Reaching safepoint: 1100 ns, At safepoint: 15600 ns, Leaving safepoint: 1800 ns, Total: 18500 ns, Threads: 0 runnable, 56 total
[86.274s][info][gc,phases   ] GC(19) Y: Concurrent Relocate 0.356ms
[86.274s][info][gc,alloc    ] GC(19) Y:                         Mark Start        Mark End      Relocate Start    Relocate End   
[86.274s][info][gc,alloc    ] GC(19) Y: Allocation Stalls:          0                0                0                0         
[86.274s][info][gc,load     ] GC(19) Y: Load: 0.00 (0%) / 0.00 (0%) / 0.00 (0%)
[86.274s][info][gc,mmu      ] GC(19) Y: MMU: 2ms/98.0%, 5ms/99.2%, 10ms/99.4%, 20ms/99.6%, 50ms/99.9%, 100ms/99.9%
[86.274s][info][gc,marking  ] GC(19) Y: Mark: 4 stripe(s), 3 proactive flush(es), 1 terminate flush(es), 0 completion(s), 0 continuation(s) 
[86.274s][info][gc,nmethod  ] GC(19) Y: NMethods: 6208 registered, 2312 unregistered
[86.274s][info][gc,metaspace] GC(19) Y: Metaspace: 152M used, 153M committed, 1216M reserved
[86.274s][info][gc,reloc    ] GC(19) Y:                        Candidates     Selected     In-Place         Size        Empty    Relocated 
[86.274s][info][gc,reloc    ] GC(19) Y: Small Pages:                   47           41            0          94M          10M           0M 
[86.274s][info][gc,reloc    ] GC(19) Y: Medium Pages:                   0            0            0           0M           0M           0M 
[86.274s][info][gc,reloc    ] GC(19) Y: Large Pages:                    0            0            0           0M           0M           0M 
[86.274s][info][gc,reloc    ] GC(19) Y: Forwarding Usage: 0M
[86.274s][info][gc,reloc    ] GC(19) Y: Age Table:
[86.274s][info][gc,reloc    ] GC(19) Y:                    Live             Garbage             Small              Medium             Large        
[86.274s][info][gc,reloc    ] GC(19) Y: Eden               0M (0%)           93M (2%)          47 / 41             0 / 0              0 / 0        
[86.274s][info][gc,heap     ] GC(19) Y: Min Capacity: 8M(0%)
[86.274s][info][gc,heap     ] GC(19) Y: Max Capacity: 4096M(100%)
[86.274s][info][gc,heap     ] GC(19) Y: Soft Max Capacity: 4096M(100%)
[86.274s][info][gc,heap     ] GC(19) Y: Heap Statistics:
[86.274s][info][gc,heap     ] GC(19) Y:                Mark Start          Mark End        Relocate Start      Relocate End           High               Low         
[86.274s][info][gc,heap     ] GC(19) Y:  Capacity:     3348M (82%)        3348M (82%)        3348M (82%)        3348M (82%)        3348M (82%)        3348M (82%)    
[86.274s][info][gc,heap     ] GC(19) Y:      Free:     3454M (84%)        3448M (84%)        3458M (84%)        3534M (86%)        3534M (86%)        3448M (84%)    
[86.274s][info][gc,heap     ] GC(19) Y:      Used:      642M (16%)         648M (16%)         638M (16%)         562M (14%)         648M (16%)         562M (14%)    
[86.274s][info][gc,heap     ] GC(19) Y: Young Generation Statistics:
[86.274s][info][gc,heap     ] GC(19) Y:                Mark Start          Mark End        Relocate Start      Relocate End    
[86.274s][info][gc,heap     ] GC(19) Y:      Used:       94M (2%)          100M (2%)           90M (2%)            6M (0%)     
[86.274s][info][gc,heap     ] GC(19) Y:      Live:         -                 0M (0%)            0M (0%)            0M (0%)     
[86.274s][info][gc,heap     ] GC(19) Y:   Garbage:         -                93M (2%)           83M (2%)            0M (0%)     
[86.274s][info][gc,heap     ] GC(19) Y: Allocated:         -                 6M (0%)            6M (0%)            6M (0%)     
[86.274s][info][gc,heap     ] GC(19) Y: Reclaimed:         -                  -                10M (0%)           93M (2%)     
[86.274s][info][gc,heap     ] GC(19) Y:  Promoted:         -                  -                 0M (0%)            0M (0%)     
[86.274s][info][gc,heap     ] GC(19) Y: Compacted:         -                  -                  -                 0M (0%)     
[86.274s][info][gc,phases   ] GC(19) Y: Young Generation (Promote All) 642M(16%)->562M(14%) 0.006s
[86.274s][info][gc,phases   ] GC(19) Y: Young Generation (Collect Roots)
[86.274s][info][gc,phases   ] GC(19) Y: Pause Mark Start (Major) 0.009ms
[86.274s][info][safepoint   ] Safepoint "ZMarkStartYoungAndOld", Time since last: 720000 ns, Reaching safepoint: 1800 ns, At safepoint: 28500 ns, Leaving safepoint: 2200 ns, Total: 32500 ns, Threads: 0 runnable, 56 total
[86.279s][info][gc,phases   ] GC(19) Y: Concurrent Mark 4.154ms
[86.279s][info][gc,phases   ] GC(19) Y: Pause Mark End 0.008ms
[86.279s][info][safepoint   ] Safepoint "ZMarkEndYoung", Time since last: 4191300 ns, Reaching safepoint: 1700 ns, At safepoint: 25900 ns, Leaving safepoint: 1900 ns, Total: 29500 ns, Threads: 0 runnable, 56 total
[86.279s][info][gc,phases   ] GC(19) Y: Concurrent Mark Free 0.000ms
[86.279s][info][gc,phases   ] GC(19) Y: Concurrent Reset Relocation Set 0.001ms
[86.279s][info][gc,reloc    ] GC(19) Y: Using tenuring threshold: 1 (Computed)
[86.279s][info][gc,phases   ] GC(19) Y: Concurrent Select Relocation Set 0.108ms
[86.279s][info][gc,phases   ] GC(19) Y: Pause Relocate Start 0.006ms
[86.279s][info][safepoint   ] Safepoint "ZRelocateStartYoung", Time since last: 168600 ns, Reaching safepoint: 1600 ns, At safepoint: 23100 ns, Leaving safepoint: 1900 ns, Total: 26600 ns, Threads: 0 runnable, 56 total
[86.279s][info][gc,phases   ] GC(19) Y: Concurrent Relocate 0.038ms
[86.279s][info][gc,alloc    ] GC(19) Y:                         Mark Start        Mark End      Relocate Start    Relocate End   
[86.279s][info][gc,alloc    ] GC(19) Y: Allocation Stalls:          0                0                0                0         
[86.279s][info][gc,load     ] GC(19) Y: Load: 0.00 (0%) / 0.00 (0%) / 0.00 (0%)
[86.279s][info][gc,mmu      ] GC(19) Y: MMU: 2ms/98.0%, 5ms/99.2%, 10ms/99.4%, 20ms/99.6%, 50ms/99.9%, 100ms/99.9%
[86.279s][info][gc,marking  ] GC(19) Y: Mark: 4 stripe(s), 1 proactive flush(es), 1 terminate flush(es), 0 completion(s), 0 continuation(s) 
[86.279s][info][gc,nmethod  ] GC(19) Y: NMethods: 6209 registered, 2312 unregistered
[86.279s][info][gc,metaspace] GC(19) Y: Metaspace: 152M used, 153M committed, 1216M reserved
[86.279s][info][gc,reloc    ] GC(19) Y:                        Candidates     Selected     In-Place         Size        Empty    Relocated 
[86.279s][info][gc,reloc    ] GC(19) Y: Small Pages:                    3            0            0           6M           4M           0M 
[86.279s][info][gc,reloc    ] GC(19) Y: Medium Pages:                   0            0            0           0M           0M           0M 
[86.279s][info][gc,reloc    ] GC(19) Y: Large Pages:                    0            0            0           0M           0M           0M 
[86.279s][info][gc,reloc    ] GC(19) Y: Forwarding Usage: 0M
[86.279s][info][gc,reloc    ] GC(19) Y: Age Table:
[86.279s][info][gc,reloc    ] GC(19) Y:                    Live             Garbage             Small              Medium             Large        
[86.279s][info][gc,reloc    ] GC(19) Y: Eden               0M (0%)            5M (0%)           3 / 0              0 / 0              0 / 0        
[86.279s][info][gc,heap     ] GC(19) Y: Min Capacity: 8M(0%)
[86.279s][info][gc,heap     ] GC(19) Y: Max Capacity: 4096M(100%)
[86.279s][info][gc,heap     ] GC(19) Y: Soft Max Capacity: 4096M(100%)
[86.279s][info][gc,heap     ] GC(19) Y: Heap Statistics:
[86.279s][info][gc,heap     ] GC(19) Y:                Mark Start          Mark End        Relocate Start      Relocate End           High               Low         
[86.279s][info][gc,heap     ] GC(19) Y:  Capacity:     3348M (82%)        3348M (82%)        3348M (82%)        3348M (82%)        3348M (82%)        3348M (82%)    
[86.279s][info][gc,heap     ] GC(19) Y:      Free:     3534M (86%)        3532M (86%)        3536M (86%)        3536M (86%)        3536M (86%)        3532M (86%)    
[86.279s][info][gc,heap     ] GC(19) Y:      Used:      562M (14%)         564M (14%)         560M (14%)         560M (14%)         564M (14%)         560M (14%)    
[86.279s][info][gc,heap     ] GC(19) Y: Young Generation Statistics:
[86.279s][info][gc,heap     ] GC(19) Y:                Mark Start          Mark End        Relocate Start      Relocate End    
[86.279s][info][gc,heap     ] GC(19) Y:      Used:        6M (0%)            8M (0%)            4M (0%)            4M (0%)     
[86.279s][info][gc,heap     ] GC(19) Y:      Live:         -                 0M (0%)            0M (0%)            0M (0%)     
[86.279s][info][gc,heap     ] GC(19) Y:   Garbage:         -                 5M (0%)            1M (0%)            1M (0%)     
[86.279s][info][gc,heap     ] GC(19) Y: Allocated:         -                 2M (0%)            2M (0%)            2M (0%)     
[86.279s][info][gc,heap     ] GC(19) Y: Reclaimed:         -                  -                 4M (0%)            4M (0%)     
[86.279s][info][gc,heap     ] GC(19) Y:  Promoted:         -                  -                 0M (0%)            0M (0%)     
[86.279s][info][gc,heap     ] GC(19) Y: Compacted:         -                  -                  -                 0M (0%)     
[86.279s][info][gc,phases   ] GC(19) Y: Young Generation (Collect Roots) 562M(14%)->560M(14%) 0.005s
[86.279s][info][gc,phases   ] GC(19) O: Old Generation
[86.441s][info][gc,phases   ] GC(19) O: Concurrent Mark 161.596ms
[86.441s][info][gc,phases   ] GC(19) O: Pause Mark End 0.015ms
[86.441s][info][safepoint   ] Safepoint "ZMarkEndOld", Time since last: 162055900 ns, Reaching safepoint: 13900 ns, At safepoint: 36400 ns, Leaving safepoint: 3900 ns, Total: 54200 ns, Threads: 1 runnable, 56 total
[86.441s][info][gc,phases   ] GC(19) O: Concurrent Mark Free 0.003ms
[86.444s][info][gc,phases   ] GC(19) O: Concurrent Process Non-Strong 3.338ms
[86.444s][info][gc,phases   ] GC(19) O: Concurrent Reset Relocation Set 0.000ms
[86.445s][info][gc,phases   ] GC(19) O: Concurrent Select Relocation Set 0.162ms
[86.445s][info][gc,task     ] GC(19) O: Using 4 Workers for Old Generation
[86.448s][info][gc,task     ] GC(19) O: Using 4 Workers for Old Generation
[86.448s][info][gc,phases   ] GC(19) O: Concurrent Remap Roots 3.337ms
[86.448s][info][gc,phases   ] GC(19) O: Pause Relocate Start 0.008ms
[86.448s][info][safepoint   ] Safepoint "ZRelocateStartOld", Time since last: 6934800 ns, Reaching safepoint: 2400 ns, At safepoint: 27700 ns, Leaving safepoint: 2200 ns, Total: 32300 ns, Threads: 0 runnable, 57 total
[86.449s][info][gc,phases   ] GC(19) O: Concurrent Relocate 0.563ms
[86.449s][info][gc,alloc    ] GC(19) O:                         Mark Start        Mark End      Relocate Start    Relocate End   
[86.449s][info][gc,alloc    ] GC(19) O: Allocation Stalls:          0                0                0                0         
[86.449s][info][gc,load     ] GC(19) O: Load: 0.00 (0%) / 0.00 (0%) / 0.00 (0%)
[86.449s][info][gc,mmu      ] GC(19) O: MMU: 2ms/98.0%, 5ms/99.2%, 10ms/99.4%, 20ms/99.6%, 50ms/99.9%, 100ms/99.9%
[86.449s][info][gc,marking  ] GC(19) O: Mark: 4 stripe(s), 6 proactive flush(es), 1 terminate flush(es), 0 completion(s), 0 continuation(s) 
[86.449s][info][gc,nmethod  ] GC(19) O: NMethods: 6065 registered, 2476 unregistered
[86.449s][info][gc,metaspace] GC(19) O: Metaspace: 152M used, 153M committed, 1216M reserved
[86.449s][info][gc,ref      ] GC(19) O:                       Encountered   Discovered     Enqueued 
[86.449s][info][gc,ref      ] GC(19) O: Soft References:             5379            0            0 
[86.449s][info][gc,ref      ] GC(19) O: Weak References:            36543         9104            3 
[86.449s][info][gc,ref      ] GC(19) O: Final References:              55            0            0 
[86.449s][info][gc,ref      ] GC(19) O: Phantom References:          1215          721            9 
[86.449s][info][gc,reloc    ] GC(19) O:                        Candidates     Selected     In-Place         Size        Empty    Relocated 
[86.449s][info][gc,reloc    ] GC(19) O: Small Pages:                  240            9            0         480M           0M           1M 
[86.449s][info][gc,reloc    ] GC(19) O: Medium Pages:                   2            0            0          64M           0M           0M 
[86.449s][info][gc,reloc    ] GC(19) O: Large Pages:                    1            0            0          12M           0M           0M 
[86.449s][info][gc,reloc    ] GC(19) O: Forwarding Usage: 0M
[86.449s][info][gc,heap     ] GC(19) O: Min Capacity: 8M(0%)
[86.449s][info][gc,heap     ] GC(19) O: Max Capacity: 4096M(100%)
[86.449s][info][gc,heap     ] GC(19) O: Soft Max Capacity: 4096M(100%)
[86.449s][info][gc,heap     ] GC(19) O: Heap Statistics:
[86.449s][info][gc,heap     ] GC(19) O:                Mark Start          Mark End        Relocate Start      Relocate End           High               Low         
[86.449s][info][gc,heap     ] GC(19) O:  Capacity:     3348M (82%)        3348M (82%)        3348M (82%)        3348M (82%)        3348M (82%)        3348M (82%)    
[86.449s][info][gc,heap     ] GC(19) O:      Free:     3534M (86%)        3524M (86%)        3522M (86%)        3532M (86%)        3536M (86%)        3512M (86%)    
[86.449s][info][gc,heap     ] GC(19) O:      Used:      562M (14%)         572M (14%)         574M (14%)         564M (14%)         584M (14%)         560M (14%)    
[86.449s][info][gc,heap     ] GC(19) O: Old Generation Statistics:
[86.449s][info][gc,heap     ] GC(19) O:                Mark Start          Mark End        Relocate Start      Relocate End    
[86.449s][info][gc,heap     ] GC(19) O:      Used:      556M (14%)         556M (14%)         556M (14%)         546M (13%)    
[86.449s][info][gc,heap     ] GC(19) O:      Live:         -               486M (12%)         486M (12%)         486M (12%)    
[86.449s][info][gc,heap     ] GC(19) O:   Garbage:         -                69M (2%)           69M (2%)           51M (1%)     
[86.449s][info][gc,heap     ] GC(19) O: Allocated:         -                 0M (0%)            0M (0%)            8M (0%)     
[86.449s][info][gc,heap     ] GC(19) O: Reclaimed:         -                  -                 0M (0%)           18M (0%)     
[86.449s][info][gc,heap     ] GC(19) O: Compacted:         -                  -                  -                 1M (0%)     
[86.449s][info][gc,phases   ] GC(19) O: Old Generation 560M(14%)->564M(14%) 0.169s
[86.449s][info][gc          ] GC(19) Major Collection (System.gc()) 642M(16%)->564M(14%) 0.181s
[91.451s][info][gc          ] GC(20) Major Collection (System.gc())
[91.451s][info][gc,task     ] GC(20) Using 4 Workers for Young Generation
[91.451s][info][gc,task     ] GC(20) Using 4 Workers for Old Generation
[91.451s][info][gc,phases   ] GC(20) Y: Young Generation (Promote All)
[91.451s][info][gc,phases   ] GC(20) Y: Pause Mark Start 0.013ms
[91.451s][info][safepoint   ] Safepoint "ZMarkStartYoung", Time since last: 5002907900 ns, Reaching safepoint: 4600 ns, At safepoint: 36400 ns, Leaving safepoint: 2700 ns, Total: 43700 ns, Threads: 0 runnable, 56 total
[91.456s][info][gc,phases   ] GC(20) Y: Concurrent Mark 4.757ms
[91.456s][info][gc,phases   ] GC(20) Y: Pause Mark End 0.008ms
[91.456s][info][safepoint   ] Safepoint "ZMarkEndYoung", Time since last: 4804300 ns, Reaching safepoint: 2000 ns, At safepoint: 17200 ns, Leaving safepoint: 1800 ns, Total: 21000 ns, Threads: 0 runnable, 56 total
[91.456s][info][gc,phases   ] GC(20) Y: Concurrent Mark Free 0.002ms
[91.456s][info][gc,phases   ] GC(20) Y: Concurrent Reset Relocation Set 0.000ms
[91.456s][info][gc,reloc    ] GC(20) Y: Using tenuring threshold: 0 (Promote All)
[91.456s][info][gc,phases   ] GC(20) Y: Concurrent Select Relocation Set 0.131ms
[91.456s][info][gc,phases   ] GC(20) Y: Pause Relocate Start 0.008ms
[91.456s][info][safepoint   ] Safepoint "ZRelocateStartYoung", Time since last: 190900 ns, Reaching safepoint: 2000 ns, At safepoint: 27500 ns, Leaving safepoint: 2300 ns, Total: 31800 ns, Threads: 0 runnable, 56 total
[91.456s][info][gc,phases   ] GC(20) Y: Concurrent Relocate 0.335ms
[91.456s][info][gc,alloc    ] GC(20) Y:                         Mark Start        Mark End      Relocate Start    Relocate End   
[91.456s][info][gc,alloc    ] GC(20) Y: Allocation Stalls:          0                0                0                0         
[91.456s][info][gc,load     ] GC(20) Y: Load: 0.00 (0%) / 0.00 (0%) / 0.00 (0%)
[91.456s][info][gc,mmu      ] GC(20) Y: MMU: 2ms/98.0%, 5ms/99.2%, 10ms/99.4%, 20ms/99.6%, 50ms/99.9%, 100ms/99.9%
[91.456s][info][gc,marking  ] GC(20) Y: Mark: 4 stripe(s), 2 proactive flush(es), 1 terminate flush(es), 0 completion(s), 0 continuation(s) 
[91.456s][info][gc,nmethod  ] GC(20) Y: NMethods: 6089 registered, 2476 unregistered
[91.456s][info][gc,metaspace] GC(20) Y: Metaspace: 152M used, 153M committed, 1216M reserved
[91.456s][info][gc,reloc    ] GC(20) Y:                        Candidates     Selected     In-Place         Size        Empty    Relocated 
[91.456s][info][gc,reloc    ] GC(20) Y: Small Pages:                   47           33            0          94M          26M           0M 
[91.456s][info][gc,reloc    ] GC(20) Y: Medium Pages:                   0            0            0           0M           0M           0M 
[91.456s][info][gc,reloc    ] GC(20) Y: Large Pages:                    0            0            0           0M           0M           0M 
[91.456s][info][gc,reloc    ] GC(20) Y: Forwarding Usage: 0M
[91.456s][info][gc,reloc    ] GC(20) Y: Age Table:
[91.456s][info][gc,reloc    ] GC(20) Y:                    Live             Garbage             Small              Medium             Large        
[91.456s][info][gc,reloc    ] GC(20) Y: Eden               0M (0%)           91M (2%)          46 / 33             0 / 0              0 / 0        
[91.456s][info][gc,reloc    ] GC(20) Y: Survivor 1          -                 2M (0%)           1 / 0              0 / 0              0 / 0        
[91.456s][info][gc,heap     ] GC(20) Y: Min Capacity: 8M(0%)
[91.456s][info][gc,heap     ] GC(20) Y: Max Capacity: 4096M(100%)
[91.456s][info][gc,heap     ] GC(20) Y: Soft Max Capacity: 4096M(100%)
[91.456s][info][gc,heap     ] GC(20) Y: Heap Statistics:
[91.456s][info][gc,heap     ] GC(20) Y:                Mark Start          Mark End        Relocate Start      Relocate End           High               Low         
[91.456s][info][gc,heap     ] GC(20) Y:  Capacity:     3348M (82%)        3348M (82%)        3348M (82%)        3348M (82%)        3348M (82%)        3348M (82%)    
[91.456s][info][gc,heap     ] GC(20) Y:      Free:     3456M (84%)        3454M (84%)        3480M (85%)        3540M (86%)        3540M (86%)        3454M (84%)    
[91.456s][info][gc,heap     ] GC(20) Y:      Used:      640M (16%)         642M (16%)         616M (15%)         556M (14%)         642M (16%)         556M (14%)    
[91.456s][info][gc,heap     ] GC(20) Y: Young Generation Statistics:
[91.456s][info][gc,heap     ] GC(20) Y:                Mark Start          Mark End        Relocate Start      Relocate End    
[91.456s][info][gc,heap     ] GC(20) Y:      Used:       94M (2%)           96M (2%)           70M (2%)            2M (0%)     
[91.457s][info][gc,heap     ] GC(20) Y:      Live:         -                 0M (0%)            0M (0%)            0M (0%)     
[91.457s][info][gc,heap     ] GC(20) Y:   Garbage:         -                93M (2%)           67M (2%)            0M (0%)     
[91.457s][info][gc,heap     ] GC(20) Y: Allocated:         -                 2M (0%)            2M (0%)            2M (0%)     
[91.457s][info][gc,heap     ] GC(20) Y: Reclaimed:         -                  -                26M (1%)           93M (2%)     
[91.457s][info][gc,heap     ] GC(20) Y:  Promoted:         -                  -                 0M (0%)            0M (0%)     
[91.457s][info][gc,heap     ] GC(20) Y: Compacted:         -                  -                  -                 0M (0%)     
[91.457s][info][gc,phases   ] GC(20) Y: Young Generation (Promote All) 640M(16%)->556M(14%) 0.005s
[91.457s][info][gc,phases   ] GC(20) Y: Young Generation (Collect Roots)
[91.457s][info][gc,phases   ] GC(20) Y: Pause Mark Start (Major) 0.008ms
[91.457s][info][safepoint   ] Safepoint "ZMarkStartYoungAndOld", Time since last: 618400 ns, Reaching safepoint: 1700 ns, At safepoint: 28200 ns, Leaving safepoint: 1900 ns, Total: 31800 ns, Threads: 0 runnable, 56 total
[91.460s][info][gc,phases   ] GC(20) Y: Concurrent Mark 3.720ms
[91.460s][info][gc,phases   ] GC(20) Y: Pause Mark End 0.006ms
[91.460s][info][safepoint   ] Safepoint "ZMarkEndYoung", Time since last: 3757500 ns, Reaching safepoint: 1000 ns, At safepoint: 19200 ns, Leaving safepoint: 1700 ns, Total: 21900 ns, Threads: 0 runnable, 56 total
[91.460s][info][gc,phases   ] GC(20) Y: Concurrent Mark Free 0.000ms
[91.460s][info][gc,phases   ] GC(20) Y: Concurrent Reset Relocation Set 0.001ms
[91.460s][info][gc,reloc    ] GC(20) Y: Using tenuring threshold: 0 (Computed)
[91.461s][info][gc,phases   ] GC(20) Y: Concurrent Select Relocation Set 0.102ms
[91.461s][info][gc,phases   ] GC(20) Y: Pause Relocate Start 0.003ms
[91.461s][info][safepoint   ] Safepoint "ZRelocateStartYoung", Time since last: 161600 ns, Reaching safepoint: 800 ns, At safepoint: 12000 ns, Leaving safepoint: 1700 ns, Total: 14500 ns, Threads: 0 runnable, 56 total
[91.461s][info][gc,phases   ] GC(20) Y: Concurrent Relocate 0.046ms
[91.461s][info][gc,alloc    ] GC(20) Y:                         Mark Start        Mark End      Relocate Start    Relocate End   
[91.461s][info][gc,alloc    ] GC(20) Y: Allocation Stalls:          0                0                0                0         
[91.461s][info][gc,load     ] GC(20) Y: Load: 0.00 (0%) / 0.00 (0%) / 0.00 (0%)
[91.461s][info][gc,mmu      ] GC(20) Y: MMU: 2ms/98.0%, 5ms/99.2%, 10ms/99.4%, 20ms/99.6%, 50ms/99.9%, 100ms/99.9%
[91.461s][info][gc,marking  ] GC(20) Y: Mark: 4 stripe(s), 1 proactive flush(es), 1 terminate flush(es), 0 completion(s), 0 continuation(s) 
[91.461s][info][gc,nmethod  ] GC(20) Y: NMethods: 6089 registered, 2476 unregistered
[91.461s][info][gc,metaspace] GC(20) Y: Metaspace: 152M used, 153M committed, 1216M reserved
[91.461s][info][gc,reloc    ] GC(20) Y:                        Candidates     Selected     In-Place         Size        Empty    Relocated 
[91.461s][info][gc,reloc    ] GC(20) Y: Small Pages:                    1            0            0           2M           2M           0M 
[91.461s][info][gc,reloc    ] GC(20) Y: Medium Pages:                   0            0            0           0M           0M           0M 
[91.461s][info][gc,reloc    ] GC(20) Y: Large Pages:                    0            0            0           0M           0M           0M 
[91.461s][info][gc,reloc    ] GC(20) Y: Forwarding Usage: 0M
[91.461s][info][gc,reloc    ] GC(20) Y: Age Table:
[91.461s][info][gc,reloc    ] GC(20) Y:                    Live             Garbage             Small              Medium             Large        
[91.461s][info][gc,reloc    ] GC(20) Y: Eden                -                 2M (0%)           1 / 0              0 / 0              0 / 0        
[91.461s][info][gc,heap     ] GC(20) Y: Min Capacity: 8M(0%)
[91.461s][info][gc,heap     ] GC(20) Y: Max Capacity: 4096M(100%)
[91.461s][info][gc,heap     ] GC(20) Y: Soft Max Capacity: 4096M(100%)
[91.461s][info][gc,heap     ] GC(20) Y: Heap Statistics:
[91.461s][info][gc,heap     ] GC(20) Y:                Mark Start          Mark End        Relocate Start      Relocate End           High               Low         
[91.461s][info][gc,heap     ] GC(20) Y:  Capacity:     3348M (82%)        3348M (82%)        3348M (82%)        3348M (82%)        3348M (82%)        3348M (82%)    
[91.461s][info][gc,heap     ] GC(20) Y:      Free:     3540M (86%)        3538M (86%)        3540M (86%)        3540M (86%)        3540M (86%)        3538M (86%)    
[91.461s][info][gc,heap     ] GC(20) Y:      Used:      556M (14%)         558M (14%)         556M (14%)         556M (14%)         558M (14%)         556M (14%)    
[91.461s][info][gc,heap     ] GC(20) Y: Young Generation Statistics:
[91.461s][info][gc,heap     ] GC(20) Y:                Mark Start          Mark End        Relocate Start      Relocate End    
[91.461s][info][gc,heap     ] GC(20) Y:      Used:        2M (0%)            4M (0%)            2M (0%)            2M (0%)     
[91.461s][info][gc,heap     ] GC(20) Y:      Live:         -                 0M (0%)            0M (0%)            0M (0%)     
[91.461s][info][gc,heap     ] GC(20) Y:   Garbage:         -                 2M (0%)            0M (0%)            0M (0%)     
[91.461s][info][gc,heap     ] GC(20) Y: Allocated:         -                 2M (0%)            2M (0%)            2M (0%)     
[91.461s][info][gc,heap     ] GC(20) Y: Reclaimed:         -                  -                 2M (0%)            2M (0%)     
[91.461s][info][gc,heap     ] GC(20) Y:  Promoted:         -                  -                 0M (0%)            0M (0%)     
[91.461s][info][gc,heap     ] GC(20) Y: Compacted:         -                  -                  -                 0M (0%)     
[91.461s][info][gc,phases   ] GC(20) Y: Young Generation (Collect Roots) 556M(14%)->556M(14%) 0.004s
[91.461s][info][gc,phases   ] GC(20) O: Old Generation
[91.602s][info][gc,phases   ] GC(20) O: Concurrent Mark 141.295ms
[91.602s][info][gc,phases   ] GC(20) O: Pause Mark End 0.015ms
[91.602s][info][safepoint   ] Safepoint "ZMarkEndOld", Time since last: 141630900 ns, Reaching safepoint: 2700 ns, At safepoint: 36000 ns, Leaving safepoint: 2100 ns, Total: 40800 ns, Threads: 0 runnable, 56 total
[91.602s][info][gc,phases   ] GC(20) O: Concurrent Mark Free 0.003ms
[91.605s][info][gc,phases   ] GC(20) O: Concurrent Process Non-Strong 2.905ms
[91.605s][info][gc,phases   ] GC(20) O: Concurrent Reset Relocation Set 0.001ms
[91.605s][info][gc,phases   ] GC(20) O: Concurrent Select Relocation Set 0.076ms
[91.605s][info][gc,task     ] GC(20) O: Using 4 Workers for Old Generation
[91.606s][info][gc,task     ] GC(20) O: Using 4 Workers for Old Generation
[91.606s][info][gc,phases   ] GC(20) O: Concurrent Remap Roots 1.062ms
[91.606s][info][gc,phases   ] GC(20) O: Pause Relocate Start 0.009ms
[91.606s][info][safepoint   ] Safepoint "ZRelocateStartOld", Time since last: 4150900 ns, Reaching safepoint: 2900 ns, At safepoint: 28400 ns, Leaving safepoint: 1900 ns, Total: 33200 ns, Threads: 0 runnable, 56 total
[91.607s][info][gc,phases   ] GC(20) O: Concurrent Relocate 0.788ms
[91.607s][info][gc,alloc    ] GC(20) O:                         Mark Start        Mark End      Relocate Start    Relocate End   
[91.607s][info][gc,alloc    ] GC(20) O: Allocation Stalls:          0                0                0                0         
[91.607s][info][gc,load     ] GC(20) O: Load: 0.00 (0%) / 0.00 (0%) / 0.00 (0%)
[91.607s][info][gc,mmu      ] GC(20) O: MMU: 2ms/98.0%, 5ms/99.2%, 10ms/99.4%, 20ms/99.6%, 50ms/99.9%, 100ms/99.9%
[91.607s][info][gc,marking  ] GC(20) O: Mark: 4 stripe(s), 2 proactive flush(es), 1 terminate flush(es), 0 completion(s), 0 continuation(s) 
[91.607s][info][gc,nmethod  ] GC(20) O: NMethods: 6071 registered, 2494 unregistered
[91.607s][info][gc,metaspace] GC(20) O: Metaspace: 152M used, 153M committed, 1216M reserved
[91.607s][info][gc,ref      ] GC(20) O:                       Encountered   Discovered     Enqueued 
[91.607s][info][gc,ref      ] GC(20) O: Soft References:             5379            0            0 
[91.607s][info][gc,ref      ] GC(20) O: Weak References:            36539         8193            0 
[91.607s][info][gc,ref      ] GC(20) O: Final References:              55           18            0 
[91.607s][info][gc,ref      ] GC(20) O: Phantom References:          1211         1107            5 
[91.607s][info][gc,reloc    ] GC(20) O:                        Candidates     Selected     In-Place         Size        Empty    Relocated 
[91.607s][info][gc,reloc    ] GC(20) O: Small Pages:                  239            8            0         478M           0M           1M 
[91.607s][info][gc,reloc    ] GC(20) O: Medium Pages:                   2            0            0          64M           0M           0M 
[91.607s][info][gc,reloc    ] GC(20) O: Large Pages:                    1            0            0          12M           0M           0M 
[91.607s][info][gc,reloc    ] GC(20) O: Forwarding Usage: 0M
[91.607s][info][gc,heap     ] GC(20) O: Min Capacity: 8M(0%)
[91.607s][info][gc,heap     ] GC(20) O: Max Capacity: 4096M(100%)
[91.607s][info][gc,heap     ] GC(20) O: Soft Max Capacity: 4096M(100%)
[91.607s][info][gc,heap     ] GC(20) O: Heap Statistics:
[91.607s][info][gc,heap     ] GC(20) O:                Mark Start          Mark End        Relocate Start      Relocate End           High               Low         
[91.607s][info][gc,heap     ] GC(20) O:  Capacity:     3348M (82%)        3348M (82%)        3348M (82%)        3348M (82%)        3348M (82%)        3348M (82%)    
[91.607s][info][gc,heap     ] GC(20) O:      Free:     3540M (86%)        3528M (86%)        3528M (86%)        3534M (86%)        3540M (86%)        3516M (86%)    
[91.607s][info][gc,heap     ] GC(20) O:      Used:      556M (14%)         568M (14%)         568M (14%)         562M (14%)         580M (14%)         556M (14%)    
[91.607s][info][gc,heap     ] GC(20) O: Old Generation Statistics:
[91.607s][info][gc,heap     ] GC(20) O:                Mark Start          Mark End        Relocate Start      Relocate End    
[91.607s][info][gc,heap     ] GC(20) O:      Used:      554M (14%)         554M (14%)         554M (14%)         546M (13%)    
[91.607s][info][gc,heap     ] GC(20) O:      Live:         -               486M (12%)         486M (12%)         486M (12%)    
[91.607s][info][gc,heap     ] GC(20) O:   Garbage:         -                67M (2%)           67M (2%)           51M (1%)     
[91.607s][info][gc,heap     ] GC(20) O: Allocated:         -                 0M (0%)            0M (0%)            8M (0%)     
[91.607s][info][gc,heap     ] GC(20) O: Reclaimed:         -                  -                 0M (0%)           16M (0%)     
[91.607s][info][gc,heap     ] GC(20) O: Compacted:         -                  -                  -                 1M (0%)     
[91.607s][info][gc,phases   ] GC(20) O: Old Generation 556M(14%)->562M(14%) 0.146s
[91.607s][info][gc          ] GC(20) Major Collection (System.gc()) 640M(16%)->562M(14%) 0.157s
[96.610s][info][gc          ] GC(21) Major Collection (System.gc())
[96.610s][info][gc,task     ] GC(21) Using 4 Workers for Young Generation
[96.610s][info][gc,task     ] GC(21) Using 4 Workers for Old Generation
[96.610s][info][gc,phases   ] GC(21) Y: Young Generation (Promote All)
[96.610s][info][gc,phases   ] GC(21) Y: Pause Mark Start 0.012ms
[96.610s][info][safepoint   ] Safepoint "ZMarkStartYoung", Time since last: 5003357400 ns, Reaching safepoint: 7300 ns, At safepoint: 36900 ns, Leaving safepoint: 7800 ns, Total: 52000 ns, Threads: 0 runnable, 58 total
[96.615s][info][gc,phases   ] GC(21) Y: Concurrent Mark 4.784ms
[96.615s][info][gc,phases   ] GC(21) Y: Pause Mark End 0.008ms
[96.615s][info][safepoint   ] Safepoint "ZMarkEndYoung", Time since last: 4829300 ns, Reaching safepoint: 1900 ns, At safepoint: 27100 ns, Leaving safepoint: 2000 ns, Total: 31000 ns, Threads: 0 runnable, 58 total
[96.615s][info][gc,phases   ] GC(21) Y: Concurrent Mark Free 0.001ms
[96.615s][info][gc,phases   ] GC(21) Y: Concurrent Reset Relocation Set 0.000ms
[96.615s][info][gc,reloc    ] GC(21) Y: Using tenuring threshold: 0 (Promote All)
[96.615s][info][gc,phases   ] GC(21) Y: Concurrent Select Relocation Set 0.157ms
[96.615s][info][gc,phases   ] GC(21) Y: Pause Relocate Start 0.006ms
[96.615s][info][safepoint   ] Safepoint "ZRelocateStartYoung", Time since last: 218800 ns, Reaching safepoint: 2000 ns, At safepoint: 24600 ns, Leaving safepoint: 2000 ns, Total: 28600 ns, Threads: 0 runnable, 58 total
[96.615s][info][gc,phases   ] GC(21) Y: Concurrent Relocate 0.335ms
[96.615s][info][gc,alloc    ] GC(21) Y:                         Mark Start        Mark End      Relocate Start    Relocate End   
[96.615s][info][gc,alloc    ] GC(21) Y: Allocation Stalls:          0                0                0                0         
[96.615s][info][gc,load     ] GC(21) Y: Load: 0.00 (0%) / 0.00 (0%) / 0.00 (0%)
[96.615s][info][gc,mmu      ] GC(21) Y: MMU: 2ms/98.0%, 5ms/99.2%, 10ms/99.4%, 20ms/99.6%, 50ms/99.9%, 100ms/99.9%
[96.615s][info][gc,marking  ] GC(21) Y: Mark: 4 stripe(s), 1 proactive flush(es), 1 terminate flush(es), 0 completion(s), 0 continuation(s) 
[96.615s][info][gc,nmethod  ] GC(21) Y: NMethods: 6152 registered, 2494 unregistered
[96.615s][info][gc,metaspace] GC(21) Y: Metaspace: 152M used, 153M committed, 1216M reserved
[96.615s][info][gc,reloc    ] GC(21) Y:                        Candidates     Selected     In-Place         Size        Empty    Relocated 
[96.615s][info][gc,reloc    ] GC(21) Y: Small Pages:                   46           36            0          92M          18M           0M 
[96.615s][info][gc,reloc    ] GC(21) Y: Medium Pages:                   0            0            0           0M           0M           0M 
[96.615s][info][gc,reloc    ] GC(21) Y: Large Pages:                    0            0            0           0M           0M           0M 
[96.615s][info][gc,reloc    ] GC(21) Y: Forwarding Usage: 0M
[96.615s][info][gc,reloc    ] GC(21) Y: Age Table:
[96.615s][info][gc,reloc    ] GC(21) Y:                    Live             Garbage             Small              Medium             Large        
[96.615s][info][gc,reloc    ] GC(21) Y: Eden               0M (0%)           91M (2%)          46 / 36             0 / 0              0 / 0        
[96.615s][info][gc,heap     ] GC(21) Y: Min Capacity: 8M(0%)
[96.615s][info][gc,heap     ] GC(21) Y: Max Capacity: 4096M(100%)
[96.615s][info][gc,heap     ] GC(21) Y: Soft Max Capacity: 4096M(100%)
[96.615s][info][gc,heap     ] GC(21) Y: Heap Statistics:
[96.615s][info][gc,heap     ] GC(21) Y:                Mark Start          Mark End        Relocate Start      Relocate End           High               Low         
[96.615s][info][gc,heap     ] GC(21) Y:  Capacity:     3348M (82%)        3348M (82%)        3348M (82%)        3348M (82%)        3348M (82%)        3348M (82%)    
[96.615s][info][gc,heap     ] GC(21) Y:      Free:     3458M (84%)        3456M (84%)        3474M (85%)        3540M (86%)        3540M (86%)        3456M (84%)    
[96.615s][info][gc,heap     ] GC(21) Y:      Used:      638M (16%)         640M (16%)         622M (15%)         556M (14%)         640M (16%)         556M (14%)    
[96.615s][info][gc,heap     ] GC(21) Y: Young Generation Statistics:
[96.615s][info][gc,heap     ] GC(21) Y:                Mark Start          Mark End        Relocate Start      Relocate End    
[96.615s][info][gc,heap     ] GC(21) Y:      Used:       92M (2%)           94M (2%)           76M (2%)            2M (0%)     
[96.615s][info][gc,heap     ] GC(21) Y:      Live:         -                 0M (0%)            0M (0%)            0M (0%)     
[96.615s][info][gc,heap     ] GC(21) Y:   Garbage:         -                91M (2%)           73M (2%)            0M (0%)     
[96.616s][info][gc,heap     ] GC(21) Y: Allocated:         -                 2M (0%)            2M (0%)            2M (0%)     
[96.616s][info][gc,heap     ] GC(21) Y: Reclaimed:         -                  -                18M (0%)           91M (2%)     
[96.616s][info][gc,heap     ] GC(21) Y:  Promoted:         -                  -                 0M (0%)            0M (0%)     
[96.616s][info][gc,heap     ] GC(21) Y: Compacted:         -                  -                  -                 0M (0%)     
[96.616s][info][gc,phases   ] GC(21) Y: Young Generation (Promote All) 638M(16%)->556M(14%) 0.006s
[96.616s][info][gc,phases   ] GC(21) Y: Young Generation (Collect Roots)
[96.616s][info][gc,phases   ] GC(21) Y: Pause Mark Start (Major) 0.008ms
[96.616s][info][safepoint   ] Safepoint "ZMarkStartYoungAndOld", Time since last: 627800 ns, Reaching safepoint: 1800 ns, At safepoint: 27200 ns, Leaving safepoint: 2000 ns, Total: 31000 ns, Threads: 0 runnable, 58 total
[96.619s][info][gc,phases   ] GC(21) Y: Concurrent Mark 3.698ms
[96.619s][info][gc,phases   ] GC(21) Y: Pause Mark End 0.008ms
[96.619s][info][safepoint   ] Safepoint "ZMarkEndYoung", Time since last: 3735400 ns, Reaching safepoint: 1900 ns, At safepoint: 28200 ns, Leaving safepoint: 3700 ns, Total: 33800 ns, Threads: 1 runnable, 58 total
[96.619s][info][gc,phases   ] GC(21) Y: Concurrent Mark Free 0.001ms
[96.619s][info][gc,phases   ] GC(21) Y: Concurrent Reset Relocation Set 0.001ms
[96.619s][info][gc,reloc    ] GC(21) Y: Using tenuring threshold: 0 (Computed)
[96.619s][info][gc,phases   ] GC(21) Y: Concurrent Select Relocation Set 0.086ms
[96.620s][info][gc,phases   ] GC(21) Y: Pause Relocate Start 0.007ms
[96.620s][info][safepoint   ] Safepoint "ZRelocateStartYoung", Time since last: 150300 ns, Reaching safepoint: 12300 ns, At safepoint: 26700 ns, Leaving safepoint: 3800 ns, Total: 42800 ns, Threads: 1 runnable, 58 total
[96.620s][info][gc,phases   ] GC(21) Y: Concurrent Relocate 0.036ms
[96.620s][info][gc,alloc    ] GC(21) Y:                         Mark Start        Mark End      Relocate Start    Relocate End   
[96.620s][info][gc,alloc    ] GC(21) Y: Allocation Stalls:          0                0                0                0         
[96.620s][info][gc,load     ] GC(21) Y: Load: 0.00 (0%) / 0.00 (0%) / 0.00 (0%)
[96.620s][info][gc,mmu      ] GC(21) Y: MMU: 2ms/98.0%, 5ms/99.2%, 10ms/99.4%, 20ms/99.6%, 50ms/99.9%, 100ms/99.9%
[96.620s][info][gc,marking  ] GC(21) Y: Mark: 4 stripe(s), 1 proactive flush(es), 1 terminate flush(es), 0 completion(s), 0 continuation(s) 
[96.620s][info][gc,nmethod  ] GC(21) Y: NMethods: 6153 registered, 2494 unregistered
[96.620s][info][gc,metaspace] GC(21) Y: Metaspace: 152M used, 153M committed, 1216M reserved
[96.620s][info][gc,reloc    ] GC(21) Y:                        Candidates     Selected     In-Place         Size        Empty    Relocated 
[96.620s][info][gc,reloc    ] GC(21) Y: Small Pages:                    1            0            0           2M           2M           0M 
[96.620s][info][gc,reloc    ] GC(21) Y: Medium Pages:                   0            0            0           0M           0M           0M 
[96.620s][info][gc,reloc    ] GC(21) Y: Large Pages:                    0            0            0           0M           0M           0M 
[96.620s][info][gc,reloc    ] GC(21) Y: Forwarding Usage: 0M
[96.620s][info][gc,reloc    ] GC(21) Y: Age Table:
[96.620s][info][gc,reloc    ] GC(21) Y:                    Live             Garbage             Small              Medium             Large        
[96.620s][info][gc,reloc    ] GC(21) Y: Eden                -                 2M (0%)           1 / 0              0 / 0              0 / 0        
[96.620s][info][gc,heap     ] GC(21) Y: Min Capacity: 8M(0%)
[96.620s][info][gc,heap     ] GC(21) Y: Max Capacity: 4096M(100%)
[96.620s][info][gc,heap     ] GC(21) Y: Soft Max Capacity: 4096M(100%)
[96.620s][info][gc,heap     ] GC(21) Y: Heap Statistics:
[96.620s][info][gc,heap     ] GC(21) Y:                Mark Start          Mark End        Relocate Start      Relocate End           High               Low         
[96.620s][info][gc,heap     ] GC(21) Y:  Capacity:     3348M (82%)        3348M (82%)        3348M (82%)        3348M (82%)        3348M (82%)        3348M (82%)    
[96.620s][info][gc,heap     ] GC(21) Y:      Free:     3540M (86%)        3530M (86%)        3532M (86%)        3532M (86%)        3540M (86%)        3530M (86%)    
[96.620s][info][gc,heap     ] GC(21) Y:      Used:      556M (14%)         566M (14%)         564M (14%)         564M (14%)         566M (14%)         556M (14%)    
[96.620s][info][gc,heap     ] GC(21) Y: Young Generation Statistics:
[96.620s][info][gc,heap     ] GC(21) Y:                Mark Start          Mark End        Relocate Start      Relocate End    
[96.620s][info][gc,heap     ] GC(21) Y:      Used:        2M (0%)           12M (0%)           10M (0%)           10M (0%)     
[96.620s][info][gc,heap     ] GC(21) Y:      Live:         -                 0M (0%)            0M (0%)            0M (0%)     
[96.620s][info][gc,heap     ] GC(21) Y:   Garbage:         -                 2M (0%)            0M (0%)            0M (0%)     
[96.620s][info][gc,heap     ] GC(21) Y: Allocated:         -                10M (0%)           10M (0%)           10M (0%)     
[96.620s][info][gc,heap     ] GC(21) Y: Reclaimed:         -                  -                 2M (0%)            2M (0%)     
[96.620s][info][gc,heap     ] GC(21) Y:  Promoted:         -                  -                 0M (0%)            0M (0%)     
[96.620s][info][gc,heap     ] GC(21) Y: Compacted:         -                  -                  -                 0M (0%)     
[96.620s][info][gc,phases   ] GC(21) Y: Young Generation (Collect Roots) 556M(14%)->564M(14%) 0.004s
[96.620s][info][gc,phases   ] GC(21) O: Old Generation
[96.768s][info][gc,phases   ] GC(21) O: Concurrent Mark 147.869ms
[96.768s][info][gc,phases   ] GC(21) O: Pause Mark End 0.013ms
[96.768s][info][safepoint   ] Safepoint "ZMarkEndOld", Time since last: 148212000 ns, Reaching safepoint: 3000 ns, At safepoint: 36000 ns, Leaving safepoint: 2200 ns, Total: 41200 ns, Threads: 0 runnable, 56 total
[96.768s][info][gc,phases   ] GC(21) O: Concurrent Mark Free 0.002ms
[96.771s][info][gc,phases   ] GC(21) O: Concurrent Process Non-Strong 2.900ms
[96.771s][info][gc,phases   ] GC(21) O: Concurrent Reset Relocation Set 0.001ms
[96.771s][info][gc,phases   ] GC(21) O: Concurrent Select Relocation Set 0.150ms
[96.771s][info][gc,task     ] GC(21) O: Using 4 Workers for Old Generation
[96.772s][info][gc,task     ] GC(21) O: Using 4 Workers for Old Generation
[96.772s][info][gc,phases   ] GC(21) O: Concurrent Remap Roots 1.119ms
[96.772s][info][gc,phases   ] GC(21) O: Pause Relocate Start 0.009ms
[96.772s][info][safepoint   ] Safepoint "ZRelocateStartOld", Time since last: 4272700 ns, Reaching safepoint: 2900 ns, At safepoint: 32300 ns, Leaving safepoint: 2500 ns, Total: 37700 ns, Threads: 0 runnable, 56 total
[96.773s][info][gc,phases   ] GC(21) O: Concurrent Relocate 0.648ms
[96.773s][info][gc,alloc    ] GC(21) O:                         Mark Start        Mark End      Relocate Start    Relocate End   
[96.773s][info][gc,alloc    ] GC(21) O: Allocation Stalls:          0                0                0                0         
[96.773s][info][gc,load     ] GC(21) O: Load: 0.00 (0%) / 0.00 (0%) / 0.00 (0%)
[96.773s][info][gc,mmu      ] GC(21) O: MMU: 2ms/98.0%, 5ms/99.2%, 10ms/99.4%, 20ms/99.6%, 50ms/99.9%, 100ms/99.9%
[96.773s][info][gc,marking  ] GC(21) O: Mark: 4 stripe(s), 10 proactive flush(es), 1 terminate flush(es), 0 completion(s), 0 continuation(s) 
[96.773s][info][gc,nmethod  ] GC(21) O: NMethods: 6068 registered, 2586 unregistered
[96.773s][info][gc,metaspace] GC(21) O: Metaspace: 152M used, 153M committed, 1216M reserved
[96.773s][info][gc,ref      ] GC(21) O:                       Encountered   Discovered     Enqueued 
[96.773s][info][gc,ref      ] GC(21) O: Soft References:             5379            0            0 
[96.773s][info][gc,ref      ] GC(21) O: Weak References:            36592         1068           18 
[96.773s][info][gc,ref      ] GC(21) O: Final References:              55            8            0 
[96.773s][info][gc,ref      ] GC(21) O: Phantom References:          1211          633            5 
[96.773s][info][gc,reloc    ] GC(21) O:                        Candidates     Selected     In-Place         Size        Empty    Relocated 
[96.773s][info][gc,reloc    ] GC(21) O: Small Pages:                  239            8            0         478M           0M           1M 
[96.773s][info][gc,reloc    ] GC(21) O: Medium Pages:                   2            0            0          64M           0M           0M 
[96.773s][info][gc,reloc    ] GC(21) O: Large Pages:                    1            0            0          12M           0M           0M 
[96.773s][info][gc,reloc    ] GC(21) O: Forwarding Usage: 0M
[96.773s][info][gc,heap     ] GC(21) O: Min Capacity: 8M(0%)
[96.773s][info][gc,heap     ] GC(21) O: Max Capacity: 4096M(100%)
[96.773s][info][gc,heap     ] GC(21) O: Soft Max Capacity: 4096M(100%)
[96.773s][info][gc,heap     ] GC(21) O: Heap Statistics:
[96.773s][info][gc,heap     ] GC(21) O:                Mark Start          Mark End        Relocate Start      Relocate End           High               Low         
[96.773s][info][gc,heap     ] GC(21) O:  Capacity:     3348M (82%)        3348M (82%)        3348M (82%)        3348M (82%)        3348M (82%)        3348M (82%)    
[96.773s][info][gc,heap     ] GC(21) O:      Free:     3540M (86%)        3528M (86%)        3528M (86%)        3536M (86%)        3540M (86%)        3518M (86%)    
[96.773s][info][gc,heap     ] GC(21) O:      Used:      556M (14%)         568M (14%)         568M (14%)         560M (14%)         578M (14%)         556M (14%)    
[96.773s][info][gc,heap     ] GC(21) O: Old Generation Statistics:
[96.773s][info][gc,heap     ] GC(21) O:                Mark Start          Mark End        Relocate Start      Relocate End    
[96.773s][info][gc,heap     ] GC(21) O:      Used:      554M (14%)         554M (14%)         554M (14%)         546M (13%)    
[96.773s][info][gc,heap     ] GC(21) O:      Live:         -               486M (12%)         486M (12%)         486M (12%)    
[96.773s][info][gc,heap     ] GC(21) O:   Garbage:         -                67M (2%)           67M (2%)           51M (1%)     
[96.773s][info][gc,heap     ] GC(21) O: Allocated:         -                 0M (0%)            0M (0%)            8M (0%)     
[96.773s][info][gc,heap     ] GC(21) O: Reclaimed:         -                  -                 0M (0%)           16M (0%)     
[96.773s][info][gc,heap     ] GC(21) O: Compacted:         -                  -                  -                 1M (0%)     
[96.773s][info][gc,phases   ] GC(21) O: Old Generation 564M(14%)->560M(14%) 0.153s
[96.773s][info][gc          ] GC(21) Major Collection (System.gc()) 638M(16%)->560M(14%) 0.163s
[101.774s][info][gc          ] GC(22) Major Collection (System.gc())
[101.774s][info][gc,task     ] GC(22) Using 4 Workers for Young Generation
[101.774s][info][gc,task     ] GC(22) Using 4 Workers for Old Generation
[101.774s][info][gc,phases   ] GC(22) Y: Young Generation (Promote All)
[101.774s][info][gc,phases   ] GC(22) Y: Pause Mark Start 0.013ms
[101.774s][info][safepoint   ] Safepoint "ZMarkStartYoung", Time since last: 5001798000 ns, Reaching safepoint: 4600 ns, At safepoint: 36500 ns, Leaving safepoint: 2600 ns, Total: 43700 ns, Threads: 0 runnable, 56 total
[101.779s][info][gc,phases   ] GC(22) Y: Concurrent Mark 4.557ms
[101.779s][info][gc,phases   ] GC(22) Y: Pause Mark End 0.008ms
[101.779s][info][safepoint   ] Safepoint "ZMarkEndYoung", Time since last: 4596500 ns, Reaching safepoint: 2100 ns, At safepoint: 27300 ns, Leaving safepoint: 1900 ns, Total: 31300 ns, Threads: 0 runnable, 56 total
[101.779s][info][gc,phases   ] GC(22) Y: Concurrent Mark Free 0.001ms
[101.779s][info][gc,phases   ] GC(22) Y: Concurrent Reset Relocation Set 0.000ms
[101.779s][info][gc,reloc    ] GC(22) Y: Using tenuring threshold: 0 (Promote All)
[101.779s][info][gc,phases   ] GC(22) Y: Concurrent Select Relocation Set 0.128ms
[101.779s][info][gc,phases   ] GC(22) Y: Pause Relocate Start 0.006ms
[101.779s][info][safepoint   ] Safepoint "ZRelocateStartYoung", Time since last: 185300 ns, Reaching safepoint: 1200 ns, At safepoint: 24800 ns, Leaving safepoint: 1800 ns, Total: 27800 ns, Threads: 0 runnable, 56 total
[101.779s][info][gc,phases   ] GC(22) Y: Concurrent Relocate 0.328ms
[101.779s][info][gc,alloc    ] GC(22) Y:                         Mark Start        Mark End      Relocate Start    Relocate End   
[101.779s][info][gc,alloc    ] GC(22) Y: Allocation Stalls:          0                0                0                0         
[101.779s][info][gc,load     ] GC(22) Y: Load: 0.00 (0%) / 0.00 (0%) / 0.00 (0%)
[101.779s][info][gc,mmu      ] GC(22) Y: MMU: 2ms/98.0%, 5ms/99.2%, 10ms/99.4%, 20ms/99.6%, 50ms/99.9%, 100ms/99.9%
[101.779s][info][gc,marking  ] GC(22) Y: Mark: 4 stripe(s), 1 proactive flush(es), 1 terminate flush(es), 0 completion(s), 0 continuation(s) 
[101.779s][info][gc,nmethod  ] GC(22) Y: NMethods: 6118 registered, 2586 unregistered
[101.779s][info][gc,metaspace] GC(22) Y: Metaspace: 152M used, 153M committed, 1216M reserved
[101.779s][info][gc,reloc    ] GC(22) Y:                        Candidates     Selected     In-Place         Size        Empty    Relocated 
[101.779s][info][gc,reloc    ] GC(22) Y: Small Pages:                   44           37            0          88M          12M           0M 
[101.779s][info][gc,reloc    ] GC(22) Y: Medium Pages:                   0            0            0           0M           0M           0M 
[101.779s][info][gc,reloc    ] GC(22) Y: Large Pages:                    0            0            0           0M           0M           0M 
[101.779s][info][gc,reloc    ] GC(22) Y: Forwarding Usage: 0M
[101.779s][info][gc,reloc    ] GC(22) Y: Age Table:
[101.779s][info][gc,reloc    ] GC(22) Y:                    Live             Garbage             Small              Medium             Large        
[101.779s][info][gc,reloc    ] GC(22) Y: Eden               0M (0%)           87M (2%)          44 / 37             0 / 0              0 / 0        
[101.779s][info][gc,heap     ] GC(22) Y: Min Capacity: 8M(0%)
[101.779s][info][gc,heap     ] GC(22) Y: Max Capacity: 4096M(100%)
[101.779s][info][gc,heap     ] GC(22) Y: Soft Max Capacity: 4096M(100%)
[101.779s][info][gc,heap     ] GC(22) Y: Heap Statistics:
[101.779s][info][gc,heap     ] GC(22) Y:                Mark Start          Mark End        Relocate Start      Relocate End           High               Low         
[101.779s][info][gc,heap     ] GC(22) Y:  Capacity:     3348M (82%)        3348M (82%)        3348M (82%)        3348M (82%)        3348M (82%)        3348M (82%)    
[101.779s][info][gc,heap     ] GC(22) Y:      Free:     3462M (85%)        3458M (84%)        3470M (85%)        3536M (86%)        3536M (86%)        3458M (84%)    
[101.779s][info][gc,heap     ] GC(22) Y:      Used:      634M (15%)         638M (16%)         626M (15%)         560M (14%)         638M (16%)         560M (14%)    
[101.779s][info][gc,heap     ] GC(22) Y: Young Generation Statistics:
[101.779s][info][gc,heap     ] GC(22) Y:                Mark Start          Mark End        Relocate Start      Relocate End    
[101.779s][info][gc,heap     ] GC(22) Y:      Used:       88M (2%)           92M (2%)           80M (2%)            6M (0%)     
[101.779s][info][gc,heap     ] GC(22) Y:      Live:         -                 0M (0%)            0M (0%)            0M (0%)     
[101.779s][info][gc,heap     ] GC(22) Y:   Garbage:         -                87M (2%)           75M (2%)            0M (0%)     
[101.779s][info][gc,heap     ] GC(22) Y: Allocated:         -                 4M (0%)            4M (0%)            6M (0%)     
[101.779s][info][gc,heap     ] GC(22) Y: Reclaimed:         -                  -                12M (0%)           87M (2%)     
[101.779s][info][gc,heap     ] GC(22) Y:  Promoted:         -                  -                 0M (0%)            0M (0%)     
[101.779s][info][gc,heap     ] GC(22) Y: Compacted:         -                  -                  -                 0M (0%)     
[101.779s][info][gc,phases   ] GC(22) Y: Young Generation (Promote All) 634M(15%)->560M(14%) 0.005s
[101.779s][info][gc,phases   ] GC(22) Y: Young Generation (Collect Roots)
[101.779s][info][gc,phases   ] GC(22) Y: Pause Mark Start (Major) 0.009ms
[101.779s][info][safepoint   ] Safepoint "ZMarkStartYoungAndOld", Time since last: 604000 ns, Reaching safepoint: 1900 ns, At safepoint: 27800 ns, Leaving safepoint: 2100 ns, Total: 31800 ns, Threads: 0 runnable, 56 total
[101.783s][info][gc,phases   ] GC(22) Y: Concurrent Mark 3.838ms
[101.783s][info][gc,phases   ] GC(22) Y: Pause Mark End 0.007ms
[101.783s][info][safepoint   ] Safepoint "ZMarkEndYoung", Time since last: 3870500 ns, Reaching safepoint: 1500 ns, At safepoint: 24000 ns, Leaving safepoint: 1900 ns, Total: 27400 ns, Threads: 0 runnable, 56 total
[101.783s][info][gc,phases   ] GC(22) Y: Concurrent Mark Free 0.000ms
[101.783s][info][gc,phases   ] GC(22) Y: Concurrent Reset Relocation Set 0.001ms
[101.783s][info][gc,reloc    ] GC(22) Y: Using tenuring threshold: 0 (Computed)
[101.783s][info][gc,phases   ] GC(22) Y: Concurrent Select Relocation Set 0.096ms
[101.783s][info][gc,phases   ] GC(22) Y: Pause Relocate Start 0.005ms
[101.784s][info][safepoint   ] Safepoint "ZRelocateStartYoung", Time since last: 161000 ns, Reaching safepoint: 1700 ns, At safepoint: 21500 ns, Leaving safepoint: 3200 ns, Total: 26400 ns, Threads: 0 runnable, 54 total
[101.784s][info][gc,phases   ] GC(22) Y: Concurrent Relocate 0.063ms
[101.784s][info][gc,alloc    ] GC(22) Y:                         Mark Start        Mark End      Relocate Start    Relocate End   
[101.784s][info][gc,alloc    ] GC(22) Y: Allocation Stalls:          0                0                0                0         
[101.784s][info][gc,load     ] GC(22) Y: Load: 0.00 (0%) / 0.00 (0%) / 0.00 (0%)
[101.784s][info][gc,mmu      ] GC(22) Y: MMU: 2ms/98.0%, 5ms/99.2%, 10ms/99.4%, 20ms/99.6%, 50ms/99.9%, 100ms/99.9%
[101.784s][info][gc,marking  ] GC(22) Y: Mark: 4 stripe(s), 1 proactive flush(es), 1 terminate flush(es), 0 completion(s), 0 continuation(s) 
[101.784s][info][gc,nmethod  ] GC(22) Y: NMethods: 6118 registered, 2586 unregistered
[101.784s][info][gc,metaspace] GC(22) Y: Metaspace: 152M used, 153M committed, 1216M reserved
[101.784s][info][gc,reloc    ] GC(22) Y:                        Candidates     Selected     In-Place         Size        Empty    Relocated 
[101.784s][info][gc,reloc    ] GC(22) Y: Small Pages:                    3            0            0           6M           6M           0M 
[101.784s][info][gc,reloc    ] GC(22) Y: Medium Pages:                   0            0            0           0M           0M           0M 
[101.784s][info][gc,reloc    ] GC(22) Y: Large Pages:                    0            0            0           0M           0M           0M 
[101.784s][info][gc,reloc    ] GC(22) Y: Forwarding Usage: 0M
[101.784s][info][gc,reloc    ] GC(22) Y: Age Table:
[101.784s][info][gc,reloc    ] GC(22) Y:                    Live             Garbage             Small              Medium             Large        
[101.784s][info][gc,reloc    ] GC(22) Y: Eden                -                 6M (0%)           3 / 0              0 / 0              0 / 0        
[101.784s][info][gc,heap     ] GC(22) Y: Min Capacity: 8M(0%)
[101.784s][info][gc,heap     ] GC(22) Y: Max Capacity: 4096M(100%)
[101.784s][info][gc,heap     ] GC(22) Y: Soft Max Capacity: 4096M(100%)
[101.784s][info][gc,heap     ] GC(22) Y: Heap Statistics:
[101.784s][info][gc,heap     ] GC(22) Y:                Mark Start          Mark End        Relocate Start      Relocate End           High               Low         
[101.784s][info][gc,heap     ] GC(22) Y:  Capacity:     3348M (82%)        3348M (82%)        3348M (82%)        3348M (82%)        3348M (82%)        3348M (82%)    
[101.784s][info][gc,heap     ] GC(22) Y:      Free:     3536M (86%)        3534M (86%)        3538M (86%)        3536M (86%)        3538M (86%)        3532M (86%)    
[101.784s][info][gc,heap     ] GC(22) Y:      Used:      560M (14%)         562M (14%)         558M (14%)         560M (14%)         564M (14%)         558M (14%)    
[101.784s][info][gc,heap     ] GC(22) Y: Young Generation Statistics:
[101.784s][info][gc,heap     ] GC(22) Y:                Mark Start          Mark End        Relocate Start      Relocate End    
[101.784s][info][gc,heap     ] GC(22) Y:      Used:        6M (0%)            8M (0%)            4M (0%)            6M (0%)     
[101.784s][info][gc,heap     ] GC(22) Y:      Live:         -                 0M (0%)            0M (0%)            0M (0%)     
[101.784s][info][gc,heap     ] GC(22) Y:   Garbage:         -                 6M (0%)            0M (0%)            0M (0%)     
[101.784s][info][gc,heap     ] GC(22) Y: Allocated:         -                 2M (0%)            4M (0%)            6M (0%)     
[101.784s][info][gc,heap     ] GC(22) Y: Reclaimed:         -                  -                 6M (0%)            6M (0%)     
[101.784s][info][gc,heap     ] GC(22) Y:  Promoted:         -                  -                 0M (0%)            0M (0%)     
[101.784s][info][gc,heap     ] GC(22) Y: Compacted:         -                  -                  -                 0M (0%)     
[101.784s][info][gc,phases   ] GC(22) Y: Young Generation (Collect Roots) 560M(14%)->560M(14%) 0.004s
[101.784s][info][gc,phases   ] GC(22) O: Old Generation
[101.949s][info][gc,phases   ] GC(22) O: Concurrent Mark 165.382ms
[101.949s][info][gc,phases   ] GC(22) O: Pause Mark End 0.015ms
[101.949s][info][safepoint   ] Safepoint "ZMarkEndOld", Time since last: 165748500 ns, Reaching safepoint: 3300 ns, At safepoint: 35900 ns, Leaving safepoint: 2100 ns, Total: 41300 ns, Threads: 0 runnable, 54 total
[101.949s][info][gc,phases   ] GC(22) O: Concurrent Mark Free 0.002ms
[101.953s][info][gc,phases   ] GC(22) O: Concurrent Process Non-Strong 3.398ms
[101.953s][info][gc,phases   ] GC(22) O: Concurrent Reset Relocation Set 0.001ms
[101.953s][info][gc,phases   ] GC(22) O: Concurrent Select Relocation Set 0.119ms
[101.953s][info][gc,task     ] GC(22) O: Using 4 Workers for Old Generation
[101.954s][info][gc,task     ] GC(22) O: Using 4 Workers for Old Generation
[101.954s][info][gc,phases   ] GC(22) O: Concurrent Remap Roots 1.048ms
[101.954s][info][gc,phases   ] GC(22) O: Pause Relocate Start 0.010ms
[101.954s][info][safepoint   ] Safepoint "ZRelocateStartOld", Time since last: 4666500 ns, Reaching safepoint: 2700 ns, At safepoint: 33900 ns, Leaving safepoint: 2500 ns, Total: 39100 ns, Threads: 0 runnable, 54 total
[101.955s][info][gc,phases   ] GC(22) O: Concurrent Relocate 0.654ms
[101.955s][info][gc,alloc    ] GC(22) O:                         Mark Start        Mark End      Relocate Start    Relocate End   
[101.955s][info][gc,alloc    ] GC(22) O: Allocation Stalls:          0                0                0                0         
[101.955s][info][gc,load     ] GC(22) O: Load: 0.00 (0%) / 0.00 (0%) / 0.00 (0%)
[101.955s][info][gc,mmu      ] GC(22) O: MMU: 2ms/98.0%, 5ms/99.2%, 10ms/99.4%, 20ms/99.6%, 50ms/99.9%, 100ms/99.9%
[101.955s][info][gc,marking  ] GC(22) O: Mark: 4 stripe(s), 10 proactive flush(es), 1 terminate flush(es), 0 completion(s), 0 continuation(s) 
[101.955s][info][gc,nmethod  ] GC(22) O: NMethods: 6086 registered, 2619 unregistered
[101.955s][info][gc,metaspace] GC(22) O: Metaspace: 152M used, 153M committed, 1216M reserved
[101.955s][info][gc,ref      ] GC(22) O:                       Encountered   Discovered     Enqueued 
[101.955s][info][gc,ref      ] GC(22) O: Soft References:             5379            0            0 
[101.955s][info][gc,ref      ] GC(22) O: Weak References:            36574        22336            0 
[101.955s][info][gc,ref      ] GC(22) O: Final References:              55           21            0 
[101.955s][info][gc,ref      ] GC(22) O: Phantom References:          1211         1078            5 
[101.955s][info][gc,reloc    ] GC(22) O:                        Candidates     Selected     In-Place         Size        Empty    Relocated 
[101.955s][info][gc,reloc    ] GC(22) O: Small Pages:                  239            8            0         478M           0M           1M 
[101.955s][info][gc,reloc    ] GC(22) O: Medium Pages:                   2            0            0          64M           0M           0M 
[101.955s][info][gc,reloc    ] GC(22) O: Large Pages:                    1            0            0          12M           0M           0M 
[101.955s][info][gc,reloc    ] GC(22) O: Forwarding Usage: 0M
[101.955s][info][gc,heap     ] GC(22) O: Min Capacity: 8M(0%)
[101.955s][info][gc,heap     ] GC(22) O: Max Capacity: 4096M(100%)
[101.955s][info][gc,heap     ] GC(22) O: Soft Max Capacity: 4096M(100%)
[101.955s][info][gc,heap     ] GC(22) O: Heap Statistics:
[101.955s][info][gc,heap     ] GC(22) O:                Mark Start          Mark End        Relocate Start      Relocate End           High               Low         
[101.955s][info][gc,heap     ] GC(22) O:  Capacity:     3348M (82%)        3348M (82%)        3348M (82%)        3348M (82%)        3348M (82%)        3348M (82%)    
[101.955s][info][gc,heap     ] GC(22) O:      Free:     3536M (86%)        3524M (86%)        3524M (86%)        3532M (86%)        3538M (86%)        3514M (86%)    
[101.955s][info][gc,heap     ] GC(22) O:      Used:      560M (14%)         572M (14%)         572M (14%)         564M (14%)         582M (14%)         558M (14%)    
[101.955s][info][gc,heap     ] GC(22) O: Old Generation Statistics:
[101.955s][info][gc,heap     ] GC(22) O:                Mark Start          Mark End        Relocate Start      Relocate End    
[101.955s][info][gc,heap     ] GC(22) O:      Used:      554M (14%)         554M (14%)         554M (14%)         546M (13%)    
[101.955s][info][gc,heap     ] GC(22) O:      Live:         -               486M (12%)         486M (12%)         486M (12%)    
[101.955s][info][gc,heap     ] GC(22) O:   Garbage:         -                67M (2%)           67M (2%)           51M (1%)     
[101.955s][info][gc,heap     ] GC(22) O: Allocated:         -                 0M (0%)            0M (0%)            8M (0%)     
[101.955s][info][gc,heap     ] GC(22) O: Reclaimed:         -                  -                 0M (0%)           16M (0%)     
[101.955s][info][gc,heap     ] GC(22) O: Compacted:         -                  -                  -                 1M (0%)     
[101.955s][info][gc,phases   ] GC(22) O: Old Generation 560M(14%)->564M(14%) 0.171s
[101.955s][info][gc          ] GC(22) Major Collection (System.gc()) 634M(15%)->564M(14%) 0.181s
[106.956s][info][gc          ] GC(23) Major Collection (System.gc())
[106.956s][info][gc,task     ] GC(23) Using 4 Workers for Young Generation
[106.956s][info][gc,task     ] GC(23) Using 4 Workers for Old Generation
[106.956s][info][gc,phases   ] GC(23) Y: Young Generation (Promote All)
[106.956s][info][gc,phases   ] GC(23) Y: Pause Mark Start 0.013ms
[106.956s][info][safepoint   ] Safepoint "ZMarkStartYoung", Time since last: 5001622000 ns, Reaching safepoint: 6600 ns, At safepoint: 38000 ns, Leaving safepoint: 2900 ns, Total: 47500 ns, Threads: 0 runnable, 54 total
[106.961s][info][gc,phases   ] GC(23) Y: Concurrent Mark 5.456ms
[106.961s][info][gc,phases   ] GC(23) Y: Pause Mark End 0.009ms
[106.961s][info][safepoint   ] Safepoint "ZMarkEndYoung", Time since last: 5502900 ns, Reaching safepoint: 12100 ns, At safepoint: 32700 ns, Leaving safepoint: 4200 ns, Total: 49000 ns, Threads: 1 runnable, 54 total
[106.961s][info][gc,phases   ] GC(23) Y: Concurrent Mark Free 0.001ms
[106.961s][info][gc,phases   ] GC(23) Y: Concurrent Reset Relocation Set 0.000ms
[106.961s][info][gc,reloc    ] GC(23) Y: Using tenuring threshold: 0 (Promote All)
[106.961s][info][gc,phases   ] GC(23) Y: Concurrent Select Relocation Set 0.148ms
[106.961s][info][gc,phases   ] GC(23) Y: Pause Relocate Start 0.006ms
[106.962s][info][safepoint   ] Safepoint "ZRelocateStartYoung", Time since last: 236000 ns, Reaching safepoint: 11800 ns, At safepoint: 19100 ns, Leaving safepoint: 3600 ns, Total: 34500 ns, Threads: 1 runnable, 54 total
[106.962s][info][gc,phases   ] GC(23) Y: Concurrent Relocate 0.416ms
[106.962s][info][gc,alloc    ] GC(23) Y:                         Mark Start        Mark End      Relocate Start    Relocate End   
[106.962s][info][gc,alloc    ] GC(23) Y: Allocation Stalls:          0                0                0                0         
[106.962s][info][gc,load     ] GC(23) Y: Load: 0.00 (0%) / 0.00 (0%) / 0.00 (0%)
[106.962s][info][gc,mmu      ] GC(23) Y: MMU: 2ms/98.0%, 5ms/99.2%, 10ms/99.4%, 20ms/99.6%, 50ms/99.9%, 100ms/99.9%
[106.962s][info][gc,marking  ] GC(23) Y: Mark: 4 stripe(s), 2 proactive flush(es), 1 terminate flush(es), 0 completion(s), 0 continuation(s) 
[106.962s][info][gc,nmethod  ] GC(23) Y: NMethods: 6106 registered, 2619 unregistered
[106.962s][info][gc,metaspace] GC(23) Y: Metaspace: 152M used, 153M committed, 1216M reserved
[106.962s][info][gc,reloc    ] GC(23) Y:                        Candidates     Selected     In-Place         Size        Empty    Relocated 
[106.962s][info][gc,reloc    ] GC(23) Y: Small Pages:                   46           35            0          92M          20M           0M 
[106.962s][info][gc,reloc    ] GC(23) Y: Medium Pages:                   0            0            0           0M           0M           0M 
[106.962s][info][gc,reloc    ] GC(23) Y: Large Pages:                    0            0            0           0M           0M           0M 
[106.962s][info][gc,reloc    ] GC(23) Y: Forwarding Usage: 0M
[106.962s][info][gc,reloc    ] GC(23) Y: Age Table:
[106.962s][info][gc,reloc    ] GC(23) Y:                    Live             Garbage             Small              Medium             Large        
[106.962s][info][gc,reloc    ] GC(23) Y: Eden               0M (0%)           91M (2%)          46 / 35             0 / 0              0 / 0        
[106.962s][info][gc,heap     ] GC(23) Y: Min Capacity: 8M(0%)
[106.962s][info][gc,heap     ] GC(23) Y: Max Capacity: 4096M(100%)
[106.962s][info][gc,heap     ] GC(23) Y: Soft Max Capacity: 4096M(100%)
[106.962s][info][gc,heap     ] GC(23) Y: Heap Statistics:
[106.962s][info][gc,heap     ] GC(23) Y:                Mark Start          Mark End        Relocate Start      Relocate End           High               Low         
[106.962s][info][gc,heap     ] GC(23) Y:  Capacity:     3348M (82%)        3348M (82%)        3348M (82%)        3348M (82%)        3348M (82%)        3348M (82%)    
[106.962s][info][gc,heap     ] GC(23) Y:      Free:     3458M (84%)        3452M (84%)        3472M (85%)        3532M (86%)        3532M (86%)        3452M (84%)    
[106.962s][info][gc,heap     ] GC(23) Y:      Used:      638M (16%)         644M (16%)         624M (15%)         564M (14%)         644M (16%)         564M (14%)    
[106.962s][info][gc,heap     ] GC(23) Y: Young Generation Statistics:
[106.962s][info][gc,heap     ] GC(23) Y:                Mark Start          Mark End        Relocate Start      Relocate End    
[106.962s][info][gc,heap     ] GC(23) Y:      Used:       92M (2%)           98M (2%)           78M (2%)            8M (0%)     
[106.962s][info][gc,heap     ] GC(23) Y:      Live:         -                 0M (0%)            0M (0%)            0M (0%)     
[106.962s][info][gc,heap     ] GC(23) Y:   Garbage:         -                91M (2%)           71M (2%)            0M (0%)     
[106.962s][info][gc,heap     ] GC(23) Y: Allocated:         -                 6M (0%)            6M (0%)            8M (0%)     
[106.962s][info][gc,heap     ] GC(23) Y: Reclaimed:         -                  -                20M (0%)           91M (2%)     
[106.962s][info][gc,heap     ] GC(23) Y:  Promoted:         -                  -                 0M (0%)            0M (0%)     
[106.962s][info][gc,heap     ] GC(23) Y: Compacted:         -                  -                  -                 0M (0%)     
[106.962s][info][gc,phases   ] GC(23) Y: Young Generation (Promote All) 638M(16%)->564M(14%) 0.006s
[106.962s][info][gc,phases   ] GC(23) Y: Young Generation (Collect Roots)
[106.962s][info][gc,phases   ] GC(23) Y: Pause Mark Start (Major) 0.008ms
[106.962s][info][safepoint   ] Safepoint "ZMarkStartYoungAndOld", Time since last: 699100 ns, Reaching safepoint: 12300 ns, At safepoint: 27800 ns, Leaving safepoint: 4800 ns, Total: 44900 ns, Threads: 2 runnable, 54 total
[106.966s][info][gc,phases   ] GC(23) Y: Concurrent Mark 4.013ms
[106.966s][info][gc,phases   ] GC(23) Y: Pause Mark End 0.006ms
[106.966s][info][safepoint   ] Safepoint "ZMarkEndYoung", Time since last: 4052600 ns, Reaching safepoint: 1700 ns, At safepoint: 24700 ns, Leaving safepoint: 2000 ns, Total: 28400 ns, Threads: 0 runnable, 54 total
[106.966s][info][gc,phases   ] GC(23) Y: Concurrent Mark Free 0.001ms
[106.966s][info][gc,phases   ] GC(23) Y: Concurrent Reset Relocation Set 0.001ms
[106.966s][info][gc,reloc    ] GC(23) Y: Using tenuring threshold: 1 (Computed)
[106.966s][info][gc,phases   ] GC(23) Y: Concurrent Select Relocation Set 0.102ms
[106.967s][info][gc,phases   ] GC(23) Y: Pause Relocate Start 0.007ms
[106.967s][info][safepoint   ] Safepoint "ZRelocateStartYoung", Time since last: 166000 ns, Reaching safepoint: 1900 ns, At safepoint: 26900 ns, Leaving safepoint: 2100 ns, Total: 30900 ns, Threads: 0 runnable, 54 total
[106.967s][info][gc,phases   ] GC(23) Y: Concurrent Relocate 0.103ms
[106.967s][info][gc,alloc    ] GC(23) Y:                         Mark Start        Mark End      Relocate Start    Relocate End   
[106.967s][info][gc,alloc    ] GC(23) Y: Allocation Stalls:          0                0                0                0         
[106.967s][info][gc,load     ] GC(23) Y: Load: 0.00 (0%) / 0.00 (0%) / 0.00 (0%)
[106.967s][info][gc,mmu      ] GC(23) Y: MMU: 2ms/98.0%, 5ms/99.2%, 10ms/99.4%, 20ms/99.6%, 50ms/99.9%, 100ms/99.9%
[106.967s][info][gc,marking  ] GC(23) Y: Mark: 4 stripe(s), 2 proactive flush(es), 1 terminate flush(es), 0 completion(s), 0 continuation(s) 
[106.967s][info][gc,nmethod  ] GC(23) Y: NMethods: 6106 registered, 2619 unregistered
[106.967s][info][gc,metaspace] GC(23) Y: Metaspace: 152M used, 153M committed, 1216M reserved
[106.967s][info][gc,reloc    ] GC(23) Y:                        Candidates     Selected     In-Place         Size        Empty    Relocated 
[106.967s][info][gc,reloc    ] GC(23) Y: Small Pages:                    6            3            0          12M           4M           0M 
[106.967s][info][gc,reloc    ] GC(23) Y: Medium Pages:                   0            0            0           0M           0M           0M 
[106.967s][info][gc,reloc    ] GC(23) Y: Large Pages:                    0            0            0           0M           0M           0M 
[106.967s][info][gc,reloc    ] GC(23) Y: Forwarding Usage: 0M
[106.967s][info][gc,reloc    ] GC(23) Y: Age Table:
[106.967s][info][gc,reloc    ] GC(23) Y:                    Live             Garbage             Small              Medium             Large        
[106.967s][info][gc,reloc    ] GC(23) Y: Eden               0M (0%)           11M (0%)           6 / 3              0 / 0              0 / 0        
[106.967s][info][gc,heap     ] GC(23) Y: Min Capacity: 8M(0%)
[106.967s][info][gc,heap     ] GC(23) Y: Max Capacity: 4096M(100%)
[106.967s][info][gc,heap     ] GC(23) Y: Soft Max Capacity: 4096M(100%)
[106.967s][info][gc,heap     ] GC(23) Y: Heap Statistics:
[106.967s][info][gc,heap     ] GC(23) Y:                Mark Start          Mark End        Relocate Start      Relocate End           High               Low         
[106.967s][info][gc,heap     ] GC(23) Y:  Capacity:     3348M (82%)        3348M (82%)        3348M (82%)        3348M (82%)        3348M (82%)        3348M (82%)    
[106.967s][info][gc,heap     ] GC(23) Y:      Free:     3528M (86%)        3522M (86%)        3526M (86%)        3526M (86%)        3528M (86%)        3518M (86%)    
[106.967s][info][gc,heap     ] GC(23) Y:      Used:      568M (14%)         574M (14%)         570M (14%)         570M (14%)         578M (14%)         568M (14%)    
[106.967s][info][gc,heap     ] GC(23) Y: Young Generation Statistics:
[106.967s][info][gc,heap     ] GC(23) Y:                Mark Start          Mark End        Relocate Start      Relocate End    
[106.967s][info][gc,heap     ] GC(23) Y:      Used:       12M (0%)           18M (0%)           14M (0%)           14M (0%)     
[106.967s][info][gc,heap     ] GC(23) Y:      Live:         -                 0M (0%)            0M (0%)            0M (0%)     
[106.967s][info][gc,heap     ] GC(23) Y:   Garbage:         -                11M (0%)            7M (0%)            0M (0%)     
[106.967s][info][gc,heap     ] GC(23) Y: Allocated:         -                 6M (0%)            6M (0%)           13M (0%)     
[106.967s][info][gc,heap     ] GC(23) Y: Reclaimed:         -                  -                 4M (0%)           11M (0%)     
[106.967s][info][gc,heap     ] GC(23) Y:  Promoted:         -                  -                 0M (0%)            0M (0%)     
[106.967s][info][gc,heap     ] GC(23) Y: Compacted:         -                  -                  -                 0M (0%)     
[106.967s][info][gc,phases   ] GC(23) Y: Young Generation (Collect Roots) 568M(14%)->570M(14%) 0.004s
[106.967s][info][gc,phases   ] GC(23) O: Old Generation
[107.127s][info][gc,phases   ] GC(23) O: Concurrent Mark 160.494ms
[107.127s][info][gc,phases   ] GC(23) O: Pause Mark End 0.016ms
[107.128s][info][safepoint   ] Safepoint "ZMarkEndOld", Time since last: 160901600 ns, Reaching safepoint: 17900 ns, At safepoint: 69400 ns, Leaving safepoint: 4400 ns, Total: 91700 ns, Threads: 1 runnable, 54 total
[107.128s][info][gc,phases   ] GC(23) O: Concurrent Mark Free 0.003ms
[107.131s][info][gc,phases   ] GC(23) O: Concurrent Process Non-Strong 3.858ms
[107.131s][info][gc,phases   ] GC(23) O: Concurrent Reset Relocation Set 0.000ms
[107.132s][info][gc,phases   ] GC(23) O: Concurrent Select Relocation Set 0.193ms
[107.132s][info][gc,task     ] GC(23) O: Using 4 Workers for Old Generation
[107.135s][info][gc,task     ] GC(23) O: Using 4 Workers for Old Generation
[107.135s][info][gc,phases   ] GC(23) O: Concurrent Remap Roots 3.337ms
[107.135s][info][gc,phases   ] GC(23) O: Pause Relocate Start 0.009ms
[107.135s][info][safepoint   ] Safepoint "ZRelocateStartOld", Time since last: 7489600 ns, Reaching safepoint: 2800 ns, At safepoint: 25900 ns, Leaving safepoint: 2200 ns, Total: 30900 ns, Threads: 0 runnable, 54 total
[107.136s][info][gc,phases   ] GC(23) O: Concurrent Relocate 1.009ms
[107.136s][info][gc,alloc    ] GC(23) O:                         Mark Start        Mark End      Relocate Start    Relocate End   
[107.136s][info][gc,alloc    ] GC(23) O: Allocation Stalls:          0                0                0                0         
[107.136s][info][gc,load     ] GC(23) O: Load: 0.00 (0%) / 0.00 (0%) / 0.00 (0%)
[107.136s][info][gc,mmu      ] GC(23) O: MMU: 2ms/98.0%, 5ms/99.2%, 10ms/99.4%, 20ms/99.6%, 50ms/99.9%, 100ms/99.9%
[107.136s][info][gc,marking  ] GC(23) O: Mark: 4 stripe(s), 5 proactive flush(es), 1 terminate flush(es), 0 completion(s), 0 continuation(s) 
[107.136s][info][gc,nmethod  ] GC(23) O: NMethods: 6098 registered, 2632 unregistered
[107.136s][info][gc,metaspace] GC(23) O: Metaspace: 152M used, 153M committed, 1216M reserved
[107.136s][info][gc,ref      ] GC(23) O:                       Encountered   Discovered     Enqueued 
[107.136s][info][gc,ref      ] GC(23) O: Soft References:             5379            0            0 
[107.136s][info][gc,ref      ] GC(23) O: Weak References:            36575        18293            0 
[107.136s][info][gc,ref      ] GC(23) O: Final References:              55            0            0 
[107.136s][info][gc,ref      ] GC(23) O: Phantom References:          1212          800            5 
[107.136s][info][gc,reloc    ] GC(23) O:                        Candidates     Selected     In-Place         Size        Empty    Relocated 
[107.136s][info][gc,reloc    ] GC(23) O: Small Pages:                  240            9            0         480M           0M           2M 
[107.136s][info][gc,reloc    ] GC(23) O: Medium Pages:                   2            0            0          64M           0M           0M 
[107.136s][info][gc,reloc    ] GC(23) O: Large Pages:                    1            0            0          12M           0M           0M 
[107.136s][info][gc,reloc    ] GC(23) O: Forwarding Usage: 0M
[107.136s][info][gc,heap     ] GC(23) O: Min Capacity: 8M(0%)
[107.136s][info][gc,heap     ] GC(23) O: Max Capacity: 4096M(100%)
[107.136s][info][gc,heap     ] GC(23) O: Soft Max Capacity: 4096M(100%)
[107.136s][info][gc,heap     ] GC(23) O: Heap Statistics:
[107.136s][info][gc,heap     ] GC(23) O:                Mark Start          Mark End        Relocate Start      Relocate End           High               Low         
[107.136s][info][gc,heap     ] GC(23) O:  Capacity:     3348M (82%)        3348M (82%)        3348M (82%)        3348M (82%)        3348M (82%)        3348M (82%)    
[107.136s][info][gc,heap     ] GC(23) O:      Free:     3528M (86%)        3518M (86%)        3516M (86%)        3526M (86%)        3528M (86%)        3504M (86%)    
[107.136s][info][gc,heap     ] GC(23) O:      Used:      568M (14%)         578M (14%)         580M (14%)         570M (14%)         592M (14%)         568M (14%)    
[107.136s][info][gc,heap     ] GC(23) O: Old Generation Statistics:
[107.136s][info][gc,heap     ] GC(23) O:                Mark Start          Mark End        Relocate Start      Relocate End    
[107.136s][info][gc,heap     ] GC(23) O:      Used:      556M (14%)         556M (14%)         556M (14%)         544M (13%)    
[107.136s][info][gc,heap     ] GC(23) O:      Live:         -               486M (12%)         486M (12%)         486M (12%)    
[107.136s][info][gc,heap     ] GC(23) O:   Garbage:         -                69M (2%)           69M (2%)           50M (1%)     
[107.136s][info][gc,heap     ] GC(23) O: Allocated:         -                 0M (0%)            0M (0%)            6M (0%)     
[107.136s][info][gc,heap     ] GC(23) O: Reclaimed:         -                  -                 0M (0%)           18M (0%)     
[107.136s][info][gc,heap     ] GC(23) O: Compacted:         -                  -                  -                 3M (0%)     
[107.136s][info][gc,phases   ] GC(23) O: Old Generation 570M(14%)->570M(14%) 0.169s
[107.136s][info][gc          ] GC(23) Major Collection (System.gc()) 638M(16%)->570M(14%) 0.181s
[112.137s][info][gc          ] GC(24) Major Collection (System.gc())
[112.137s][info][gc,task     ] GC(24) Using 4 Workers for Young Generation
[112.137s][info][gc,task     ] GC(24) Using 4 Workers for Old Generation
[112.137s][info][gc,phases   ] GC(24) Y: Young Generation (Promote All)
[112.137s][info][gc,phases   ] GC(24) Y: Pause Mark Start 0.015ms
[112.137s][info][safepoint   ] Safepoint "ZMarkStartYoung", Time since last: 5002033300 ns, Reaching safepoint: 4200 ns, At safepoint: 41200 ns, Leaving safepoint: 3400 ns, Total: 48800 ns, Threads: 0 runnable, 54 total
[112.142s][info][gc,phases   ] GC(24) Y: Concurrent Mark 5.218ms
[112.142s][info][gc,phases   ] GC(24) Y: Pause Mark End 0.009ms
[112.142s][info][safepoint   ] Safepoint "ZMarkEndYoung", Time since last: 5258800 ns, Reaching safepoint: 2200 ns, At safepoint: 27700 ns, Leaving safepoint: 1900 ns, Total: 31800 ns, Threads: 0 runnable, 54 total
[112.142s][info][gc,phases   ] GC(24) Y: Concurrent Mark Free 0.001ms
[112.142s][info][gc,phases   ] GC(24) Y: Concurrent Reset Relocation Set 0.000ms
[112.142s][info][gc,reloc    ] GC(24) Y: Using tenuring threshold: 0 (Promote All)
[112.143s][info][gc,phases   ] GC(24) Y: Concurrent Select Relocation Set 0.132ms
[112.143s][info][gc,phases   ] GC(24) Y: Pause Relocate Start 0.006ms
[112.143s][info][safepoint   ] Safepoint "ZRelocateStartYoung", Time since last: 193900 ns, Reaching safepoint: 1600 ns, At safepoint: 23100 ns, Leaving safepoint: 2000 ns, Total: 26700 ns, Threads: 0 runnable, 54 total
[112.143s][info][gc,phases   ] GC(24) Y: Concurrent Relocate 0.388ms
[112.143s][info][gc,alloc    ] GC(24) Y:                         Mark Start        Mark End      Relocate Start    Relocate End   
[112.143s][info][gc,alloc    ] GC(24) Y: Allocation Stalls:          0                0                0                0         
[112.143s][info][gc,load     ] GC(24) Y: Load: 0.00 (0%) / 0.00 (0%) / 0.00 (0%)
[112.143s][info][gc,mmu      ] GC(24) Y: MMU: 2ms/98.0%, 5ms/99.2%, 10ms/99.4%, 20ms/99.6%, 50ms/99.9%, 100ms/99.9%
[112.143s][info][gc,marking  ] GC(24) Y: Mark: 4 stripe(s), 2 proactive flush(es), 1 terminate flush(es), 0 completion(s), 0 continuation(s) 
[112.143s][info][gc,nmethod  ] GC(24) Y: NMethods: 6136 registered, 2632 unregistered
[112.143s][info][gc,metaspace] GC(24) Y: Metaspace: 152M used, 153M committed, 1216M reserved
[112.143s][info][gc,reloc    ] GC(24) Y:                        Candidates     Selected     In-Place         Size        Empty    Relocated 
[112.143s][info][gc,reloc    ] GC(24) Y: Small Pages:                   50           41            0         100M          16M           0M 
[112.143s][info][gc,reloc    ] GC(24) Y: Medium Pages:                   0            0            0           0M           0M           0M 
[112.143s][info][gc,reloc    ] GC(24) Y: Large Pages:                    0            0            0           0M           0M           0M 
[112.143s][info][gc,reloc    ] GC(24) Y: Forwarding Usage: 0M
[112.143s][info][gc,reloc    ] GC(24) Y: Age Table:
[112.143s][info][gc,reloc    ] GC(24) Y:                    Live             Garbage             Small              Medium             Large        
[112.143s][info][gc,reloc    ] GC(24) Y: Eden               0M (0%)           91M (2%)          46 / 39             0 / 0              0 / 0        
[112.143s][info][gc,reloc    ] GC(24) Y: Survivor 1         0M (0%)            7M (0%)           4 / 2              0 / 0              0 / 0        
[112.143s][info][gc,heap     ] GC(24) Y: Min Capacity: 8M(0%)
[112.143s][info][gc,heap     ] GC(24) Y: Max Capacity: 4096M(100%)
[112.143s][info][gc,heap     ] GC(24) Y: Soft Max Capacity: 4096M(100%)
[112.143s][info][gc,heap     ] GC(24) Y: Heap Statistics:
[112.143s][info][gc,heap     ] GC(24) Y:                Mark Start          Mark End        Relocate Start      Relocate End           High               Low         
[112.143s][info][gc,heap     ] GC(24) Y:  Capacity:     3348M (82%)        3348M (82%)        3348M (82%)        3348M (82%)        3348M (82%)        3348M (82%)    
[112.143s][info][gc,heap     ] GC(24) Y:      Free:     3452M (84%)        3444M (84%)        3460M (84%)        3536M (86%)        3536M (86%)        3444M (84%)    
[112.143s][info][gc,heap     ] GC(24) Y:      Used:      644M (16%)         652M (16%)         636M (16%)         560M (14%)         652M (16%)         560M (14%)    
[112.143s][info][gc,heap     ] GC(24) Y: Young Generation Statistics:
[112.143s][info][gc,heap     ] GC(24) Y:                Mark Start          Mark End        Relocate Start      Relocate End    
[112.143s][info][gc,heap     ] GC(24) Y:      Used:      100M (2%)          108M (3%)           92M (2%)            8M (0%)     
[112.143s][info][gc,heap     ] GC(24) Y:      Live:         -                 0M (0%)            0M (0%)            0M (0%)     
[112.143s][info][gc,heap     ] GC(24) Y:   Garbage:         -                99M (2%)           83M (2%)            0M (0%)     
[112.143s][info][gc,heap     ] GC(24) Y: Allocated:         -                 8M (0%)            8M (0%)            8M (0%)     
[112.143s][info][gc,heap     ] GC(24) Y: Reclaimed:         -                  -                16M (0%)           99M (2%)     
[112.143s][info][gc,heap     ] GC(24) Y:  Promoted:         -                  -                 0M (0%)            0M (0%)     
[112.143s][info][gc,heap     ] GC(24) Y: Compacted:         -                  -                  -                 0M (0%)     
[112.143s][info][gc,phases   ] GC(24) Y: Young Generation (Promote All) 644M(16%)->560M(14%) 0.006s
[112.143s][info][gc,phases   ] GC(24) Y: Young Generation (Collect Roots)
[112.143s][info][gc,phases   ] GC(24) Y: Pause Mark Start (Major) 0.007ms
[112.143s][info][safepoint   ] Safepoint "ZMarkStartYoungAndOld", Time since last: 668700 ns, Reaching safepoint: 1600 ns, At safepoint: 24500 ns, Leaving safepoint: 2000 ns, Total: 28100 ns, Threads: 0 runnable, 54 total
[112.147s][info][gc,phases   ] GC(24) Y: Concurrent Mark 4.045ms
[112.147s][info][gc,phases   ] GC(24) Y: Pause Mark End 0.007ms
[112.147s][info][safepoint   ] Safepoint "ZMarkEndYoung", Time since last: 4083800 ns, Reaching safepoint: 1900 ns, At safepoint: 16300 ns, Leaving safepoint: 1900 ns, Total: 20100 ns, Threads: 0 runnable, 54 total
[112.147s][info][gc,phases   ] GC(24) Y: Concurrent Mark Free 0.001ms
[112.147s][info][gc,phases   ] GC(24) Y: Concurrent Reset Relocation Set 0.000ms
[112.147s][info][gc,reloc    ] GC(24) Y: Using tenuring threshold: 1 (Computed)
[112.148s][info][gc,phases   ] GC(24) Y: Concurrent Select Relocation Set 0.088ms
[112.148s][info][gc,phases   ] GC(24) Y: Pause Relocate Start 0.005ms
[112.148s][info][safepoint   ] Safepoint "ZRelocateStartYoung", Time since last: 145900 ns, Reaching safepoint: 1800 ns, At safepoint: 25300 ns, Leaving safepoint: 2000 ns, Total: 29100 ns, Threads: 0 runnable, 54 total
[112.148s][info][gc,phases   ] GC(24) Y: Concurrent Relocate 0.079ms
[112.148s][info][gc,alloc    ] GC(24) Y:                         Mark Start        Mark End      Relocate Start    Relocate End   
[112.148s][info][gc,alloc    ] GC(24) Y: Allocation Stalls:          0                0                0                0         
[112.148s][info][gc,load     ] GC(24) Y: Load: 0.00 (0%) / 0.00 (0%) / 0.00 (0%)
[112.148s][info][gc,mmu      ] GC(24) Y: MMU: 2ms/98.0%, 5ms/99.2%, 10ms/99.4%, 20ms/99.6%, 50ms/99.9%, 100ms/99.9%
[112.148s][info][gc,marking  ] GC(24) Y: Mark: 4 stripe(s), 1 proactive flush(es), 1 terminate flush(es), 0 completion(s), 0 continuation(s) 
[112.148s][info][gc,nmethod  ] GC(24) Y: NMethods: 6136 registered, 2632 unregistered
[112.148s][info][gc,metaspace] GC(24) Y: Metaspace: 152M used, 153M committed, 1216M reserved
[112.148s][info][gc,reloc    ] GC(24) Y:                        Candidates     Selected     In-Place         Size        Empty    Relocated 
[112.148s][info][gc,reloc    ] GC(24) Y: Small Pages:                    4            2            0           8M           2M           0M 
[112.148s][info][gc,reloc    ] GC(24) Y: Medium Pages:                   0            0            0           0M           0M           0M 
[112.148s][info][gc,reloc    ] GC(24) Y: Large Pages:                    0            0            0           0M           0M           0M 
[112.148s][info][gc,reloc    ] GC(24) Y: Forwarding Usage: 0M
[112.148s][info][gc,reloc    ] GC(24) Y: Age Table:
[112.148s][info][gc,reloc    ] GC(24) Y:                    Live             Garbage             Small              Medium             Large        
[112.148s][info][gc,reloc    ] GC(24) Y: Eden               0M (0%)            7M (0%)           4 / 2              0 / 0              0 / 0        
[112.148s][info][gc,heap     ] GC(24) Y: Min Capacity: 8M(0%)
[112.148s][info][gc,heap     ] GC(24) Y: Max Capacity: 4096M(100%)
[112.148s][info][gc,heap     ] GC(24) Y: Soft Max Capacity: 4096M(100%)
[112.148s][info][gc,heap     ] GC(24) Y: Heap Statistics:
[112.148s][info][gc,heap     ] GC(24) Y:                Mark Start          Mark End        Relocate Start      Relocate End           High               Low         
[112.148s][info][gc,heap     ] GC(24) Y:  Capacity:     3348M (82%)        3348M (82%)        3348M (82%)        3348M (82%)        3348M (82%)        3348M (82%)    
[112.148s][info][gc,heap     ] GC(24) Y:      Free:     3536M (86%)        3534M (86%)        3536M (86%)        3536M (86%)        3536M (86%)        3530M (86%)    
[112.148s][info][gc,heap     ] GC(24) Y:      Used:      560M (14%)         562M (14%)         560M (14%)         560M (14%)         566M (14%)         560M (14%)    
[112.148s][info][gc,heap     ] GC(24) Y: Young Generation Statistics:
[112.148s][info][gc,heap     ] GC(24) Y:                Mark Start          Mark End        Relocate Start      Relocate End    
[112.148s][info][gc,heap     ] GC(24) Y:      Used:        8M (0%)           10M (0%)            8M (0%)            8M (0%)     
[112.148s][info][gc,heap     ] GC(24) Y:      Live:         -                 0M (0%)            0M (0%)            0M (0%)     
[112.148s][info][gc,heap     ] GC(24) Y:   Garbage:         -                 7M (0%)            5M (0%)            0M (0%)     
[112.148s][info][gc,heap     ] GC(24) Y: Allocated:         -                 2M (0%)            2M (0%)            7M (0%)     
[112.148s][info][gc,heap     ] GC(24) Y: Reclaimed:         -                  -                 2M (0%)            7M (0%)     
[112.148s][info][gc,heap     ] GC(24) Y:  Promoted:         -                  -                 0M (0%)            0M (0%)     
[112.148s][info][gc,heap     ] GC(24) Y: Compacted:         -                  -                  -                 0M (0%)     
[112.148s][info][gc,phases   ] GC(24) Y: Young Generation (Collect Roots) 560M(14%)->560M(14%) 0.004s
[112.148s][info][gc,phases   ] GC(24) O: Old Generation
[112.284s][info][gc,phases   ] GC(24) O: Concurrent Mark 136.139ms
[112.284s][info][gc,phases   ] GC(24) O: Pause Mark End 0.014ms
[112.284s][info][safepoint   ] Safepoint "ZMarkEndOld", Time since last: 136513000 ns, Reaching safepoint: 2900 ns, At safepoint: 36000 ns, Leaving safepoint: 2300 ns, Total: 41200 ns, Threads: 0 runnable, 54 total
[112.284s][info][gc,phases   ] GC(24) O: Concurrent Mark Free 0.002ms
[112.287s][info][gc,phases   ] GC(24) O: Concurrent Process Non-Strong 2.837ms
[112.287s][info][gc,phases   ] GC(24) O: Concurrent Reset Relocation Set 0.001ms
[112.287s][info][gc,phases   ] GC(24) O: Concurrent Select Relocation Set 0.083ms
[112.287s][info][gc,task     ] GC(24) O: Using 4 Workers for Old Generation
[112.291s][info][gc,task     ] GC(24) O: Using 4 Workers for Old Generation
[112.291s][info][gc,phases   ] GC(24) O: Concurrent Remap Roots 3.425ms
[112.291s][info][gc,phases   ] GC(24) O: Pause Relocate Start 0.009ms
[112.291s][info][safepoint   ] Safepoint "ZRelocateStartOld", Time since last: 6446700 ns, Reaching safepoint: 23300 ns, At safepoint: 29000 ns, Leaving safepoint: 4100 ns, Total: 56400 ns, Threads: 1 runnable, 54 total
[112.291s][info][gc,phases   ] GC(24) O: Concurrent Relocate 0.723ms
[112.291s][info][gc,alloc    ] GC(24) O:                         Mark Start        Mark End      Relocate Start    Relocate End   
[112.291s][info][gc,alloc    ] GC(24) O: Allocation Stalls:          0                0                0                0         
[112.291s][info][gc,load     ] GC(24) O: Load: 0.00 (0%) / 0.00 (0%) / 0.00 (0%)
[112.291s][info][gc,mmu      ] GC(24) O: MMU: 2ms/98.0%, 5ms/99.2%, 10ms/99.4%, 20ms/99.6%, 50ms/99.9%, 100ms/99.9%
[112.291s][info][gc,marking  ] GC(24) O: Mark: 4 stripe(s), 2 proactive flush(es), 1 terminate flush(es), 0 completion(s), 0 continuation(s) 
[112.291s][info][gc,nmethod  ] GC(24) O: NMethods: 6104 registered, 2664 unregistered
[112.291s][info][gc,metaspace] GC(24) O: Metaspace: 152M used, 153M committed, 1216M reserved
[112.291s][info][gc,ref      ] GC(24) O:                       Encountered   Discovered     Enqueued 
[112.291s][info][gc,ref      ] GC(24) O: Soft References:             5379            0            0 
[112.291s][info][gc,ref      ] GC(24) O: Weak References:            36575         8781            0 
[112.291s][info][gc,ref      ] GC(24) O: Final References:              55            0            0 
[112.292s][info][gc,ref      ] GC(24) O: Phantom References:          1212         1076            6 
[112.292s][info][gc,reloc    ] GC(24) O:                        Candidates     Selected     In-Place         Size        Empty    Relocated 
[112.292s][info][gc,reloc    ] GC(24) O: Small Pages:                  238            7            0         476M           0M           1M 
[112.292s][info][gc,reloc    ] GC(24) O: Medium Pages:                   2            0            0          64M           0M           0M 
[112.292s][info][gc,reloc    ] GC(24) O: Large Pages:                    1            0            0          12M           0M           0M 
[112.292s][info][gc,reloc    ] GC(24) O: Forwarding Usage: 0M
[112.292s][info][gc,heap     ] GC(24) O: Min Capacity: 8M(0%)
[112.292s][info][gc,heap     ] GC(24) O: Max Capacity: 4096M(100%)
[112.292s][info][gc,heap     ] GC(24) O: Soft Max Capacity: 4096M(100%)
[112.292s][info][gc,heap     ] GC(24) O: Heap Statistics:
[112.292s][info][gc,heap     ] GC(24) O:                Mark Start          Mark End        Relocate Start      Relocate End           High               Low         
[112.292s][info][gc,heap     ] GC(24) O:  Capacity:     3348M (82%)        3348M (82%)        3348M (82%)        3348M (82%)        3348M (82%)        3348M (82%)    
[112.292s][info][gc,heap     ] GC(24) O:      Free:     3536M (86%)        3528M (86%)        3528M (86%)        3530M (86%)        3536M (86%)        3516M (86%)    
[112.292s][info][gc,heap     ] GC(24) O:      Used:      560M (14%)         568M (14%)         568M (14%)         566M (14%)         580M (14%)         560M (14%)    
[112.292s][info][gc,heap     ] GC(24) O: Old Generation Statistics:
[112.292s][info][gc,heap     ] GC(24) O:                Mark Start          Mark End        Relocate Start      Relocate End    
[112.292s][info][gc,heap     ] GC(24) O:      Used:      552M (13%)         552M (13%)         552M (13%)         548M (13%)    
[112.292s][info][gc,heap     ] GC(24) O:      Live:         -               486M (12%)         486M (12%)         486M (12%)    
[112.292s][info][gc,heap     ] GC(24) O:   Garbage:         -                65M (2%)           65M (2%)           50M (1%)     
[112.292s][info][gc,heap     ] GC(24) O: Allocated:         -                 0M (0%)            0M (0%)           10M (0%)     
[112.292s][info][gc,heap     ] GC(24) O: Reclaimed:         -                  -                 0M (0%)           14M (0%)     
[112.292s][info][gc,heap     ] GC(24) O: Compacted:         -                  -                  -                 1M (0%)     
[112.292s][info][gc,phases   ] GC(24) O: Old Generation 560M(14%)->566M(14%) 0.143s
[112.292s][info][gc          ] GC(24) Major Collection (System.gc()) 644M(16%)->566M(14%) 0.155s
[117.294s][info][gc          ] GC(25) Major Collection (System.gc())
[117.294s][info][gc,task     ] GC(25) Using 4 Workers for Young Generation
[117.294s][info][gc,task     ] GC(25) Using 4 Workers for Old Generation
[117.294s][info][gc,phases   ] GC(25) Y: Young Generation (Promote All)
[117.294s][info][gc,phases   ] GC(25) Y: Pause Mark Start 0.015ms
[117.294s][info][safepoint   ] Safepoint "ZMarkStartYoung", Time since last: 5003516400 ns, Reaching safepoint: 4800 ns, At safepoint: 41300 ns, Leaving safepoint: 3100 ns, Total: 49200 ns, Threads: 0 runnable, 54 total
[117.299s][info][gc,phases   ] GC(25) Y: Concurrent Mark 5.109ms
[117.299s][info][gc,phases   ] GC(25) Y: Pause Mark End 0.008ms
[117.299s][info][safepoint   ] Safepoint "ZMarkEndYoung", Time since last: 5156500 ns, Reaching safepoint: 2600 ns, At safepoint: 18700 ns, Leaving safepoint: 1900 ns, Total: 23200 ns, Threads: 0 runnable, 54 total
[117.299s][info][gc,phases   ] GC(25) Y: Concurrent Mark Free 0.002ms
[117.299s][info][gc,phases   ] GC(25) Y: Concurrent Reset Relocation Set 0.001ms
[117.299s][info][gc,reloc    ] GC(25) Y: Using tenuring threshold: 0 (Promote All)
[117.300s][info][gc,phases   ] GC(25) Y: Concurrent Select Relocation Set 0.151ms
[117.300s][info][gc,phases   ] GC(25) Y: Pause Relocate Start 0.006ms
[117.300s][info][safepoint   ] Safepoint "ZRelocateStartYoung", Time since last: 210800 ns, Reaching safepoint: 1800 ns, At safepoint: 25300 ns, Leaving safepoint: 2300 ns, Total: 29400 ns, Threads: 0 runnable, 54 total
[117.300s][info][gc,phases   ] GC(25) Y: Concurrent Relocate 0.373ms
[117.300s][info][gc,alloc    ] GC(25) Y:                         Mark Start        Mark End      Relocate Start    Relocate End   
[117.300s][info][gc,alloc    ] GC(25) Y: Allocation Stalls:          0                0                0                0         
[117.300s][info][gc,load     ] GC(25) Y: Load: 0.00 (0%) / 0.00 (0%) / 0.00 (0%)
[117.300s][info][gc,mmu      ] GC(25) Y: MMU: 2ms/98.0%, 5ms/99.2%, 10ms/99.4%, 20ms/99.6%, 50ms/99.9%, 100ms/99.9%
[117.300s][info][gc,marking  ] GC(25) Y: Mark: 4 stripe(s), 1 proactive flush(es), 1 terminate flush(es), 0 completion(s), 0 continuation(s) 
[117.300s][info][gc,nmethod  ] GC(25) Y: NMethods: 6147 registered, 2664 unregistered
[117.300s][info][gc,metaspace] GC(25) Y: Metaspace: 152M used, 153M committed, 1216M reserved
[117.300s][info][gc,reloc    ] GC(25) Y:                        Candidates     Selected     In-Place         Size        Empty    Relocated 
[117.300s][info][gc,reloc    ] GC(25) Y: Small Pages:                   48           37            0          96M          20M           0M 
[117.300s][info][gc,reloc    ] GC(25) Y: Medium Pages:                   0            0            0           0M           0M           0M 
[117.300s][info][gc,reloc    ] GC(25) Y: Large Pages:                    0            0            0           0M           0M           0M 
[117.300s][info][gc,reloc    ] GC(25) Y: Forwarding Usage: 0M
[117.300s][info][gc,reloc    ] GC(25) Y: Age Table:
[117.300s][info][gc,reloc    ] GC(25) Y:                    Live             Garbage             Small              Medium             Large        
[117.300s][info][gc,reloc    ] GC(25) Y: Eden               0M (0%)           89M (2%)          45 / 37             0 / 0              0 / 0        
[117.300s][info][gc,reloc    ] GC(25) Y: Survivor 1          -                 6M (0%)           3 / 0              0 / 0              0 / 0        
[117.300s][info][gc,heap     ] GC(25) Y: Min Capacity: 8M(0%)
[117.300s][info][gc,heap     ] GC(25) Y: Max Capacity: 4096M(100%)
[117.300s][info][gc,heap     ] GC(25) Y: Soft Max Capacity: 4096M(100%)
[117.300s][info][gc,heap     ] GC(25) Y: Heap Statistics:
[117.300s][info][gc,heap     ] GC(25) Y:                Mark Start          Mark End        Relocate Start      Relocate End           High               Low         
[117.300s][info][gc,heap     ] GC(25) Y:  Capacity:     3348M (82%)        3348M (82%)        3348M (82%)        3348M (82%)        3348M (82%)        3348M (82%)    
[117.300s][info][gc,heap     ] GC(25) Y:      Free:     3452M (84%)        3450M (84%)        3470M (85%)        3538M (86%)        3538M (86%)        3450M (84%)    
[117.300s][info][gc,heap     ] GC(25) Y:      Used:      644M (16%)         646M (16%)         626M (15%)         558M (14%)         646M (16%)         558M (14%)    
[117.300s][info][gc,heap     ] GC(25) Y: Young Generation Statistics:
[117.300s][info][gc,heap     ] GC(25) Y:                Mark Start          Mark End        Relocate Start      Relocate End    
[117.300s][info][gc,heap     ] GC(25) Y:      Used:       96M (2%)           98M (2%)           78M (2%)            2M (0%)     
[117.300s][info][gc,heap     ] GC(25) Y:      Live:         -                 0M (0%)            0M (0%)            0M (0%)     
[117.300s][info][gc,heap     ] GC(25) Y:   Garbage:         -                95M (2%)           75M (2%)            0M (0%)     
[117.300s][info][gc,heap     ] GC(25) Y: Allocated:         -                 2M (0%)            2M (0%)            2M (0%)     
[117.300s][info][gc,heap     ] GC(25) Y: Reclaimed:         -                  -                20M (0%)           95M (2%)     
[117.300s][info][gc,heap     ] GC(25) Y:  Promoted:         -                  -                 0M (0%)            0M (0%)     
[117.300s][info][gc,heap     ] GC(25) Y: Compacted:         -                  -                  -                 0M (0%)     
[117.300s][info][gc,phases   ] GC(25) Y: Young Generation (Promote All) 644M(16%)->558M(14%) 0.006s
[117.300s][info][gc,phases   ] GC(25) Y: Young Generation (Collect Roots)
[117.300s][info][gc,phases   ] GC(25) Y: Pause Mark Start (Major) 0.007ms
[117.300s][info][safepoint   ] Safepoint "ZMarkStartYoungAndOld", Time since last: 664200 ns, Reaching safepoint: 1800 ns, At safepoint: 16000 ns, Leaving safepoint: 2100 ns, Total: 19900 ns, Threads: 0 runnable, 54 total
[117.304s][info][gc,phases   ] GC(25) Y: Concurrent Mark 3.888ms
[117.304s][info][gc,phases   ] GC(25) Y: Pause Mark End 0.006ms
[117.304s][info][safepoint   ] Safepoint "ZMarkEndYoung", Time since last: 3926400 ns, Reaching safepoint: 1800 ns, At safepoint: 25500 ns, Leaving safepoint: 2300 ns, Total: 29600 ns, Threads: 0 runnable, 54 total
[117.304s][info][gc,phases   ] GC(25) Y: Concurrent Mark Free 0.000ms
[117.304s][info][gc,phases   ] GC(25) Y: Concurrent Reset Relocation Set 0.001ms
[117.304s][info][gc,reloc    ] GC(25) Y: Using tenuring threshold: 0 (Computed)
[117.304s][info][gc,phases   ] GC(25) Y: Concurrent Select Relocation Set 0.113ms
[117.304s][info][gc,phases   ] GC(25) Y: Pause Relocate Start 0.006ms
[117.305s][info][safepoint   ] Safepoint "ZRelocateStartYoung", Time since last: 185700 ns, Reaching safepoint: 2000 ns, At safepoint: 26800 ns, Leaving safepoint: 2500 ns, Total: 31300 ns, Threads: 0 runnable, 54 total
[117.305s][info][gc,phases   ] GC(25) Y: Concurrent Relocate 0.053ms
[117.305s][info][gc,alloc    ] GC(25) Y:                         Mark Start        Mark End      Relocate Start    Relocate End   
[117.305s][info][gc,alloc    ] GC(25) Y: Allocation Stalls:          0                0                0                0         
[117.305s][info][gc,load     ] GC(25) Y: Load: 0.00 (0%) / 0.00 (0%) / 0.00 (0%)
[117.305s][info][gc,mmu      ] GC(25) Y: MMU: 2ms/98.0%, 5ms/99.2%, 10ms/99.4%, 20ms/99.6%, 50ms/99.9%, 100ms/99.9%
[117.305s][info][gc,marking  ] GC(25) Y: Mark: 4 stripe(s), 1 proactive flush(es), 1 terminate flush(es), 0 completion(s), 0 continuation(s) 
[117.305s][info][gc,nmethod  ] GC(25) Y: NMethods: 6147 registered, 2664 unregistered
[117.305s][info][gc,metaspace] GC(25) Y: Metaspace: 152M used, 153M committed, 1216M reserved
[117.305s][info][gc,reloc    ] GC(25) Y:                        Candidates     Selected     In-Place         Size        Empty    Relocated 
[117.305s][info][gc,reloc    ] GC(25) Y: Small Pages:                    1            0            0           2M           2M           0M 
[117.305s][info][gc,reloc    ] GC(25) Y: Medium Pages:                   0            0            0           0M           0M           0M 
[117.305s][info][gc,reloc    ] GC(25) Y: Large Pages:                    0            0            0           0M           0M           0M 
[117.305s][info][gc,reloc    ] GC(25) Y: Forwarding Usage: 0M
[117.305s][info][gc,reloc    ] GC(25) Y: Age Table:
[117.305s][info][gc,reloc    ] GC(25) Y:                    Live             Garbage             Small              Medium             Large        
[117.305s][info][gc,reloc    ] GC(25) Y: Eden                -                 2M (0%)           1 / 0              0 / 0              0 / 0        
[117.305s][info][gc,heap     ] GC(25) Y: Min Capacity: 8M(0%)
[117.305s][info][gc,heap     ] GC(25) Y: Max Capacity: 4096M(100%)
[117.305s][info][gc,heap     ] GC(25) Y: Soft Max Capacity: 4096M(100%)
[117.305s][info][gc,heap     ] GC(25) Y: Heap Statistics:
[117.305s][info][gc,heap     ] GC(25) Y:                Mark Start          Mark End        Relocate Start      Relocate End           High               Low         
[117.305s][info][gc,heap     ] GC(25) Y:  Capacity:     3348M (82%)        3348M (82%)        3348M (82%)        3348M (82%)        3348M (82%)        3348M (82%)    
[117.305s][info][gc,heap     ] GC(25) Y:      Free:     3538M (86%)        3536M (86%)        3538M (86%)        3538M (86%)        3538M (86%)        3536M (86%)    
[117.305s][info][gc,heap     ] GC(25) Y:      Used:      558M (14%)         560M (14%)         558M (14%)         558M (14%)         560M (14%)         558M (14%)    
[117.305s][info][gc,heap     ] GC(25) Y: Young Generation Statistics:
[117.305s][info][gc,heap     ] GC(25) Y:                Mark Start          Mark End        Relocate Start      Relocate End    
[117.305s][info][gc,heap     ] GC(25) Y:      Used:        2M (0%)            4M (0%)            2M (0%)            2M (0%)     
[117.305s][info][gc,heap     ] GC(25) Y:      Live:         -                 0M (0%)            0M (0%)            0M (0%)     
[117.305s][info][gc,heap     ] GC(25) Y:   Garbage:         -                 2M (0%)            0M (0%)            0M (0%)     
[117.305s][info][gc,heap     ] GC(25) Y: Allocated:         -                 2M (0%)            2M (0%)            2M (0%)     
[117.305s][info][gc,heap     ] GC(25) Y: Reclaimed:         -                  -                 2M (0%)            2M (0%)     
[117.305s][info][gc,heap     ] GC(25) Y:  Promoted:         -                  -                 0M (0%)            0M (0%)     
[117.305s][info][gc,heap     ] GC(25) Y: Compacted:         -                  -                  -                 0M (0%)     
[117.305s][info][gc,phases   ] GC(25) Y: Young Generation (Collect Roots) 558M(14%)->558M(14%) 0.004s
[117.305s][info][gc,phases   ] GC(25) O: Old Generation
[117.434s][info][gc,phases   ] GC(25) O: Concurrent Mark 129.340ms
[117.434s][info][gc,phases   ] GC(25) O: Pause Mark End 0.014ms
[117.434s][info][safepoint   ] Safepoint "ZMarkEndOld", Time since last: 129697400 ns, Reaching safepoint: 2600 ns, At safepoint: 34600 ns, Leaving safepoint: 2400 ns, Total: 39600 ns, Threads: 0 runnable, 54 total
[117.434s][info][gc,phases   ] GC(25) O: Concurrent Mark Free 0.002ms
[117.437s][info][gc,phases   ] GC(25) O: Concurrent Process Non-Strong 2.755ms
[117.437s][info][gc,phases   ] GC(25) O: Concurrent Reset Relocation Set 0.001ms
[117.437s][info][gc,phases   ] GC(25) O: Concurrent Select Relocation Set 0.062ms
[117.437s][info][gc,task     ] GC(25) O: Using 4 Workers for Old Generation
[117.438s][info][gc,task     ] GC(25) O: Using 4 Workers for Old Generation
[117.438s][info][gc,phases   ] GC(25) O: Concurrent Remap Roots 1.006ms
[117.438s][info][gc,phases   ] GC(25) O: Pause Relocate Start 0.009ms
[117.438s][info][safepoint   ] Safepoint "ZRelocateStartOld", Time since last: 3926800 ns, Reaching safepoint: 2300 ns, At safepoint: 30200 ns, Leaving safepoint: 2300 ns, Total: 34800 ns, Threads: 0 runnable, 54 total
[117.439s][info][gc,phases   ] GC(25) O: Concurrent Relocate 0.758ms
[117.439s][info][gc,alloc    ] GC(25) O:                         Mark Start        Mark End      Relocate Start    Relocate End   
[117.439s][info][gc,alloc    ] GC(25) O: Allocation Stalls:          0                0                0                0         
[117.439s][info][gc,load     ] GC(25) O: Load: 0.00 (0%) / 0.00 (0%) / 0.00 (0%)
[117.439s][info][gc,mmu      ] GC(25) O: MMU: 2ms/98.0%, 5ms/99.2%, 10ms/99.4%, 20ms/99.6%, 50ms/99.9%, 100ms/99.9%
[117.439s][info][gc,marking  ] GC(25) O: Mark: 4 stripe(s), 2 proactive flush(es), 1 terminate flush(es), 0 completion(s), 0 continuation(s) 
[117.439s][info][gc,nmethod  ] GC(25) O: NMethods: 6141 registered, 2672 unregistered
[117.439s][info][gc,metaspace] GC(25) O: Metaspace: 152M used, 153M committed, 1216M reserved
[117.439s][info][gc,ref      ] GC(25) O:                       Encountered   Discovered     Enqueued 
[117.439s][info][gc,ref      ] GC(25) O: Soft References:             5379            0            0 
[117.439s][info][gc,ref      ] GC(25) O: Weak References:            36577        10726            2 
[117.439s][info][gc,ref      ] GC(25) O: Final References:              55            7            0 
[117.439s][info][gc,ref      ] GC(25) O: Phantom References:          1211         1087            5 
[117.439s][info][gc,reloc    ] GC(25) O:                        Candidates     Selected     In-Place         Size        Empty    Relocated 
[117.439s][info][gc,reloc    ] GC(25) O: Small Pages:                  240            9            0         480M           0M           2M 
[117.439s][info][gc,reloc    ] GC(25) O: Medium Pages:                   2            0            0          64M           0M           0M 
[117.439s][info][gc,reloc    ] GC(25) O: Large Pages:                    1            0            0          12M           0M           0M 
[117.439s][info][gc,reloc    ] GC(25) O: Forwarding Usage: 0M
[117.439s][info][gc,heap     ] GC(25) O: Min Capacity: 8M(0%)
[117.439s][info][gc,heap     ] GC(25) O: Max Capacity: 4096M(100%)
[117.439s][info][gc,heap     ] GC(25) O: Soft Max Capacity: 4096M(100%)
[117.439s][info][gc,heap     ] GC(25) O: Heap Statistics:
[117.439s][info][gc,heap     ] GC(25) O:                Mark Start          Mark End        Relocate Start      Relocate End           High               Low         
[117.439s][info][gc,heap     ] GC(25) O:  Capacity:     3348M (82%)        3348M (82%)        3348M (82%)        3348M (82%)        3348M (82%)        3348M (82%)    
[117.439s][info][gc,heap     ] GC(25) O:      Free:     3538M (86%)        3526M (86%)        3526M (86%)        3536M (86%)        3538M (86%)        3514M (86%)    
[117.439s][info][gc,heap     ] GC(25) O:      Used:      558M (14%)         570M (14%)         570M (14%)         560M (14%)         582M (14%)         558M (14%)    
[117.439s][info][gc,heap     ] GC(25) O: Old Generation Statistics:
[117.439s][info][gc,heap     ] GC(25) O:                Mark Start          Mark End        Relocate Start      Relocate End    
[117.439s][info][gc,heap     ] GC(25) O:      Used:      556M (14%)         556M (14%)         556M (14%)         544M (13%)    
[117.439s][info][gc,heap     ] GC(25) O:      Live:         -               486M (12%)         486M (12%)         486M (12%)    
[117.439s][info][gc,heap     ] GC(25) O:   Garbage:         -                69M (2%)           69M (2%)           50M (1%)     
[117.439s][info][gc,heap     ] GC(25) O: Allocated:         -                 0M (0%)            0M (0%)            6M (0%)     
[117.439s][info][gc,heap     ] GC(25) O: Reclaimed:         -                  -                 0M (0%)           18M (0%)     
[117.439s][info][gc,heap     ] GC(25) O: Compacted:         -                  -                  -                 3M (0%)     
[117.439s][info][gc,phases   ] GC(25) O: Old Generation 558M(14%)->560M(14%) 0.134s
[117.439s][info][gc          ] GC(25) Major Collection (System.gc()) 644M(16%)->560M(14%) 0.145s
[122.441s][info][gc          ] GC(26) Major Collection (System.gc())
[122.441s][info][gc,task     ] GC(26) Using 4 Workers for Young Generation
[122.441s][info][gc,task     ] GC(26) Using 4 Workers for Old Generation
[122.441s][info][gc,phases   ] GC(26) Y: Young Generation (Promote All)
[122.441s][info][gc,phases   ] GC(26) Y: Pause Mark Start 0.014ms
[122.441s][info][safepoint   ] Safepoint "ZMarkStartYoung", Time since last: 5002711300 ns, Reaching safepoint: 26100 ns, At safepoint: 40900 ns, Leaving safepoint: 5500 ns, Total: 72500 ns, Threads: 1 runnable, 54 total
[122.446s][info][gc,phases   ] GC(26) Y: Concurrent Mark 4.986ms
[122.446s][info][gc,phases   ] GC(26) Y: Pause Mark End 0.012ms
[122.446s][info][safepoint   ] Safepoint "ZMarkEndYoung", Time since last: 5042800 ns, Reaching safepoint: 2500 ns, At safepoint: 32400 ns, Leaving safepoint: 2300 ns, Total: 37200 ns, Threads: 0 runnable, 54 total
[122.446s][info][gc,phases   ] GC(26) Y: Concurrent Mark Free 0.001ms
[122.446s][info][gc,phases   ] GC(26) Y: Concurrent Reset Relocation Set 0.000ms
[122.446s][info][gc,reloc    ] GC(26) Y: Using tenuring threshold: 0 (Promote All)
[122.446s][info][gc,phases   ] GC(26) Y: Concurrent Select Relocation Set 0.129ms
[122.446s][info][gc,phases   ] GC(26) Y: Pause Relocate Start 0.006ms
[122.446s][info][safepoint   ] Safepoint "ZRelocateStartYoung", Time since last: 195200 ns, Reaching safepoint: 1900 ns, At safepoint: 19200 ns, Leaving safepoint: 3100 ns, Total: 24200 ns, Threads: 0 runnable, 54 total
[122.447s][info][gc,phases   ] GC(26) Y: Concurrent Relocate 0.419ms
[122.447s][info][gc,alloc    ] GC(26) Y:                         Mark Start        Mark End      Relocate Start    Relocate End   
[122.447s][info][gc,alloc    ] GC(26) Y: Allocation Stalls:          0                0                0                0         
[122.447s][info][gc,load     ] GC(26) Y: Load: 0.00 (0%) / 0.00 (0%) / 0.00 (0%)
[122.447s][info][gc,mmu      ] GC(26) Y: MMU: 2ms/98.0%, 5ms/99.2%, 10ms/99.4%, 20ms/99.6%, 50ms/99.9%, 100ms/99.9%
[122.447s][info][gc,marking  ] GC(26) Y: Mark: 4 stripe(s), 2 proactive flush(es), 1 terminate flush(es), 0 completion(s), 0 continuation(s) 
[122.447s][info][gc,nmethod  ] GC(26) Y: NMethods: 6219 registered, 2672 unregistered
[122.447s][info][gc,metaspace] GC(26) Y: Metaspace: 152M used, 153M committed, 1216M reserved
[122.447s][info][gc,reloc    ] GC(26) Y:                        Candidates     Selected     In-Place         Size        Empty    Relocated 
[122.447s][info][gc,reloc    ] GC(26) Y: Small Pages:                   44           36            0          88M          14M           0M 
[122.447s][info][gc,reloc    ] GC(26) Y: Medium Pages:                   0            0            0           0M           0M           0M 
[122.447s][info][gc,reloc    ] GC(26) Y: Large Pages:                    0            0            0           0M           0M           0M 
[122.447s][info][gc,reloc    ] GC(26) Y: Forwarding Usage: 0M
[122.447s][info][gc,reloc    ] GC(26) Y: Age Table:
[122.447s][info][gc,reloc    ] GC(26) Y:                    Live             Garbage             Small              Medium             Large        
[122.447s][info][gc,reloc    ] GC(26) Y: Eden               0M (0%)           87M (2%)          44 / 36             0 / 0              0 / 0        
[122.447s][info][gc,heap     ] GC(26) Y: Min Capacity: 8M(0%)
[122.447s][info][gc,heap     ] GC(26) Y: Max Capacity: 4096M(100%)
[122.447s][info][gc,heap     ] GC(26) Y: Soft Max Capacity: 4096M(100%)
[122.447s][info][gc,heap     ] GC(26) Y: Heap Statistics:
[122.447s][info][gc,heap     ] GC(26) Y:                Mark Start          Mark End        Relocate Start      Relocate End           High               Low         
[122.447s][info][gc,heap     ] GC(26) Y:  Capacity:     3348M (82%)        3348M (82%)        3348M (82%)        3348M (82%)        3348M (82%)        3348M (82%)    
[122.447s][info][gc,heap     ] GC(26) Y:      Free:     3464M (85%)        3452M (84%)        3466M (85%)        3530M (86%)        3530M (86%)        3452M (84%)    
[122.447s][info][gc,heap     ] GC(26) Y:      Used:      632M (15%)         644M (16%)         630M (15%)         566M (14%)         644M (16%)         566M (14%)    
[122.447s][info][gc,heap     ] GC(26) Y: Young Generation Statistics:
[122.447s][info][gc,heap     ] GC(26) Y:                Mark Start          Mark End        Relocate Start      Relocate End    
[122.447s][info][gc,heap     ] GC(26) Y:      Used:       88M (2%)          100M (2%)           86M (2%)           12M (0%)     
[122.447s][info][gc,heap     ] GC(26) Y:      Live:         -                 0M (0%)            0M (0%)            0M (0%)     
[122.447s][info][gc,heap     ] GC(26) Y:   Garbage:         -                87M (2%)           73M (2%)            0M (0%)     
[122.447s][info][gc,heap     ] GC(26) Y: Allocated:         -                12M (0%)           12M (0%)           12M (0%)     
[122.447s][info][gc,heap     ] GC(26) Y: Reclaimed:         -                  -                14M (0%)           87M (2%)     
[122.447s][info][gc,heap     ] GC(26) Y:  Promoted:         -                  -                 0M (0%)            0M (0%)     
[122.447s][info][gc,heap     ] GC(26) Y: Compacted:         -                  -                  -                 0M (0%)     
[122.447s][info][gc,phases   ] GC(26) Y: Young Generation (Promote All) 632M(15%)->566M(14%) 0.006s
[122.447s][info][gc,phases   ] GC(26) Y: Young Generation (Collect Roots)
[122.447s][info][gc,phases   ] GC(26) Y: Pause Mark Start (Major) 0.009ms
[122.447s][info][safepoint   ] Safepoint "ZMarkStartYoungAndOld", Time since last: 705400 ns, Reaching safepoint: 1800 ns, At safepoint: 28800 ns, Leaving safepoint: 2200 ns, Total: 32800 ns, Threads: 0 runnable, 54 total
[122.451s][info][gc,phases   ] GC(26) Y: Concurrent Mark 4.206ms
[122.451s][info][gc,phases   ] GC(26) Y: Pause Mark End 0.007ms
[122.451s][info][safepoint   ] Safepoint "ZMarkEndYoung", Time since last: 4248600 ns, Reaching safepoint: 2000 ns, At safepoint: 25900 ns, Leaving safepoint: 1800 ns, Total: 29700 ns, Threads: 0 runnable, 54 total
[122.451s][info][gc,phases   ] GC(26) Y: Concurrent Mark Free 0.001ms
[122.451s][info][gc,phases   ] GC(26) Y: Concurrent Reset Relocation Set 0.001ms
[122.451s][info][gc,reloc    ] GC(26) Y: Using tenuring threshold: 1 (Computed)
[122.451s][info][gc,phases   ] GC(26) Y: Concurrent Select Relocation Set 0.097ms
[122.451s][info][gc,phases   ] GC(26) Y: Pause Relocate Start 0.007ms
[122.451s][info][safepoint   ] Safepoint "ZRelocateStartYoung", Time since last: 160600 ns, Reaching safepoint: 2600 ns, At safepoint: 25300 ns, Leaving safepoint: 2200 ns, Total: 30100 ns, Threads: 0 runnable, 54 total
[122.452s][info][gc,phases   ] GC(26) Y: Concurrent Relocate 0.115ms
[122.452s][info][gc,alloc    ] GC(26) Y:                         Mark Start        Mark End      Relocate Start    Relocate End   
[122.452s][info][gc,alloc    ] GC(26) Y: Allocation Stalls:          0                0                0                0         
[122.452s][info][gc,load     ] GC(26) Y: Load: 0.00 (0%) / 0.00 (0%) / 0.00 (0%)
[122.452s][info][gc,mmu      ] GC(26) Y: MMU: 2ms/98.0%, 5ms/99.2%, 10ms/99.4%, 20ms/99.6%, 50ms/99.9%, 100ms/99.9%
[122.452s][info][gc,marking  ] GC(26) Y: Mark: 4 stripe(s), 1 proactive flush(es), 1 terminate flush(es), 0 completion(s), 0 continuation(s) 
[122.452s][info][gc,nmethod  ] GC(26) Y: NMethods: 6219 registered, 2672 unregistered
[122.452s][info][gc,metaspace] GC(26) Y: Metaspace: 152M used, 153M committed, 1216M reserved
[122.452s][info][gc,reloc    ] GC(26) Y:                        Candidates     Selected     In-Place         Size        Empty    Relocated 
[122.452s][info][gc,reloc    ] GC(26) Y: Small Pages:                    6            3            0          12M           4M           0M 
[122.452s][info][gc,reloc    ] GC(26) Y: Medium Pages:                   0            0            0           0M           0M           0M 
[122.452s][info][gc,reloc    ] GC(26) Y: Large Pages:                    0            0            0           0M           0M           0M 
[122.452s][info][gc,reloc    ] GC(26) Y: Forwarding Usage: 0M
[122.452s][info][gc,reloc    ] GC(26) Y: Age Table:
[122.452s][info][gc,reloc    ] GC(26) Y:                    Live             Garbage             Small              Medium             Large        
[122.452s][info][gc,reloc    ] GC(26) Y: Eden               0M (0%)           11M (0%)           6 / 3              0 / 0              0 / 0        
[122.452s][info][gc,heap     ] GC(26) Y: Min Capacity: 8M(0%)
[122.452s][info][gc,heap     ] GC(26) Y: Max Capacity: 4096M(100%)
[122.452s][info][gc,heap     ] GC(26) Y: Soft Max Capacity: 4096M(100%)
[122.452s][info][gc,heap     ] GC(26) Y: Heap Statistics:
[122.452s][info][gc,heap     ] GC(26) Y:                Mark Start          Mark End        Relocate Start      Relocate End           High               Low         
[122.452s][info][gc,heap     ] GC(26) Y:  Capacity:     3348M (82%)        3348M (82%)        3348M (82%)        3348M (82%)        3348M (82%)        3348M (82%)    
[122.452s][info][gc,heap     ] GC(26) Y:      Free:     3530M (86%)        3528M (86%)        3532M (86%)        3532M (86%)        3532M (86%)        3524M (86%)    
[122.452s][info][gc,heap     ] GC(26) Y:      Used:      566M (14%)         568M (14%)         564M (14%)         564M (14%)         572M (14%)         564M (14%)    
[122.452s][info][gc,heap     ] GC(26) Y: Young Generation Statistics:
[122.452s][info][gc,heap     ] GC(26) Y:                Mark Start          Mark End        Relocate Start      Relocate End    
[122.452s][info][gc,heap     ] GC(26) Y:      Used:       12M (0%)           14M (0%)           10M (0%)           10M (0%)     
[122.452s][info][gc,heap     ] GC(26) Y:      Live:         -                 0M (0%)            0M (0%)            0M (0%)     
[122.452s][info][gc,heap     ] GC(26) Y:   Garbage:         -                11M (0%)            7M (0%)            0M (0%)     
[122.452s][info][gc,heap     ] GC(26) Y: Allocated:         -                 2M (0%)            2M (0%)            9M (0%)     
[122.452s][info][gc,heap     ] GC(26) Y: Reclaimed:         -                  -                 4M (0%)           11M (0%)     
[122.452s][info][gc,heap     ] GC(26) Y:  Promoted:         -                  -                 0M (0%)            0M (0%)     
[122.452s][info][gc,heap     ] GC(26) Y: Compacted:         -                  -                  -                 0M (0%)     
[122.452s][info][gc,phases   ] GC(26) Y: Young Generation (Collect Roots) 566M(14%)->564M(14%) 0.005s
[122.452s][info][gc,phases   ] GC(26) O: Old Generation
[122.631s][info][gc,phases   ] GC(26) O: Concurrent Mark 178.830ms
[122.631s][info][gc,phases   ] GC(26) O: Pause Mark End 0.017ms
[122.631s][info][safepoint   ] Safepoint "ZMarkEndOld", Time since last: 179389600 ns, Reaching safepoint: 2700 ns, At safepoint: 38500 ns, Leaving safepoint: 2500 ns, Total: 43700 ns, Threads: 0 runnable, 54 total
[122.631s][info][gc,phases   ] GC(26) O: Concurrent Mark Free 0.003ms
[122.635s][info][gc,phases   ] GC(26) O: Concurrent Process Non-Strong 3.957ms
[122.635s][info][gc,phases   ] GC(26) O: Concurrent Reset Relocation Set 0.001ms
[122.635s][info][gc,phases   ] GC(26) O: Concurrent Select Relocation Set 0.101ms
[122.635s][info][gc,task     ] GC(26) O: Using 4 Workers for Old Generation
[122.638s][info][gc,task     ] GC(26) O: Using 4 Workers for Old Generation
[122.638s][info][gc,phases   ] GC(26) O: Concurrent Remap Roots 3.305ms
[122.638s][info][gc,phases   ] GC(26) O: Pause Relocate Start 0.009ms
[122.638s][info][safepoint   ] Safepoint "ZRelocateStartOld", Time since last: 7474200 ns, Reaching safepoint: 2900 ns, At safepoint: 34600 ns, Leaving safepoint: 2300 ns, Total: 39800 ns, Threads: 0 runnable, 54 total
[122.639s][info][gc,phases   ] GC(26) O: Concurrent Relocate 0.767ms
[122.639s][info][gc,alloc    ] GC(26) O:                         Mark Start        Mark End      Relocate Start    Relocate End   
[122.639s][info][gc,alloc    ] GC(26) O: Allocation Stalls:          0                0                0                0         
[122.639s][info][gc,load     ] GC(26) O: Load: 0.00 (0%) / 0.00 (0%) / 0.00 (0%)
[122.639s][info][gc,mmu      ] GC(26) O: MMU: 2ms/98.0%, 5ms/99.2%, 10ms/99.4%, 20ms/99.6%, 50ms/99.9%, 100ms/99.9%
[122.639s][info][gc,marking  ] GC(26) O: Mark: 4 stripe(s), 3 proactive flush(es), 1 terminate flush(es), 0 completion(s), 0 continuation(s) 
[122.639s][info][gc,nmethod  ] GC(26) O: NMethods: 6179 registered, 2714 unregistered
[122.639s][info][gc,metaspace] GC(26) O: Metaspace: 152M used, 153M committed, 1216M reserved
[122.639s][info][gc,ref      ] GC(26) O:                       Encountered   Discovered     Enqueued 
[122.639s][info][gc,ref      ] GC(26) O: Soft References:             5379            0            0 
[122.639s][info][gc,ref      ] GC(26) O: Weak References:            36576        23528            1 
[122.639s][info][gc,ref      ] GC(26) O: Final References:              55            1            0 
[122.639s][info][gc,ref      ] GC(26) O: Phantom References:          1211          343            5 
[122.639s][info][gc,reloc    ] GC(26) O:                        Candidates     Selected     In-Place         Size        Empty    Relocated 
[122.639s][info][gc,reloc    ] GC(26) O: Small Pages:                  239            7            0         478M           2M           1M 
[122.639s][info][gc,reloc    ] GC(26) O: Medium Pages:                   2            0            0          64M           0M           0M 
[122.639s][info][gc,reloc    ] GC(26) O: Large Pages:                    1            0            0          12M           0M           0M 
[122.639s][info][gc,reloc    ] GC(26) O: Forwarding Usage: 0M
[122.639s][info][gc,heap     ] GC(26) O: Min Capacity: 8M(0%)
[122.639s][info][gc,heap     ] GC(26) O: Max Capacity: 4096M(100%)
[122.639s][info][gc,heap     ] GC(26) O: Soft Max Capacity: 4096M(100%)
[122.639s][info][gc,heap     ] GC(26) O: Heap Statistics:
[122.639s][info][gc,heap     ] GC(26) O:                Mark Start          Mark End        Relocate Start      Relocate End           High               Low         
[122.639s][info][gc,heap     ] GC(26) O:  Capacity:     3348M (82%)        3348M (82%)        3348M (82%)        3348M (82%)        3348M (82%)        3348M (82%)    
[122.639s][info][gc,heap     ] GC(26) O:      Free:     3530M (86%)        3522M (86%)        3524M (86%)        3530M (86%)        3532M (86%)        3514M (86%)    
[122.639s][info][gc,heap     ] GC(26) O:      Used:      566M (14%)         574M (14%)         572M (14%)         566M (14%)         582M (14%)         564M (14%)    
[122.639s][info][gc,heap     ] GC(26) O: Old Generation Statistics:
[122.639s][info][gc,heap     ] GC(26) O:                Mark Start          Mark End        Relocate Start      Relocate End    
[122.639s][info][gc,heap     ] GC(26) O:      Used:      554M (14%)         554M (14%)         552M (13%)         546M (13%)    
[122.639s][info][gc,heap     ] GC(26) O:      Live:         -               486M (12%)         486M (12%)         486M (12%)    
[122.639s][info][gc,heap     ] GC(26) O:   Garbage:         -                67M (2%)           65M (2%)           50M (1%)     
[122.639s][info][gc,heap     ] GC(26) O: Allocated:         -                 0M (0%)            0M (0%)            8M (0%)     
[122.639s][info][gc,heap     ] GC(26) O: Reclaimed:         -                  -                 2M (0%)           16M (0%)     
[122.639s][info][gc,heap     ] GC(26) O: Compacted:         -                  -                  -                 1M (0%)     
[122.639s][info][gc,phases   ] GC(26) O: Old Generation 564M(14%)->566M(14%) 0.187s
[122.640s][info][gc          ] GC(26) Major Collection (System.gc()) 632M(15%)->566M(14%) 0.199s
[127.641s][info][gc          ] GC(27) Major Collection (System.gc())
[127.641s][info][gc,task     ] GC(27) Using 4 Workers for Young Generation
[127.641s][info][gc,task     ] GC(27) Using 4 Workers for Old Generation
[127.641s][info][gc,phases   ] GC(27) Y: Young Generation (Promote All)
[127.641s][info][gc,phases   ] GC(27) Y: Pause Mark Start 0.011ms
[127.641s][info][safepoint   ] Safepoint "ZMarkStartYoung", Time since last: 5002578200 ns, Reaching safepoint: 15700 ns, At safepoint: 24700 ns, Leaving safepoint: 4400 ns, Total: 44800 ns, Threads: 1 runnable, 55 total
[127.646s][info][gc,phases   ] GC(27) Y: Concurrent Mark 5.344ms
[127.646s][info][gc,phases   ] GC(27) Y: Pause Mark End 0.009ms
[127.646s][info][safepoint   ] Safepoint "ZMarkEndYoung", Time since last: 5391900 ns, Reaching safepoint: 1900 ns, At safepoint: 27900 ns, Leaving safepoint: 1900 ns, Total: 31700 ns, Threads: 0 runnable, 54 total
[127.647s][info][gc,phases   ] GC(27) Y: Concurrent Mark Free 0.002ms
[127.647s][info][gc,phases   ] GC(27) Y: Concurrent Reset Relocation Set 0.001ms
[127.647s][info][gc,reloc    ] GC(27) Y: Using tenuring threshold: 0 (Promote All)
[127.647s][info][gc,phases   ] GC(27) Y: Concurrent Select Relocation Set 0.114ms
[127.647s][info][gc,phases   ] GC(27) Y: Pause Relocate Start 0.005ms
[127.647s][info][safepoint   ] Safepoint "ZRelocateStartYoung", Time since last: 179300 ns, Reaching safepoint: 1700 ns, At safepoint: 22400 ns, Leaving safepoint: 2000 ns, Total: 26100 ns, Threads: 0 runnable, 54 total
[127.647s][info][gc,phases   ] GC(27) Y: Concurrent Relocate 0.217ms
[127.647s][info][gc,alloc    ] GC(27) Y:                         Mark Start        Mark End      Relocate Start    Relocate End   
[127.647s][info][gc,alloc    ] GC(27) Y: Allocation Stalls:          0                0                0                0         
[127.647s][info][gc,load     ] GC(27) Y: Load: 0.00 (0%) / 0.00 (0%) / 0.00 (0%)
[127.647s][info][gc,mmu      ] GC(27) Y: MMU: 2ms/98.0%, 5ms/99.2%, 10ms/99.4%, 20ms/99.6%, 50ms/99.9%, 100ms/99.9%
[127.647s][info][gc,marking  ] GC(27) Y: Mark: 4 stripe(s), 2 proactive flush(es), 1 terminate flush(es), 0 completion(s), 0 continuation(s) 
[127.647s][info][gc,nmethod  ] GC(27) Y: NMethods: 6208 registered, 2714 unregistered
[127.647s][info][gc,metaspace] GC(27) Y: Metaspace: 152M used, 153M committed, 1216M reserved
[127.647s][info][gc,reloc    ] GC(27) Y:                        Candidates     Selected     In-Place         Size        Empty    Relocated 
[127.647s][info][gc,reloc    ] GC(27) Y: Small Pages:                   48           38            0          96M          18M           0M 
[127.647s][info][gc,reloc    ] GC(27) Y: Medium Pages:                   0            0            0           0M           0M           0M 
[127.647s][info][gc,reloc    ] GC(27) Y: Large Pages:                    0            0            0           0M           0M           0M 
[127.647s][info][gc,reloc    ] GC(27) Y: Forwarding Usage: 0M
[127.647s][info][gc,reloc    ] GC(27) Y: Age Table:
[127.647s][info][gc,reloc    ] GC(27) Y:                    Live             Garbage             Small              Medium             Large        
[127.647s][info][gc,reloc    ] GC(27) Y: Eden               0M (0%)           87M (2%)          44 / 38             0 / 0              0 / 0        
[127.647s][info][gc,reloc    ] GC(27) Y: Survivor 1          -                 8M (0%)           4 / 0              0 / 0              0 / 0        
[127.647s][info][gc,heap     ] GC(27) Y: Min Capacity: 8M(0%)
[127.647s][info][gc,heap     ] GC(27) Y: Max Capacity: 4096M(100%)
[127.647s][info][gc,heap     ] GC(27) Y: Soft Max Capacity: 4096M(100%)
[127.647s][info][gc,heap     ] GC(27) Y: Heap Statistics:
[127.647s][info][gc,heap     ] GC(27) Y:                Mark Start          Mark End        Relocate Start      Relocate End           High               Low         
[127.647s][info][gc,heap     ] GC(27) Y:  Capacity:     3348M (82%)        3348M (82%)        3348M (82%)        3348M (82%)        3348M (82%)        3348M (82%)    
[127.647s][info][gc,heap     ] GC(27) Y:      Free:     3454M (84%)        3446M (84%)        3464M (85%)        3534M (86%)        3534M (86%)        3446M (84%)    
[127.647s][info][gc,heap     ] GC(27) Y:      Used:      642M (16%)         650M (16%)         632M (15%)         562M (14%)         650M (16%)         562M (14%)    
[127.647s][info][gc,heap     ] GC(27) Y: Young Generation Statistics:
[127.647s][info][gc,heap     ] GC(27) Y:                Mark Start          Mark End        Relocate Start      Relocate End    
[127.647s][info][gc,heap     ] GC(27) Y:      Used:       96M (2%)          104M (3%)           86M (2%)            8M (0%)     
[127.647s][info][gc,heap     ] GC(27) Y:      Live:         -                 0M (0%)            0M (0%)            0M (0%)     
[127.647s][info][gc,heap     ] GC(27) Y:   Garbage:         -                95M (2%)           77M (2%)            0M (0%)     
[127.647s][info][gc,heap     ] GC(27) Y: Allocated:         -                 8M (0%)            8M (0%)            8M (0%)     
[127.647s][info][gc,heap     ] GC(27) Y: Reclaimed:         -                  -                18M (0%)           95M (2%)     
[127.647s][info][gc,heap     ] GC(27) Y:  Promoted:         -                  -                 0M (0%)            0M (0%)     
[127.647s][info][gc,heap     ] GC(27) Y: Compacted:         -                  -                  -                 0M (0%)     
[127.647s][info][gc,phases   ] GC(27) Y: Young Generation (Promote All) 642M(16%)->562M(14%) 0.006s
[127.647s][info][gc,phases   ] GC(27) Y: Young Generation (Collect Roots)
[127.647s][info][gc,phases   ] GC(27) Y: Pause Mark Start (Major) 0.007ms
[127.647s][info][safepoint   ] Safepoint "ZMarkStartYoungAndOld", Time since last: 536600 ns, Reaching safepoint: 1600 ns, At safepoint: 24100 ns, Leaving safepoint: 2000 ns, Total: 27700 ns, Threads: 0 runnable, 54 total
[127.651s][info][gc,phases   ] GC(27) Y: Concurrent Mark 4.083ms
[127.651s][info][gc,phases   ] GC(27) Y: Pause Mark End 0.008ms
[127.651s][info][safepoint   ] Safepoint "ZMarkEndYoung", Time since last: 4116900 ns, Reaching safepoint: 12100 ns, At safepoint: 30100 ns, Leaving safepoint: 4000 ns, Total: 46200 ns, Threads: 1 runnable, 54 total
[127.651s][info][gc,phases   ] GC(27) Y: Concurrent Mark Free 0.001ms
[127.651s][info][gc,phases   ] GC(27) Y: Concurrent Reset Relocation Set 0.001ms
[127.651s][info][gc,reloc    ] GC(27) Y: Using tenuring threshold: 1 (Computed)
[127.652s][info][gc,phases   ] GC(27) Y: Concurrent Select Relocation Set 0.087ms
[127.652s][info][gc,phases   ] GC(27) Y: Pause Relocate Start 0.005ms
[127.652s][info][safepoint   ] Safepoint "ZRelocateStartYoung", Time since last: 151000 ns, Reaching safepoint: 11300 ns, At safepoint: 15900 ns, Leaving safepoint: 3400 ns, Total: 30600 ns, Threads: 1 runnable, 54 total
[127.652s][info][gc,phases   ] GC(27) Y: Concurrent Relocate 0.072ms
[127.652s][info][gc,alloc    ] GC(27) Y:                         Mark Start        Mark End      Relocate Start    Relocate End   
[127.652s][info][gc,alloc    ] GC(27) Y: Allocation Stalls:          0                0                0                0         
[127.652s][info][gc,load     ] GC(27) Y: Load: 0.00 (0%) / 0.00 (0%) / 0.00 (0%)
[127.652s][info][gc,mmu      ] GC(27) Y: MMU: 2ms/98.0%, 5ms/99.2%, 10ms/99.4%, 20ms/99.6%, 50ms/99.9%, 100ms/99.9%
[127.652s][info][gc,marking  ] GC(27) Y: Mark: 4 stripe(s), 2 proactive flush(es), 1 terminate flush(es), 0 completion(s), 0 continuation(s) 
[127.652s][info][gc,nmethod  ] GC(27) Y: NMethods: 6208 registered, 2714 unregistered
[127.652s][info][gc,metaspace] GC(27) Y: Metaspace: 152M used, 153M committed, 1216M reserved
[127.652s][info][gc,reloc    ] GC(27) Y:                        Candidates     Selected     In-Place         Size        Empty    Relocated 
[127.652s][info][gc,reloc    ] GC(27) Y: Small Pages:                    4            2            0           8M           2M           0M 
[127.652s][info][gc,reloc    ] GC(27) Y: Medium Pages:                   0            0            0           0M           0M           0M 
[127.652s][info][gc,reloc    ] GC(27) Y: Large Pages:                    0            0            0           0M           0M           0M 
[127.652s][info][gc,reloc    ] GC(27) Y: Forwarding Usage: 0M
[127.652s][info][gc,reloc    ] GC(27) Y: Age Table:
[127.652s][info][gc,reloc    ] GC(27) Y:                    Live             Garbage             Small              Medium             Large        
[127.652s][info][gc,reloc    ] GC(27) Y: Eden               0M (0%)            7M (0%)           4 / 2              0 / 0              0 / 0        
[127.652s][info][gc,heap     ] GC(27) Y: Min Capacity: 8M(0%)
[127.652s][info][gc,heap     ] GC(27) Y: Max Capacity: 4096M(100%)
[127.652s][info][gc,heap     ] GC(27) Y: Soft Max Capacity: 4096M(100%)
[127.652s][info][gc,heap     ] GC(27) Y: Heap Statistics:
[127.652s][info][gc,heap     ] GC(27) Y:                Mark Start          Mark End        Relocate Start      Relocate End           High               Low         
[127.652s][info][gc,heap     ] GC(27) Y:  Capacity:     3348M (82%)        3348M (82%)        3348M (82%)        3348M (82%)        3348M (82%)        3348M (82%)    
[127.652s][info][gc,heap     ] GC(27) Y:      Free:     3534M (86%)        3530M (86%)        3532M (86%)        3530M (86%)        3534M (86%)        3524M (86%)    
[127.652s][info][gc,heap     ] GC(27) Y:      Used:      562M (14%)         566M (14%)         564M (14%)         566M (14%)         572M (14%)         562M (14%)    
[127.652s][info][gc,heap     ] GC(27) Y: Young Generation Statistics:
[127.652s][info][gc,heap     ] GC(27) Y:                Mark Start          Mark End        Relocate Start      Relocate End    
[127.652s][info][gc,heap     ] GC(27) Y:      Used:        8M (0%)           12M (0%)           10M (0%)           12M (0%)     
[127.652s][info][gc,heap     ] GC(27) Y:      Live:         -                 0M (0%)            0M (0%)            0M (0%)     
[127.652s][info][gc,heap     ] GC(27) Y:   Garbage:         -                 7M (0%)            5M (0%)            0M (0%)     
[127.652s][info][gc,heap     ] GC(27) Y: Allocated:         -                 4M (0%)            4M (0%)           11M (0%)     
[127.652s][info][gc,heap     ] GC(27) Y: Reclaimed:         -                  -                 2M (0%)            7M (0%)     
[127.652s][info][gc,heap     ] GC(27) Y:  Promoted:         -                  -                 0M (0%)            0M (0%)     
[127.652s][info][gc,heap     ] GC(27) Y: Compacted:         -                  -                  -                 0M (0%)     
[127.652s][info][gc,phases   ] GC(27) Y: Young Generation (Collect Roots) 562M(14%)->566M(14%) 0.005s
[127.652s][info][gc,phases   ] GC(27) O: Old Generation
[127.793s][info][gc,phases   ] GC(27) O: Concurrent Mark 141.117ms
[127.793s][info][gc,phases   ] GC(27) O: Pause Mark End 0.014ms
[127.793s][info][safepoint   ] Safepoint "ZMarkEndOld", Time since last: 141675800 ns, Reaching safepoint: 2800 ns, At safepoint: 34000 ns, Leaving safepoint: 2200 ns, Total: 39000 ns, Threads: 0 runnable, 54 total
[127.793s][info][gc,phases   ] GC(27) O: Concurrent Mark Free 0.003ms
[127.797s][info][gc,phases   ] GC(27) O: Concurrent Process Non-Strong 3.373ms
[127.797s][info][gc,phases   ] GC(27) O: Concurrent Reset Relocation Set 0.001ms
[127.797s][info][gc,phases   ] GC(27) O: Concurrent Select Relocation Set 0.092ms
[127.797s][info][gc,task     ] GC(27) O: Using 4 Workers for Old Generation
[127.800s][info][gc,task     ] GC(27) O: Using 4 Workers for Old Generation
[127.800s][info][gc,phases   ] GC(27) O: Concurrent Remap Roots 3.303ms
[127.800s][info][gc,phases   ] GC(27) O: Pause Relocate Start 0.008ms
[127.800s][info][safepoint   ] Safepoint "ZRelocateStartOld", Time since last: 6873600 ns, Reaching safepoint: 2400 ns, At safepoint: 27500 ns, Leaving safepoint: 2000 ns, Total: 31900 ns, Threads: 0 runnable, 54 total
[127.801s][info][gc,phases   ] GC(27) O: Concurrent Relocate 0.748ms
[127.801s][info][gc,alloc    ] GC(27) O:                         Mark Start        Mark End      Relocate Start    Relocate End   
[127.801s][info][gc,alloc    ] GC(27) O: Allocation Stalls:          0                0                0                0         
[127.801s][info][gc,load     ] GC(27) O: Load: 0.00 (0%) / 0.00 (0%) / 0.00 (0%)
[127.801s][info][gc,mmu      ] GC(27) O: MMU: 2ms/98.0%, 5ms/99.2%, 10ms/99.4%, 20ms/99.6%, 50ms/99.9%, 100ms/99.9%
[127.801s][info][gc,marking  ] GC(27) O: Mark: 4 stripe(s), 4 proactive flush(es), 1 terminate flush(es), 0 completion(s), 0 continuation(s) 
[127.801s][info][gc,nmethod  ] GC(27) O: NMethods: 6187 registered, 2735 unregistered
[127.801s][info][gc,metaspace] GC(27) O: Metaspace: 152M used, 153M committed, 1216M reserved
[127.801s][info][gc,ref      ] GC(27) O:                       Encountered   Discovered     Enqueued 
[127.801s][info][gc,ref      ] GC(27) O: Soft References:             5379            0            0 
[127.801s][info][gc,ref      ] GC(27) O: Weak References:            36574        23269            0 
[127.801s][info][gc,ref      ] GC(27) O: Final References:              55           23            0 
[127.801s][info][gc,ref      ] GC(27) O: Phantom References:          1211         1083            5 
[127.801s][info][gc,reloc    ] GC(27) O:                        Candidates     Selected     In-Place         Size        Empty    Relocated 
[127.801s][info][gc,reloc    ] GC(27) O: Small Pages:                  239            8            0         478M           0M           2M 
[127.801s][info][gc,reloc    ] GC(27) O: Medium Pages:                   2            0            0          64M           0M           0M 
[127.801s][info][gc,reloc    ] GC(27) O: Large Pages:                    1            0            0          12M           0M           0M 
[127.801s][info][gc,reloc    ] GC(27) O: Forwarding Usage: 0M
[127.801s][info][gc,heap     ] GC(27) O: Min Capacity: 8M(0%)
[127.801s][info][gc,heap     ] GC(27) O: Max Capacity: 4096M(100%)
[127.801s][info][gc,heap     ] GC(27) O: Soft Max Capacity: 4096M(100%)
[127.801s][info][gc,heap     ] GC(27) O: Heap Statistics:
[127.801s][info][gc,heap     ] GC(27) O:                Mark Start          Mark End        Relocate Start      Relocate End           High               Low         
[127.801s][info][gc,heap     ] GC(27) O:  Capacity:     3348M (82%)        3348M (82%)        3348M (82%)        3348M (82%)        3348M (82%)        3348M (82%)    
[127.801s][info][gc,heap     ] GC(27) O:      Free:     3534M (86%)        3518M (86%)        3518M (86%)        3528M (86%)        3534M (86%)        3508M (86%)    
[127.801s][info][gc,heap     ] GC(27) O:      Used:      562M (14%)         578M (14%)         578M (14%)         568M (14%)         588M (14%)         562M (14%)    
[127.801s][info][gc,heap     ] GC(27) O: Old Generation Statistics:
[127.801s][info][gc,heap     ] GC(27) O:                Mark Start          Mark End        Relocate Start      Relocate End    
[127.801s][info][gc,heap     ] GC(27) O:      Used:      554M (14%)         554M (14%)         554M (14%)         544M (13%)    
[127.801s][info][gc,heap     ] GC(27) O:      Live:         -               486M (12%)         486M (12%)         486M (12%)    
[127.801s][info][gc,heap     ] GC(27) O:   Garbage:         -                67M (2%)           67M (2%)           50M (1%)     
[127.801s][info][gc,heap     ] GC(27) O: Allocated:         -                 0M (0%)            0M (0%)            6M (0%)     
[127.801s][info][gc,heap     ] GC(27) O: Reclaimed:         -                  -                 0M (0%)           16M (0%)     
[127.801s][info][gc,heap     ] GC(27) O: Compacted:         -                  -                  -                 3M (0%)     
[127.801s][info][gc,phases   ] GC(27) O: Old Generation 566M(14%)->568M(14%) 0.149s
[127.801s][info][gc          ] GC(27) Major Collection (System.gc()) 642M(16%)->568M(14%) 0.160s
[132.802s][info][gc          ] GC(28) Major Collection (System.gc())
[132.802s][info][gc,task     ] GC(28) Using 4 Workers for Young Generation
[132.802s][info][gc,task     ] GC(28) Using 4 Workers for Old Generation
[132.802s][info][gc,phases   ] GC(28) Y: Young Generation (Promote All)
[132.802s][info][gc,phases   ] GC(28) Y: Pause Mark Start 0.012ms
[132.802s][info][safepoint   ] Safepoint "ZMarkStartYoung", Time since last: 5001801600 ns, Reaching safepoint: 5000 ns, At safepoint: 31600 ns, Leaving safepoint: 2300 ns, Total: 38900 ns, Threads: 0 runnable, 54 total
[132.807s][info][gc,phases   ] GC(28) Y: Concurrent Mark 5.304ms
[132.807s][info][gc,phases   ] GC(28) Y: Pause Mark End 0.008ms
[132.807s][info][safepoint   ] Safepoint "ZMarkEndYoung", Time since last: 5345900 ns, Reaching safepoint: 1900 ns, At safepoint: 26000 ns, Leaving safepoint: 1800 ns, Total: 29700 ns, Threads: 0 runnable, 54 total
[132.807s][info][gc,phases   ] GC(28) Y: Concurrent Mark Free 0.002ms
[132.807s][info][gc,phases   ] GC(28) Y: Concurrent Reset Relocation Set 0.000ms
[132.808s][info][gc,reloc    ] GC(28) Y: Using tenuring threshold: 0 (Promote All)
[132.808s][info][gc,phases   ] GC(28) Y: Concurrent Select Relocation Set 0.125ms
[132.808s][info][gc,phases   ] GC(28) Y: Pause Relocate Start 0.006ms
[132.808s][info][safepoint   ] Safepoint "ZRelocateStartYoung", Time since last: 183700 ns, Reaching safepoint: 1800 ns, At safepoint: 22500 ns, Leaving safepoint: 1900 ns, Total: 26200 ns, Threads: 0 runnable, 54 total
[132.808s][info][gc,phases   ] GC(28) Y: Concurrent Relocate 0.380ms
[132.808s][info][gc,alloc    ] GC(28) Y:                         Mark Start        Mark End      Relocate Start    Relocate End   
[132.808s][info][gc,alloc    ] GC(28) Y: Allocation Stalls:          0                0                0                0         
[132.808s][info][gc,load     ] GC(28) Y: Load: 0.00 (0%) / 0.00 (0%) / 0.00 (0%)
[132.808s][info][gc,mmu      ] GC(28) Y: MMU: 2ms/98.0%, 5ms/99.2%, 10ms/99.4%, 20ms/99.6%, 50ms/99.9%, 100ms/99.9%
[132.808s][info][gc,marking  ] GC(28) Y: Mark: 4 stripe(s), 1 proactive flush(es), 1 terminate flush(es), 0 completion(s), 0 continuation(s) 
[132.808s][info][gc,nmethod  ] GC(28) Y: NMethods: 6218 registered, 2735 unregistered
[132.808s][info][gc,metaspace] GC(28) Y: Metaspace: 152M used, 153M committed, 1216M reserved
[132.808s][info][gc,reloc    ] GC(28) Y:                        Candidates     Selected     In-Place         Size        Empty    Relocated 
[132.808s][info][gc,reloc    ] GC(28) Y: Small Pages:                   50           38            0         100M          22M           0M 
[132.808s][info][gc,reloc    ] GC(28) Y: Medium Pages:                   0            0            0           0M           0M           0M 
[132.808s][info][gc,reloc    ] GC(28) Y: Large Pages:                    0            0            0           0M           0M           0M 
[132.808s][info][gc,reloc    ] GC(28) Y: Forwarding Usage: 0M
[132.808s][info][gc,reloc    ] GC(28) Y: Age Table:
[132.808s][info][gc,reloc    ] GC(28) Y:                    Live             Garbage             Small              Medium             Large        
[132.808s][info][gc,reloc    ] GC(28) Y: Eden               0M (0%)           91M (2%)          46 / 37             0 / 0              0 / 0        
[132.808s][info][gc,reloc    ] GC(28) Y: Survivor 1         0M (0%)            7M (0%)           4 / 1              0 / 0              0 / 0        
[132.808s][info][gc,heap     ] GC(28) Y: Min Capacity: 8M(0%)
[132.808s][info][gc,heap     ] GC(28) Y: Max Capacity: 4096M(100%)
[132.808s][info][gc,heap     ] GC(28) Y: Soft Max Capacity: 4096M(100%)
[132.808s][info][gc,heap     ] GC(28) Y: Heap Statistics:
[132.808s][info][gc,heap     ] GC(28) Y:                Mark Start          Mark End        Relocate Start      Relocate End           High               Low         
[132.808s][info][gc,heap     ] GC(28) Y:  Capacity:     3348M (82%)        3348M (82%)        3348M (82%)        3348M (82%)        3348M (82%)        3348M (82%)    
[132.808s][info][gc,heap     ] GC(28) Y:      Free:     3452M (84%)        3450M (84%)        3472M (85%)        3542M (86%)        3542M (86%)        3450M (84%)    
[132.808s][info][gc,heap     ] GC(28) Y:      Used:      644M (16%)         646M (16%)         624M (15%)         554M (14%)         646M (16%)         554M (14%)    
[132.808s][info][gc,heap     ] GC(28) Y: Young Generation Statistics:
[132.808s][info][gc,heap     ] GC(28) Y:                Mark Start          Mark End        Relocate Start      Relocate End    
[132.808s][info][gc,heap     ] GC(28) Y:      Used:      100M (2%)          102M (2%)           80M (2%)            2M (0%)     
[132.808s][info][gc,heap     ] GC(28) Y:      Live:         -                 0M (0%)            0M (0%)            0M (0%)     
[132.808s][info][gc,heap     ] GC(28) Y:   Garbage:         -                99M (2%)           77M (2%)            0M (0%)     
[132.808s][info][gc,heap     ] GC(28) Y: Allocated:         -                 2M (0%)            2M (0%)            2M (0%)     
[132.808s][info][gc,heap     ] GC(28) Y: Reclaimed:         -                  -                22M (1%)           99M (2%)     
[132.808s][info][gc,heap     ] GC(28) Y:  Promoted:         -                  -                 0M (0%)            0M (0%)     
[132.808s][info][gc,heap     ] GC(28) Y: Compacted:         -                  -                  -                 0M (0%)     
[132.808s][info][gc,phases   ] GC(28) Y: Young Generation (Promote All) 644M(16%)->554M(14%) 0.006s
[132.808s][info][gc,phases   ] GC(28) Y: Young Generation (Collect Roots)
[132.808s][info][gc,phases   ] GC(28) Y: Pause Mark Start (Major) 0.007ms
[132.808s][info][safepoint   ] Safepoint "ZMarkStartYoungAndOld", Time since last: 665400 ns, Reaching safepoint: 1300 ns, At safepoint: 19000 ns, Leaving safepoint: 1700 ns, Total: 22000 ns, Threads: 0 runnable, 54 total
[132.812s][info][gc,phases   ] GC(28) Y: Concurrent Mark 3.885ms
[132.812s][info][gc,phases   ] GC(28) Y: Pause Mark End 0.007ms
[132.812s][info][safepoint   ] Safepoint "ZMarkEndYoung", Time since last: 3927800 ns, Reaching safepoint: 1500 ns, At safepoint: 25700 ns, Leaving safepoint: 2000 ns, Total: 29200 ns, Threads: 0 runnable, 54 total
[132.812s][info][gc,phases   ] GC(28) Y: Concurrent Mark Free 0.000ms
[132.812s][info][gc,phases   ] GC(28) Y: Concurrent Reset Relocation Set 0.001ms
[132.812s][info][gc,reloc    ] GC(28) Y: Using tenuring threshold: 0 (Computed)
[132.812s][info][gc,phases   ] GC(28) Y: Concurrent Select Relocation Set 0.139ms
[132.813s][info][gc,phases   ] GC(28) Y: Pause Relocate Start 0.006ms
[132.813s][info][safepoint   ] Safepoint "ZRelocateStartYoung", Time since last: 204800 ns, Reaching safepoint: 1900 ns, At safepoint: 18000 ns, Leaving safepoint: 3200 ns, Total: 23100 ns, Threads: 0 runnable, 54 total
[132.813s][info][gc,phases   ] GC(28) Y: Concurrent Relocate 0.045ms
[132.813s][info][gc,alloc    ] GC(28) Y:                         Mark Start        Mark End      Relocate Start    Relocate End   
[132.813s][info][gc,alloc    ] GC(28) Y: Allocation Stalls:          0                0                0                0         
[132.813s][info][gc,load     ] GC(28) Y: Load: 0.00 (0%) / 0.00 (0%) / 0.00 (0%)
[132.813s][info][gc,mmu      ] GC(28) Y: MMU: 2ms/98.0%, 5ms/99.2%, 10ms/99.4%, 20ms/99.6%, 50ms/99.9%, 100ms/99.9%
[132.813s][info][gc,marking  ] GC(28) Y: Mark: 4 stripe(s), 1 proactive flush(es), 1 terminate flush(es), 0 completion(s), 0 continuation(s) 
[132.813s][info][gc,nmethod  ] GC(28) Y: NMethods: 6218 registered, 2735 unregistered
[132.813s][info][gc,metaspace] GC(28) Y: Metaspace: 152M used, 153M committed, 1216M reserved
[132.813s][info][gc,reloc    ] GC(28) Y:                        Candidates     Selected     In-Place         Size        Empty    Relocated 
[132.813s][info][gc,reloc    ] GC(28) Y: Small Pages:                    1            0            0           2M           2M           0M 
[132.813s][info][gc,reloc    ] GC(28) Y: Medium Pages:                   0            0            0           0M           0M           0M 
[132.813s][info][gc,reloc    ] GC(28) Y: Large Pages:                    0            0            0           0M           0M           0M 
[132.813s][info][gc,reloc    ] GC(28) Y: Forwarding Usage: 0M
[132.813s][info][gc,reloc    ] GC(28) Y: Age Table:
[132.813s][info][gc,reloc    ] GC(28) Y:                    Live             Garbage             Small              Medium             Large        
[132.813s][info][gc,reloc    ] GC(28) Y: Eden                -                 2M (0%)           1 / 0              0 / 0              0 / 0        
[132.813s][info][gc,heap     ] GC(28) Y: Min Capacity: 8M(0%)
[132.813s][info][gc,heap     ] GC(28) Y: Max Capacity: 4096M(100%)
[132.813s][info][gc,heap     ] GC(28) Y: Soft Max Capacity: 4096M(100%)
[132.813s][info][gc,heap     ] GC(28) Y: Heap Statistics:
[132.813s][info][gc,heap     ] GC(28) Y:                Mark Start          Mark End        Relocate Start      Relocate End           High               Low         
[132.813s][info][gc,heap     ] GC(28) Y:  Capacity:     3348M (82%)        3348M (82%)        3348M (82%)        3348M (82%)        3348M (82%)        3348M (82%)    
[132.813s][info][gc,heap     ] GC(28) Y:      Free:     3542M (86%)        3540M (86%)        3542M (86%)        3542M (86%)        3542M (86%)        3540M (86%)    
[132.813s][info][gc,heap     ] GC(28) Y:      Used:      554M (14%)         556M (14%)         554M (14%)         554M (14%)         556M (14%)         554M (14%)    
[132.813s][info][gc,heap     ] GC(28) Y: Young Generation Statistics:
[132.813s][info][gc,heap     ] GC(28) Y:                Mark Start          Mark End        Relocate Start      Relocate End    
[132.813s][info][gc,heap     ] GC(28) Y:      Used:        2M (0%)            4M (0%)            2M (0%)            2M (0%)     
[132.813s][info][gc,heap     ] GC(28) Y:      Live:         -                 0M (0%)            0M (0%)            0M (0%)     
[132.813s][info][gc,heap     ] GC(28) Y:   Garbage:         -                 2M (0%)            0M (0%)            0M (0%)     
[132.813s][info][gc,heap     ] GC(28) Y: Allocated:         -                 2M (0%)            2M (0%)            2M (0%)     
[132.813s][info][gc,heap     ] GC(28) Y: Reclaimed:         -                  -                 2M (0%)            2M (0%)     
[132.813s][info][gc,heap     ] GC(28) Y:  Promoted:         -                  -                 0M (0%)            0M (0%)     
[132.813s][info][gc,heap     ] GC(28) Y: Compacted:         -                  -                  -                 0M (0%)     
[132.813s][info][gc,phases   ] GC(28) Y: Young Generation (Collect Roots) 554M(14%)->554M(14%) 0.004s
[132.813s][info][gc,phases   ] GC(28) O: Old Generation
[132.952s][info][gc,phases   ] GC(28) O: Concurrent Mark 138.840ms
[132.952s][info][gc,phases   ] GC(28) O: Pause Mark End 0.015ms
[132.952s][info][safepoint   ] Safepoint "ZMarkEndOld", Time since last: 139188600 ns, Reaching safepoint: 3600 ns, At safepoint: 37300 ns, Leaving safepoint: 2300 ns, Total: 43200 ns, Threads: 0 runnable, 54 total
[132.952s][info][gc,phases   ] GC(28) O: Concurrent Mark Free 0.002ms
[132.955s][info][gc,phases   ] GC(28) O: Concurrent Process Non-Strong 3.373ms
[132.955s][info][gc,phases   ] GC(28) O: Concurrent Reset Relocation Set 0.000ms
[132.955s][info][gc,phases   ] GC(28) O: Concurrent Select Relocation Set 0.287ms
[132.955s][info][gc,task     ] GC(28) O: Using 4 Workers for Old Generation
[132.957s][info][gc,task     ] GC(28) O: Using 4 Workers for Old Generation
[132.957s][info][gc,phases   ] GC(28) O: Concurrent Remap Roots 1.101ms
[132.957s][info][gc,phases   ] GC(28) O: Pause Relocate Start 0.009ms
[132.957s][info][safepoint   ] Safepoint "ZRelocateStartOld", Time since last: 4847200 ns, Reaching safepoint: 2400 ns, At safepoint: 24500 ns, Leaving safepoint: 1900 ns, Total: 28800 ns, Threads: 0 runnable, 54 total
[132.958s][info][gc,phases   ] GC(28) O: Concurrent Relocate 1.362ms
[132.958s][info][gc,alloc    ] GC(28) O:                         Mark Start        Mark End      Relocate Start    Relocate End   
[132.958s][info][gc,alloc    ] GC(28) O: Allocation Stalls:          0                0                0                0         
[132.958s][info][gc,load     ] GC(28) O: Load: 0.00 (0%) / 0.00 (0%) / 0.00 (0%)
[132.958s][info][gc,mmu      ] GC(28) O: MMU: 2ms/98.0%, 5ms/99.2%, 10ms/99.4%, 20ms/99.6%, 50ms/99.9%, 100ms/99.9%
[132.958s][info][gc,marking  ] GC(28) O: Mark: 4 stripe(s), 10 proactive flush(es), 1 terminate flush(es), 0 completion(s), 0 continuation(s) 
[132.958s][info][gc,nmethod  ] GC(28) O: NMethods: 6217 registered, 2738 unregistered
[132.958s][info][gc,metaspace] GC(28) O: Metaspace: 152M used, 153M committed, 1216M reserved
[132.958s][info][gc,ref      ] GC(28) O:                       Encountered   Discovered     Enqueued 
[132.958s][info][gc,ref      ] GC(28) O: Soft References:             5379            0            0 
[132.958s][info][gc,ref      ] GC(28) O: Weak References:            36574        22241            0 
[132.958s][info][gc,ref      ] GC(28) O: Final References:              55            5            0 
[132.958s][info][gc,ref      ] GC(28) O: Phantom References:          1211         1082            5 
[132.958s][info][gc,reloc    ] GC(28) O:                        Candidates     Selected     In-Place         Size        Empty    Relocated 
[132.958s][info][gc,reloc    ] GC(28) O: Small Pages:                  238            7            0         476M           0M           2M 
[132.958s][info][gc,reloc    ] GC(28) O: Medium Pages:                   2            0            0          64M           0M           0M 
[132.958s][info][gc,reloc    ] GC(28) O: Large Pages:                    1            0            0          12M           0M           0M 
[132.958s][info][gc,reloc    ] GC(28) O: Forwarding Usage: 1M
[132.958s][info][gc,heap     ] GC(28) O: Min Capacity: 8M(0%)
[132.958s][info][gc,heap     ] GC(28) O: Max Capacity: 4096M(100%)
[132.958s][info][gc,heap     ] GC(28) O: Soft Max Capacity: 4096M(100%)
[132.958s][info][gc,heap     ] GC(28) O: Heap Statistics:
[132.958s][info][gc,heap     ] GC(28) O:                Mark Start          Mark End        Relocate Start      Relocate End           High               Low         
[132.958s][info][gc,heap     ] GC(28) O:  Capacity:     3348M (82%)        3348M (82%)        3348M (82%)        3348M (82%)        3348M (82%)        3348M (82%)    
[132.958s][info][gc,heap     ] GC(28) O:      Free:     3542M (86%)        3530M (86%)        3530M (86%)        3538M (86%)        3542M (86%)        3520M (86%)    
[132.958s][info][gc,heap     ] GC(28) O:      Used:      554M (14%)         566M (14%)         566M (14%)         558M (14%)         576M (14%)         554M (14%)    
[132.958s][info][gc,heap     ] GC(28) O: Old Generation Statistics:
[132.958s][info][gc,heap     ] GC(28) O:                Mark Start          Mark End        Relocate Start      Relocate End    
[132.958s][info][gc,heap     ] GC(28) O:      Used:      552M (13%)         552M (13%)         552M (13%)         544M (13%)    
[132.958s][info][gc,heap     ] GC(28) O:      Live:         -               486M (12%)         486M (12%)         486M (12%)    
[132.958s][info][gc,heap     ] GC(28) O:   Garbage:         -                65M (2%)           65M (2%)           50M (1%)     
[132.958s][info][gc,heap     ] GC(28) O: Allocated:         -                 0M (0%)            0M (0%)            6M (0%)     
[132.958s][info][gc,heap     ] GC(28) O: Reclaimed:         -                  -                 0M (0%)           14M (0%)     
[132.958s][info][gc,heap     ] GC(28) O: Compacted:         -                  -                  -                 5M (0%)     
[132.958s][info][gc,phases   ] GC(28) O: Old Generation 554M(14%)->558M(14%) 0.145s
[132.958s][info][gc          ] GC(28) Major Collection (System.gc()) 644M(16%)->558M(14%) 0.156s
[137.959s][info][gc          ] GC(29) Major Collection (System.gc())
[137.959s][info][gc,task     ] GC(29) Using 4 Workers for Young Generation
[137.959s][info][gc,task     ] GC(29) Using 4 Workers for Old Generation
[137.959s][info][gc,phases   ] GC(29) Y: Young Generation (Promote All)
[137.959s][info][gc,phases   ] GC(29) Y: Pause Mark Start 0.013ms
[137.960s][info][safepoint   ] Safepoint "ZMarkStartYoung", Time since last: 5002831500 ns, Reaching safepoint: 4700 ns, At safepoint: 35700 ns, Leaving safepoint: 2800 ns, Total: 43200 ns, Threads: 0 runnable, 54 total
[137.965s][info][gc,phases   ] GC(29) Y: Concurrent Mark 5.101ms
[137.965s][info][gc,phases   ] GC(29) Y: Pause Mark End 0.008ms
[137.965s][info][safepoint   ] Safepoint "ZMarkEndYoung", Time since last: 5143000 ns, Reaching safepoint: 1600 ns, At safepoint: 25900 ns, Leaving safepoint: 1900 ns, Total: 29400 ns, Threads: 0 runnable, 54 total
[137.965s][info][gc,phases   ] GC(29) Y: Concurrent Mark Free 0.001ms
[137.965s][info][gc,phases   ] GC(29) Y: Concurrent Reset Relocation Set 0.000ms
[137.965s][info][gc,reloc    ] GC(29) Y: Using tenuring threshold: 0 (Promote All)
[137.965s][info][gc,phases   ] GC(29) Y: Concurrent Select Relocation Set 0.111ms
[137.965s][info][gc,phases   ] GC(29) Y: Pause Relocate Start 0.004ms
[137.965s][info][safepoint   ] Safepoint "ZRelocateStartYoung", Time since last: 174600 ns, Reaching safepoint: 1000 ns, At safepoint: 14100 ns, Leaving safepoint: 1700 ns, Total: 16800 ns, Threads: 0 runnable, 54 total
[137.965s][info][gc,phases   ] GC(29) Y: Concurrent Relocate 0.240ms
[137.965s][info][gc,alloc    ] GC(29) Y:                         Mark Start        Mark End      Relocate Start    Relocate End   
[137.965s][info][gc,alloc    ] GC(29) Y: Allocation Stalls:          0                0                0                0         
[137.965s][info][gc,load     ] GC(29) Y: Load: 0.00 (0%) / 0.00 (0%) / 0.00 (0%)
[137.965s][info][gc,mmu      ] GC(29) Y: MMU: 2ms/98.0%, 5ms/99.2%, 10ms/99.4%, 20ms/99.6%, 50ms/99.9%, 100ms/99.9%
[137.965s][info][gc,marking  ] GC(29) Y: Mark: 4 stripe(s), 2 proactive flush(es), 1 terminate flush(es), 0 completion(s), 0 continuation(s) 
[137.965s][info][gc,nmethod  ] GC(29) Y: NMethods: 6266 registered, 2738 unregistered
[137.965s][info][gc,metaspace] GC(29) Y: Metaspace: 152M used, 153M committed, 1216M reserved
[137.965s][info][gc,reloc    ] GC(29) Y:                        Candidates     Selected     In-Place         Size        Empty    Relocated 
[137.965s][info][gc,reloc    ] GC(29) Y: Small Pages:                   44           41            0          88M           4M           0M 
[137.965s][info][gc,reloc    ] GC(29) Y: Medium Pages:                   0            0            0           0M           0M           0M 
[137.965s][info][gc,reloc    ] GC(29) Y: Large Pages:                    0            0            0           0M           0M           0M 
[137.965s][info][gc,reloc    ] GC(29) Y: Forwarding Usage: 0M
[137.965s][info][gc,reloc    ] GC(29) Y: Age Table:
[137.965s][info][gc,reloc    ] GC(29) Y:                    Live             Garbage             Small              Medium             Large        
[137.965s][info][gc,reloc    ] GC(29) Y: Eden               0M (0%)           87M (2%)          44 / 41             0 / 0              0 / 0        
[137.965s][info][gc,heap     ] GC(29) Y: Min Capacity: 8M(0%)
[137.965s][info][gc,heap     ] GC(29) Y: Max Capacity: 4096M(100%)
[137.965s][info][gc,heap     ] GC(29) Y: Soft Max Capacity: 4096M(100%)
[137.965s][info][gc,heap     ] GC(29) Y: Heap Statistics:
[137.965s][info][gc,heap     ] GC(29) Y:                Mark Start          Mark End        Relocate Start      Relocate End           High               Low         
[137.965s][info][gc,heap     ] GC(29) Y:  Capacity:     3348M (82%)        3348M (82%)        3348M (82%)        3348M (82%)        3348M (82%)        3348M (82%)    
[137.965s][info][gc,heap     ] GC(29) Y:      Free:     3464M (85%)        3454M (84%)        3458M (84%)        3534M (86%)        3534M (86%)        3450M (84%)    
[137.965s][info][gc,heap     ] GC(29) Y:      Used:      632M (15%)         642M (16%)         638M (16%)         562M (14%)         646M (16%)         562M (14%)    
[137.965s][info][gc,heap     ] GC(29) Y: Young Generation Statistics:
[137.965s][info][gc,heap     ] GC(29) Y:                Mark Start          Mark End        Relocate Start      Relocate End    
[137.965s][info][gc,heap     ] GC(29) Y:      Used:       88M (2%)           98M (2%)           94M (2%)           10M (0%)     
[137.965s][info][gc,heap     ] GC(29) Y:      Live:         -                 0M (0%)            0M (0%)            0M (0%)     
[137.965s][info][gc,heap     ] GC(29) Y:   Garbage:         -                87M (2%)           83M (2%)            0M (0%)     
[137.965s][info][gc,heap     ] GC(29) Y: Allocated:         -                10M (0%)           10M (0%)           10M (0%)     
[137.965s][info][gc,heap     ] GC(29) Y: Reclaimed:         -                  -                 4M (0%)           87M (2%)     
[137.965s][info][gc,heap     ] GC(29) Y:  Promoted:         -                  -                 0M (0%)            0M (0%)     
[137.965s][info][gc,heap     ] GC(29) Y: Compacted:         -                  -                  -                 0M (0%)     
[137.965s][info][gc,phases   ] GC(29) Y: Young Generation (Promote All) 632M(15%)->562M(14%) 0.006s
[137.965s][info][gc,phases   ] GC(29) Y: Young Generation (Collect Roots)
[137.965s][info][gc,phases   ] GC(29) Y: Pause Mark Start (Major) 0.008ms
[137.965s][info][safepoint   ] Safepoint "ZMarkStartYoungAndOld", Time since last: 520100 ns, Reaching safepoint: 1800 ns, At safepoint: 31400 ns, Leaving safepoint: 2100 ns, Total: 35300 ns, Threads: 0 runnable, 54 total
[137.970s][info][gc,phases   ] GC(29) Y: Concurrent Mark 4.073ms
[137.970s][info][gc,phases   ] GC(29) Y: Pause Mark End 0.007ms
[137.970s][info][safepoint   ] Safepoint "ZMarkEndYoung", Time since last: 4113800 ns, Reaching safepoint: 1900 ns, At safepoint: 25500 ns, Leaving safepoint: 2500 ns, Total: 29900 ns, Threads: 0 runnable, 54 total
[137.970s][info][gc,phases   ] GC(29) Y: Concurrent Mark Free 0.001ms
[137.970s][info][gc,phases   ] GC(29) Y: Concurrent Reset Relocation Set 0.001ms
[137.970s][info][gc,reloc    ] GC(29) Y: Using tenuring threshold: 1 (Computed)
[137.970s][info][gc,phases   ] GC(29) Y: Concurrent Select Relocation Set 0.114ms
[137.970s][info][gc,phases   ] GC(29) Y: Pause Relocate Start 0.005ms
[137.970s][info][safepoint   ] Safepoint "ZRelocateStartYoung", Time since last: 181500 ns, Reaching safepoint: 1800 ns, At safepoint: 17500 ns, Leaving safepoint: 1900 ns, Total: 21200 ns, Threads: 0 runnable, 54 total
[137.970s][info][gc,phases   ] GC(29) Y: Concurrent Relocate 0.094ms
[137.970s][info][gc,alloc    ] GC(29) Y:                         Mark Start        Mark End      Relocate Start    Relocate End   
[137.970s][info][gc,alloc    ] GC(29) Y: Allocation Stalls:          0                0                0                0         
[137.970s][info][gc,load     ] GC(29) Y: Load: 0.00 (0%) / 0.00 (0%) / 0.00 (0%)
[137.970s][info][gc,mmu      ] GC(29) Y: MMU: 2ms/98.0%, 5ms/99.2%, 10ms/99.4%, 20ms/99.6%, 50ms/99.9%, 100ms/99.9%
[137.970s][info][gc,marking  ] GC(29) Y: Mark: 4 stripe(s), 1 proactive flush(es), 1 terminate flush(es), 0 completion(s), 0 continuation(s) 
[137.970s][info][gc,nmethod  ] GC(29) Y: NMethods: 6266 registered, 2738 unregistered
[137.970s][info][gc,metaspace] GC(29) Y: Metaspace: 152M used, 153M committed, 1216M reserved
[137.970s][info][gc,reloc    ] GC(29) Y:                        Candidates     Selected     In-Place         Size        Empty    Relocated 
[137.970s][info][gc,reloc    ] GC(29) Y: Small Pages:                    5            2            0          10M           4M           0M 
[137.970s][info][gc,reloc    ] GC(29) Y: Medium Pages:                   0            0            0           0M           0M           0M 
[137.970s][info][gc,reloc    ] GC(29) Y: Large Pages:                    0            0            0           0M           0M           0M 
[137.970s][info][gc,reloc    ] GC(29) Y: Forwarding Usage: 0M
[137.970s][info][gc,reloc    ] GC(29) Y: Age Table:
[137.970s][info][gc,reloc    ] GC(29) Y:                    Live             Garbage             Small              Medium             Large        
[137.970s][info][gc,reloc    ] GC(29) Y: Eden               0M (0%)            9M (0%)           5 / 2              0 / 0              0 / 0        
[137.970s][info][gc,heap     ] GC(29) Y: Min Capacity: 8M(0%)
[137.970s][info][gc,heap     ] GC(29) Y: Max Capacity: 4096M(100%)
[137.970s][info][gc,heap     ] GC(29) Y: Soft Max Capacity: 4096M(100%)
[137.970s][info][gc,heap     ] GC(29) Y: Heap Statistics:
[137.970s][info][gc,heap     ] GC(29) Y:                Mark Start          Mark End        Relocate Start      Relocate End           High               Low         
[137.970s][info][gc,heap     ] GC(29) Y:  Capacity:     3348M (82%)        3348M (82%)        3348M (82%)        3348M (82%)        3348M (82%)        3348M (82%)    
[137.970s][info][gc,heap     ] GC(29) Y:      Free:     3534M (86%)        3530M (86%)        3534M (86%)        3534M (86%)        3534M (86%)        3528M (86%)    
[137.970s][info][gc,heap     ] GC(29) Y:      Used:      562M (14%)         566M (14%)         562M (14%)         562M (14%)         568M (14%)         562M (14%)    
[137.970s][info][gc,heap     ] GC(29) Y: Young Generation Statistics:
[137.970s][info][gc,heap     ] GC(29) Y:                Mark Start          Mark End        Relocate Start      Relocate End    
[137.970s][info][gc,heap     ] GC(29) Y:      Used:       10M (0%)           14M (0%)           10M (0%)           10M (0%)     
[137.970s][info][gc,heap     ] GC(29) Y:      Live:         -                 0M (0%)            0M (0%)            0M (0%)     
[137.970s][info][gc,heap     ] GC(29) Y:   Garbage:         -                 9M (0%)            5M (0%)            0M (0%)     
[137.970s][info][gc,heap     ] GC(29) Y: Allocated:         -                 4M (0%)            4M (0%)            9M (0%)     
[137.970s][info][gc,heap     ] GC(29) Y: Reclaimed:         -                  -                 4M (0%)            9M (0%)     
[137.970s][info][gc,heap     ] GC(29) Y:  Promoted:         -                  -                 0M (0%)            0M (0%)     
[137.970s][info][gc,heap     ] GC(29) Y: Compacted:         -                  -                  -                 0M (0%)     
[137.970s][info][gc,phases   ] GC(29) Y: Young Generation (Collect Roots) 562M(14%)->562M(14%) 0.005s
[137.970s][info][gc,phases   ] GC(29) O: Old Generation
[138.114s][info][gc,phases   ] GC(29) O: Concurrent Mark 143.299ms
[138.114s][info][gc,phases   ] GC(29) O: Pause Mark End 0.015ms
[138.114s][info][safepoint   ] Safepoint "ZMarkEndOld", Time since last: 143829500 ns, Reaching safepoint: 2900 ns, At safepoint: 37600 ns, Leaving safepoint: 2100 ns, Total: 42600 ns, Threads: 0 runnable, 54 total
[138.114s][info][gc,phases   ] GC(29) O: Concurrent Mark Free 0.002ms
[138.117s][info][gc,phases   ] GC(29) O: Concurrent Process Non-Strong 3.023ms
[138.117s][info][gc,phases   ] GC(29) O: Concurrent Reset Relocation Set 0.001ms
[138.117s][info][gc,phases   ] GC(29) O: Concurrent Select Relocation Set 0.079ms
[138.117s][info][gc,task     ] GC(29) O: Using 4 Workers for Old Generation
[138.120s][info][gc,task     ] GC(29) O: Using 4 Workers for Old Generation
[138.120s][info][gc,phases   ] GC(29) O: Concurrent Remap Roots 3.246ms
[138.120s][info][gc,phases   ] GC(29) O: Pause Relocate Start 0.008ms
[138.120s][info][safepoint   ] Safepoint "ZRelocateStartOld", Time since last: 6457100 ns, Reaching safepoint: 2700 ns, At safepoint: 27400 ns, Leaving safepoint: 2000 ns, Total: 32100 ns, Threads: 0 runnable, 54 total
[138.121s][info][gc,phases   ] GC(29) O: Concurrent Relocate 1.011ms
[138.121s][info][gc,alloc    ] GC(29) O:                         Mark Start        Mark End      Relocate Start    Relocate End   
[138.121s][info][gc,alloc    ] GC(29) O: Allocation Stalls:          0                0                0                0         
[138.121s][info][gc,load     ] GC(29) O: Load: 0.00 (0%) / 0.00 (0%) / 0.00 (0%)
[138.121s][info][gc,mmu      ] GC(29) O: MMU: 2ms/98.0%, 5ms/99.2%, 10ms/99.4%, 20ms/99.6%, 50ms/99.9%, 100ms/99.9%
[138.121s][info][gc,marking  ] GC(29) O: Mark: 4 stripe(s), 2 proactive flush(es), 1 terminate flush(es), 0 completion(s), 0 continuation(s) 
[138.121s][info][gc,nmethod  ] GC(29) O: NMethods: 6264 registered, 2745 unregistered
[138.121s][info][gc,metaspace] GC(29) O: Metaspace: 152M used, 153M committed, 1216M reserved
[138.121s][info][gc,ref      ] GC(29) O:                       Encountered   Discovered     Enqueued 
[138.121s][info][gc,ref      ] GC(29) O: Soft References:             5379            0            0 
[138.121s][info][gc,ref      ] GC(29) O: Weak References:            36576        19055            0 
[138.121s][info][gc,ref      ] GC(29) O: Final References:              55            0            0 
[138.121s][info][gc,ref      ] GC(29) O: Phantom References:          1211          336            5 
[138.121s][info][gc,reloc    ] GC(29) O:                        Candidates     Selected     In-Place         Size        Empty    Relocated 
[138.121s][info][gc,reloc    ] GC(29) O: Small Pages:                  238            7            0         476M           0M           2M 
[138.121s][info][gc,reloc    ] GC(29) O: Medium Pages:                   2            0            0          64M           0M           0M 
[138.121s][info][gc,reloc    ] GC(29) O: Large Pages:                    1            0            0          12M           0M           0M 
[138.121s][info][gc,reloc    ] GC(29) O: Forwarding Usage: 1M
[138.121s][info][gc,heap     ] GC(29) O: Min Capacity: 8M(0%)
[138.121s][info][gc,heap     ] GC(29) O: Max Capacity: 4096M(100%)
[138.121s][info][gc,heap     ] GC(29) O: Soft Max Capacity: 4096M(100%)
[138.121s][info][gc,heap     ] GC(29) O: Heap Statistics:
[138.121s][info][gc,heap     ] GC(29) O:                Mark Start          Mark End        Relocate Start      Relocate End           High               Low         
[138.121s][info][gc,heap     ] GC(29) O:  Capacity:     3348M (82%)        3348M (82%)        3348M (82%)        3348M (82%)        3348M (82%)        3348M (82%)    
[138.121s][info][gc,heap     ] GC(29) O:      Free:     3534M (86%)        3524M (86%)        3524M (86%)        3532M (86%)        3534M (86%)        3514M (86%)    
[138.121s][info][gc,heap     ] GC(29) O:      Used:      562M (14%)         572M (14%)         572M (14%)         564M (14%)         582M (14%)         562M (14%)    
[138.121s][info][gc,heap     ] GC(29) O: Old Generation Statistics:
[138.121s][info][gc,heap     ] GC(29) O:                Mark Start          Mark End        Relocate Start      Relocate End    
[138.121s][info][gc,heap     ] GC(29) O:      Used:      552M (13%)         552M (13%)         552M (13%)         544M (13%)    
[138.121s][info][gc,heap     ] GC(29) O:      Live:         -               486M (12%)         486M (12%)         486M (12%)    
[138.121s][info][gc,heap     ] GC(29) O:   Garbage:         -                65M (2%)           65M (2%)           50M (1%)     
[138.121s][info][gc,heap     ] GC(29) O: Allocated:         -                 0M (0%)            0M (0%)            6M (0%)     
[138.121s][info][gc,heap     ] GC(29) O: Reclaimed:         -                  -                 0M (0%)           14M (0%)     
[138.121s][info][gc,heap     ] GC(29) O: Compacted:         -                  -                  -                 3M (0%)     
[138.121s][info][gc,phases   ] GC(29) O: Old Generation 562M(14%)->564M(14%) 0.151s
[138.121s][info][gc          ] GC(29) Major Collection (System.gc()) 632M(15%)->564M(14%) 0.162s
[143.122s][info][gc          ] GC(30) Major Collection (System.gc())
[143.123s][info][gc,task     ] GC(30) Using 4 Workers for Young Generation
[143.123s][info][gc,task     ] GC(30) Using 4 Workers for Old Generation
[143.123s][info][gc,phases   ] GC(30) Y: Young Generation (Promote All)
[143.123s][info][gc,phases   ] GC(30) Y: Pause Mark Start 0.012ms
[143.123s][info][safepoint   ] Safepoint "ZMarkStartYoung", Time since last: 5002436400 ns, Reaching safepoint: 75800 ns, At safepoint: 34800 ns, Leaving safepoint: 3900 ns, Total: 114500 ns, Threads: 1 runnable, 54 total
[143.128s][info][gc,phases   ] GC(30) Y: Concurrent Mark 4.981ms
[143.128s][info][gc,phases   ] GC(30) Y: Pause Mark End 0.008ms
[143.128s][info][safepoint   ] Safepoint "ZMarkEndYoung", Time since last: 5020700 ns, Reaching safepoint: 1800 ns, At safepoint: 27300 ns, Leaving safepoint: 1900 ns, Total: 31000 ns, Threads: 0 runnable, 54 total
[143.128s][info][gc,phases   ] GC(30) Y: Concurrent Mark Free 0.001ms
[143.128s][info][gc,phases   ] GC(30) Y: Concurrent Reset Relocation Set 0.000ms
[143.128s][info][gc,reloc    ] GC(30) Y: Using tenuring threshold: 0 (Promote All)
[143.128s][info][gc,phases   ] GC(30) Y: Concurrent Select Relocation Set 0.127ms
[143.128s][info][gc,phases   ] GC(30) Y: Pause Relocate Start 0.005ms
[143.128s][info][safepoint   ] Safepoint "ZRelocateStartYoung", Time since last: 190900 ns, Reaching safepoint: 1700 ns, At safepoint: 13200 ns, Leaving safepoint: 1700 ns, Total: 16600 ns, Threads: 0 runnable, 54 total
[143.128s][info][gc,phases   ] GC(30) Y: Concurrent Relocate 0.244ms
[143.128s][info][gc,alloc    ] GC(30) Y:                         Mark Start        Mark End      Relocate Start    Relocate End   
[143.128s][info][gc,alloc    ] GC(30) Y: Allocation Stalls:          0                0                0                0         
[143.128s][info][gc,load     ] GC(30) Y: Load: 0.00 (0%) / 0.00 (0%) / 0.00 (0%)
[143.128s][info][gc,mmu      ] GC(30) Y: MMU: 2ms/98.0%, 5ms/99.2%, 10ms/99.4%, 20ms/99.6%, 50ms/99.9%, 100ms/99.9%
[143.128s][info][gc,marking  ] GC(30) Y: Mark: 4 stripe(s), 1 proactive flush(es), 1 terminate flush(es), 0 completion(s), 0 continuation(s) 
[143.128s][info][gc,nmethod  ] GC(30) Y: NMethods: 6292 registered, 2745 unregistered
[143.128s][info][gc,metaspace] GC(30) Y: Metaspace: 152M used, 153M committed, 1216M reserved
[143.128s][info][gc,reloc    ] GC(30) Y:                        Candidates     Selected     In-Place         Size        Empty    Relocated 
[143.128s][info][gc,reloc    ] GC(30) Y: Small Pages:                   46           39            0          92M          12M           0M 
[143.128s][info][gc,reloc    ] GC(30) Y: Medium Pages:                   0            0            0           0M           0M           0M 
[143.128s][info][gc,reloc    ] GC(30) Y: Large Pages:                    0            0            0           0M           0M           0M 
[143.128s][info][gc,reloc    ] GC(30) Y: Forwarding Usage: 0M
[143.128s][info][gc,reloc    ] GC(30) Y: Age Table:
[143.128s][info][gc,reloc    ] GC(30) Y:                    Live             Garbage             Small              Medium             Large        
[143.128s][info][gc,reloc    ] GC(30) Y: Eden               0M (0%)           85M (2%)          43 / 39             0 / 0              0 / 0        
[143.128s][info][gc,reloc    ] GC(30) Y: Survivor 1          -                 6M (0%)           3 / 0              0 / 0              0 / 0        
[143.128s][info][gc,heap     ] GC(30) Y: Min Capacity: 8M(0%)
[143.128s][info][gc,heap     ] GC(30) Y: Max Capacity: 4096M(100%)
[143.128s][info][gc,heap     ] GC(30) Y: Soft Max Capacity: 4096M(100%)
[143.128s][info][gc,heap     ] GC(30) Y: Heap Statistics:
[143.128s][info][gc,heap     ] GC(30) Y:                Mark Start          Mark End        Relocate Start      Relocate End           High               Low         
[143.128s][info][gc,heap     ] GC(30) Y:  Capacity:     3348M (82%)        3348M (82%)        3348M (82%)        3348M (82%)        3348M (82%)        3348M (82%)    
[143.128s][info][gc,heap     ] GC(30) Y:      Free:     3460M (84%)        3456M (84%)        3468M (85%)        3540M (86%)        3540M (86%)        3456M (84%)    
[143.128s][info][gc,heap     ] GC(30) Y:      Used:      636M (16%)         640M (16%)         628M (15%)         556M (14%)         640M (16%)         556M (14%)    
[143.128s][info][gc,heap     ] GC(30) Y: Young Generation Statistics:
[143.128s][info][gc,heap     ] GC(30) Y:                Mark Start          Mark End        Relocate Start      Relocate End    
[143.128s][info][gc,heap     ] GC(30) Y:      Used:       92M (2%)           96M (2%)           84M (2%)            4M (0%)     
[143.128s][info][gc,heap     ] GC(30) Y:      Live:         -                 0M (0%)            0M (0%)            0M (0%)     
[143.128s][info][gc,heap     ] GC(30) Y:   Garbage:         -                91M (2%)           79M (2%)            0M (0%)     
[143.128s][info][gc,heap     ] GC(30) Y: Allocated:         -                 4M (0%)            4M (0%)            4M (0%)     
[143.128s][info][gc,heap     ] GC(30) Y: Reclaimed:         -                  -                12M (0%)           91M (2%)     
[143.128s][info][gc,heap     ] GC(30) Y:  Promoted:         -                  -                 0M (0%)            0M (0%)     
[143.128s][info][gc,heap     ] GC(30) Y: Compacted:         -                  -                  -                 0M (0%)     
[143.128s][info][gc,phases   ] GC(30) Y: Young Generation (Promote All) 636M(16%)->556M(14%) 0.006s
[143.128s][info][gc,phases   ] GC(30) Y: Young Generation (Collect Roots)
[143.128s][info][gc,phases   ] GC(30) Y: Pause Mark Start (Major) 0.008ms
[143.129s][info][safepoint   ] Safepoint "ZMarkStartYoungAndOld", Time since last: 527700 ns, Reaching safepoint: 1800 ns, At safepoint: 26600 ns, Leaving safepoint: 2300 ns, Total: 30700 ns, Threads: 0 runnable, 54 total
[143.132s][info][gc,phases   ] GC(30) Y: Concurrent Mark 3.758ms
[143.132s][info][gc,phases   ] GC(30) Y: Pause Mark End 0.007ms
[143.132s][info][safepoint   ] Safepoint "ZMarkEndYoung", Time since last: 3797300 ns, Reaching safepoint: 1500 ns, At safepoint: 26400 ns, Leaving safepoint: 1900 ns, Total: 29800 ns, Threads: 0 runnable, 54 total
[143.132s][info][gc,phases   ] GC(30) Y: Concurrent Mark Free 0.000ms
[143.132s][info][gc,phases   ] GC(30) Y: Concurrent Reset Relocation Set 0.001ms
[143.132s][info][gc,reloc    ] GC(30) Y: Using tenuring threshold: 0 (Computed)
[143.132s][info][gc,phases   ] GC(30) Y: Concurrent Select Relocation Set 0.112ms
[143.133s][info][gc,phases   ] GC(30) Y: Pause Relocate Start 0.005ms
[143.133s][info][safepoint   ] Safepoint "ZRelocateStartYoung", Time since last: 177200 ns, Reaching safepoint: 1400 ns, At safepoint: 19000 ns, Leaving safepoint: 1900 ns, Total: 22300 ns, Threads: 0 runnable, 54 total
[143.133s][info][gc,phases   ] GC(30) Y: Concurrent Relocate 0.045ms
[143.133s][info][gc,alloc    ] GC(30) Y:                         Mark Start        Mark End      Relocate Start    Relocate End   
[143.133s][info][gc,alloc    ] GC(30) Y: Allocation Stalls:          0                0                0                0         
[143.133s][info][gc,load     ] GC(30) Y: Load: 0.00 (0%) / 0.00 (0%) / 0.00 (0%)
[143.133s][info][gc,mmu      ] GC(30) Y: MMU: 2ms/98.0%, 5ms/99.2%, 10ms/99.4%, 20ms/99.6%, 50ms/99.9%, 100ms/99.9%
[143.133s][info][gc,marking  ] GC(30) Y: Mark: 4 stripe(s), 1 proactive flush(es), 1 terminate flush(es), 0 completion(s), 0 continuation(s) 
[143.133s][info][gc,nmethod  ] GC(30) Y: NMethods: 6292 registered, 2745 unregistered
[143.133s][info][gc,metaspace] GC(30) Y: Metaspace: 152M used, 153M committed, 1216M reserved
[143.133s][info][gc,reloc    ] GC(30) Y:                        Candidates     Selected     In-Place         Size        Empty    Relocated 
[143.133s][info][gc,reloc    ] GC(30) Y: Small Pages:                    2            0            0           4M           4M           0M 
[143.133s][info][gc,reloc    ] GC(30) Y: Medium Pages:                   0            0            0           0M           0M           0M 
[143.133s][info][gc,reloc    ] GC(30) Y: Large Pages:                    0            0            0           0M           0M           0M 
[143.133s][info][gc,reloc    ] GC(30) Y: Forwarding Usage: 0M
[143.133s][info][gc,reloc    ] GC(30) Y: Age Table:
[143.133s][info][gc,reloc    ] GC(30) Y:                    Live             Garbage             Small              Medium             Large        
[143.133s][info][gc,reloc    ] GC(30) Y: Eden                -                 4M (0%)           2 / 0              0 / 0              0 / 0        
[143.133s][info][gc,heap     ] GC(30) Y: Min Capacity: 8M(0%)
[143.133s][info][gc,heap     ] GC(30) Y: Max Capacity: 4096M(100%)
[143.133s][info][gc,heap     ] GC(30) Y: Soft Max Capacity: 4096M(100%)
[143.133s][info][gc,heap     ] GC(30) Y: Heap Statistics:
[143.133s][info][gc,heap     ] GC(30) Y:                Mark Start          Mark End        Relocate Start      Relocate End           High               Low         
[143.133s][info][gc,heap     ] GC(30) Y:  Capacity:     3348M (82%)        3348M (82%)        3348M (82%)        3348M (82%)        3348M (82%)        3348M (82%)    
[143.133s][info][gc,heap     ] GC(30) Y:      Free:     3540M (86%)        3534M (86%)        3538M (86%)        3538M (86%)        3540M (86%)        3534M (86%)    
[143.133s][info][gc,heap     ] GC(30) Y:      Used:      556M (14%)         562M (14%)         558M (14%)         558M (14%)         562M (14%)         556M (14%)    
[143.133s][info][gc,heap     ] GC(30) Y: Young Generation Statistics:
[143.133s][info][gc,heap     ] GC(30) Y:                Mark Start          Mark End        Relocate Start      Relocate End    
[143.133s][info][gc,heap     ] GC(30) Y:      Used:        4M (0%)           10M (0%)            6M (0%)            6M (0%)     
[143.133s][info][gc,heap     ] GC(30) Y:      Live:         -                 0M (0%)            0M (0%)            0M (0%)     
[143.133s][info][gc,heap     ] GC(30) Y:   Garbage:         -                 4M (0%)            0M (0%)            0M (0%)     
[143.133s][info][gc,heap     ] GC(30) Y: Allocated:         -                 6M (0%)            6M (0%)            6M (0%)     
[143.133s][info][gc,heap     ] GC(30) Y: Reclaimed:         -                  -                 4M (0%)            4M (0%)     
[143.133s][info][gc,heap     ] GC(30) Y:  Promoted:         -                  -                 0M (0%)            0M (0%)     
[143.133s][info][gc,heap     ] GC(30) Y: Compacted:         -                  -                  -                 0M (0%)     
[143.133s][info][gc,phases   ] GC(30) Y: Young Generation (Collect Roots) 556M(14%)->558M(14%) 0.004s
[143.133s][info][gc,phases   ] GC(30) O: Old Generation
[143.299s][info][gc,phases   ] GC(30) O: Concurrent Mark 166.520ms
[143.299s][info][gc,phases   ] GC(30) O: Pause Mark End 0.014ms
[143.300s][info][safepoint   ] Safepoint "ZMarkEndOld", Time since last: 166947100 ns, Reaching safepoint: 3400 ns, At safepoint: 36900 ns, Leaving safepoint: 2200 ns, Total: 42500 ns, Threads: 0 runnable, 54 total
[143.300s][info][gc,phases   ] GC(30) O: Concurrent Mark Free 0.002ms
[143.302s][info][gc,phases   ] GC(30) O: Concurrent Process Non-Strong 2.772ms
[143.302s][info][gc,phases   ] GC(30) O: Concurrent Reset Relocation Set 0.001ms
[143.303s][info][gc,phases   ] GC(30) O: Concurrent Select Relocation Set 0.254ms
[143.303s][info][gc,task     ] GC(30) O: Using 4 Workers for Old Generation
[143.304s][info][gc,task     ] GC(30) O: Using 4 Workers for Old Generation
[143.304s][info][gc,phases   ] GC(30) O: Concurrent Remap Roots 0.924ms
[143.304s][info][gc,phases   ] GC(30) O: Pause Relocate Start 0.009ms
[143.304s][info][safepoint   ] Safepoint "ZRelocateStartOld", Time since last: 4049100 ns, Reaching safepoint: 2600 ns, At safepoint: 29600 ns, Leaving safepoint: 2300 ns, Total: 34500 ns, Threads: 0 runnable, 54 total
[143.305s][info][gc,phases   ] GC(30) O: Concurrent Relocate 0.963ms
[143.305s][info][gc,alloc    ] GC(30) O:                         Mark Start        Mark End      Relocate Start    Relocate End   
[143.305s][info][gc,alloc    ] GC(30) O: Allocation Stalls:          0                0                0                0         
[143.305s][info][gc,load     ] GC(30) O: Load: 0.00 (0%) / 0.00 (0%) / 0.00 (0%)
[143.305s][info][gc,mmu      ] GC(30) O: MMU: 2ms/98.0%, 5ms/99.2%, 10ms/99.4%, 20ms/99.6%, 50ms/99.9%, 100ms/99.9%
[143.305s][info][gc,marking  ] GC(30) O: Mark: 4 stripe(s), 10 proactive flush(es), 1 terminate flush(es), 0 completion(s), 0 continuation(s) 
[143.305s][info][gc,nmethod  ] GC(30) O: NMethods: 6286 registered, 2752 unregistered
[143.305s][info][gc,metaspace] GC(30) O: Metaspace: 152M used, 153M committed, 1216M reserved
[143.305s][info][gc,ref      ] GC(30) O:                       Encountered   Discovered     Enqueued 
[143.305s][info][gc,ref      ] GC(30) O: Soft References:             5379            0            0 
[143.305s][info][gc,ref      ] GC(30) O: Weak References:            36574         6046            0 
[143.305s][info][gc,ref      ] GC(30) O: Final References:              55            8            0 
[143.305s][info][gc,ref      ] GC(30) O: Phantom References:          1212          883            6 
[143.305s][info][gc,reloc    ] GC(30) O:                        Candidates     Selected     In-Place         Size        Empty    Relocated 
[143.305s][info][gc,reloc    ] GC(30) O: Small Pages:                  238            7            0         476M           0M           2M 
[143.305s][info][gc,reloc    ] GC(30) O: Medium Pages:                   2            0            0          64M           0M           0M 
[143.305s][info][gc,reloc    ] GC(30) O: Large Pages:                    1            0            0          12M           0M           0M 
[143.305s][info][gc,reloc    ] GC(30) O: Forwarding Usage: 1M
[143.305s][info][gc,heap     ] GC(30) O: Min Capacity: 8M(0%)
[143.305s][info][gc,heap     ] GC(30) O: Max Capacity: 4096M(100%)
[143.305s][info][gc,heap     ] GC(30) O: Soft Max Capacity: 4096M(100%)
[143.305s][info][gc,heap     ] GC(30) O: Heap Statistics:
[143.305s][info][gc,heap     ] GC(30) O:                Mark Start          Mark End        Relocate Start      Relocate End           High               Low         
[143.305s][info][gc,heap     ] GC(30) O:  Capacity:     3348M (82%)        3348M (82%)        3348M (82%)        3348M (82%)        3348M (82%)        3348M (82%)    
[143.305s][info][gc,heap     ] GC(30) O:      Free:     3540M (86%)        3530M (86%)        3530M (86%)        3538M (86%)        3540M (86%)        3518M (86%)    
[143.305s][info][gc,heap     ] GC(30) O:      Used:      556M (14%)         566M (14%)         566M (14%)         558M (14%)         578M (14%)         556M (14%)    
[143.305s][info][gc,heap     ] GC(30) O: Old Generation Statistics:
[143.305s][info][gc,heap     ] GC(30) O:                Mark Start          Mark End        Relocate Start      Relocate End    
[143.305s][info][gc,heap     ] GC(30) O:      Used:      552M (13%)         552M (13%)         552M (13%)         542M (13%)    
[143.305s][info][gc,heap     ] GC(30) O:      Live:         -               486M (12%)         486M (12%)         486M (12%)    
[143.305s][info][gc,heap     ] GC(30) O:   Garbage:         -                65M (2%)           65M (2%)           50M (1%)     
[143.305s][info][gc,heap     ] GC(30) O: Allocated:         -                 0M (0%)            0M (0%)            4M (0%)     
[143.305s][info][gc,heap     ] GC(30) O: Reclaimed:         -                  -                 0M (0%)           14M (0%)     
[143.305s][info][gc,heap     ] GC(30) O: Compacted:         -                  -                  -                 5M (0%)     
[143.305s][info][gc,phases   ] GC(30) O: Old Generation 558M(14%)->558M(14%) 0.172s
[143.305s][info][gc          ] GC(30) Major Collection (System.gc()) 636M(16%)->558M(14%) 0.182s
[148.306s][info][gc          ] GC(31) Major Collection (System.gc())
[148.306s][info][gc,task     ] GC(31) Using 4 Workers for Young Generation
[148.306s][info][gc,task     ] GC(31) Using 4 Workers for Old Generation
[148.306s][info][gc,phases   ] GC(31) Y: Young Generation (Promote All)
[148.306s][info][gc,phases   ] GC(31) Y: Pause Mark Start 0.012ms
[148.306s][info][safepoint   ] Safepoint "ZMarkStartYoung", Time since last: 5002671100 ns, Reaching safepoint: 5200 ns, At safepoint: 36700 ns, Leaving safepoint: 5700 ns, Total: 47600 ns, Threads: 0 runnable, 56 total
[148.311s][info][gc,phases   ] GC(31) Y: Concurrent Mark 4.357ms
[148.311s][info][gc,phases   ] GC(31) Y: Pause Mark End 0.010ms
[148.311s][info][safepoint   ] Safepoint "ZMarkEndYoung", Time since last: 4401800 ns, Reaching safepoint: 2900 ns, At safepoint: 31300 ns, Leaving safepoint: 2600 ns, Total: 36800 ns, Threads: 0 runnable, 56 total
[148.311s][info][gc,phases   ] GC(31) Y: Concurrent Mark Free 0.001ms
[148.311s][info][gc,phases   ] GC(31) Y: Concurrent Reset Relocation Set 0.000ms
[148.311s][info][gc,reloc    ] GC(31) Y: Using tenuring threshold: 0 (Promote All)
[148.311s][info][gc,phases   ] GC(31) Y: Concurrent Select Relocation Set 0.146ms
[148.311s][info][gc,phases   ] GC(31) Y: Pause Relocate Start 0.007ms
[148.311s][info][safepoint   ] Safepoint "ZRelocateStartYoung", Time since last: 205800 ns, Reaching safepoint: 2600 ns, At safepoint: 30400 ns, Leaving safepoint: 4200 ns, Total: 37200 ns, Threads: 1 runnable, 56 total
[148.311s][info][gc,phases   ] GC(31) Y: Concurrent Relocate 0.362ms
[148.311s][info][gc,alloc    ] GC(31) Y:                         Mark Start        Mark End      Relocate Start    Relocate End   
[148.311s][info][gc,alloc    ] GC(31) Y: Allocation Stalls:          0                0                0                0         
[148.311s][info][gc,load     ] GC(31) Y: Load: 0.00 (0%) / 0.00 (0%) / 0.00 (0%)
[148.311s][info][gc,mmu      ] GC(31) Y: MMU: 2ms/98.0%, 5ms/99.2%, 10ms/99.4%, 20ms/99.6%, 50ms/99.9%, 100ms/99.9%
[148.311s][info][gc,marking  ] GC(31) Y: Mark: 4 stripe(s), 1 proactive flush(es), 1 terminate flush(es), 0 completion(s), 0 continuation(s) 
[148.311s][info][gc,nmethod  ] GC(31) Y: NMethods: 6325 registered, 2752 unregistered
[148.311s][info][gc,metaspace] GC(31) Y: Metaspace: 152M used, 153M committed, 1216M reserved
[148.311s][info][gc,reloc    ] GC(31) Y:                        Candidates     Selected     In-Place         Size        Empty    Relocated 
[148.311s][info][gc,reloc    ] GC(31) Y: Small Pages:                   44           36            0          88M          14M           0M 
[148.311s][info][gc,reloc    ] GC(31) Y: Medium Pages:                   0            0            0           0M           0M           0M 
[148.312s][info][gc,reloc    ] GC(31) Y: Large Pages:                    0            0            0           0M           0M           0M 
[148.312s][info][gc,reloc    ] GC(31) Y: Forwarding Usage: 0M
[148.312s][info][gc,reloc    ] GC(31) Y: Age Table:
[148.312s][info][gc,reloc    ] GC(31) Y:                    Live             Garbage             Small              Medium             Large        
[148.312s][info][gc,reloc    ] GC(31) Y: Eden               0M (0%)           87M (2%)          44 / 36             0 / 0              0 / 0        
[148.312s][info][gc,heap     ] GC(31) Y: Min Capacity: 8M(0%)
[148.312s][info][gc,heap     ] GC(31) Y: Max Capacity: 4096M(100%)
[148.312s][info][gc,heap     ] GC(31) Y: Soft Max Capacity: 4096M(100%)
[148.312s][info][gc,heap     ] GC(31) Y: Heap Statistics:
[148.312s][info][gc,heap     ] GC(31) Y:                Mark Start          Mark End        Relocate Start      Relocate End           High               Low         
[148.312s][info][gc,heap     ] GC(31) Y:  Capacity:     3348M (82%)        3348M (82%)        3348M (82%)        3348M (82%)        3348M (82%)        3348M (82%)    
[148.312s][info][gc,heap     ] GC(31) Y:      Free:     3466M (85%)        3464M (85%)        3478M (85%)        3544M (87%)        3544M (87%)        3464M (85%)    
[148.312s][info][gc,heap     ] GC(31) Y:      Used:      630M (15%)         632M (15%)         618M (15%)         552M (13%)         632M (15%)         552M (13%)    
[148.312s][info][gc,heap     ] GC(31) Y: Young Generation Statistics:
[148.312s][info][gc,heap     ] GC(31) Y:                Mark Start          Mark End        Relocate Start      Relocate End    
[148.312s][info][gc,heap     ] GC(31) Y:      Used:       88M (2%)           90M (2%)           76M (2%)            2M (0%)     
[148.312s][info][gc,heap     ] GC(31) Y:      Live:         -                 0M (0%)            0M (0%)            0M (0%)     
[148.312s][info][gc,heap     ] GC(31) Y:   Garbage:         -                87M (2%)           73M (2%)            0M (0%)     
[148.312s][info][gc,heap     ] GC(31) Y: Allocated:         -                 2M (0%)            2M (0%)            2M (0%)     
[148.312s][info][gc,heap     ] GC(31) Y: Reclaimed:         -                  -                14M (0%)           87M (2%)     
[148.312s][info][gc,heap     ] GC(31) Y:  Promoted:         -                  -                 0M (0%)            0M (0%)     
[148.312s][info][gc,heap     ] GC(31) Y: Compacted:         -                  -                  -                 0M (0%)     
[148.312s][info][gc,phases   ] GC(31) Y: Young Generation (Promote All) 630M(15%)->552M(13%) 0.005s
[148.312s][info][gc,phases   ] GC(31) Y: Young Generation (Collect Roots)
[148.312s][info][gc,phases   ] GC(31) Y: Pause Mark Start (Major) 0.009ms
[148.312s][info][safepoint   ] Safepoint "ZMarkStartYoungAndOld", Time since last: 678700 ns, Reaching safepoint: 2200 ns, At safepoint: 28800 ns, Leaving safepoint: 2300 ns, Total: 33300 ns, Threads: 0 runnable, 56 total
[148.315s][info][gc,phases   ] GC(31) Y: Concurrent Mark 3.766ms
[148.316s][info][gc,phases   ] GC(31) Y: Pause Mark End 0.007ms
[148.316s][info][safepoint   ] Safepoint "ZMarkEndYoung", Time since last: 3805900 ns, Reaching safepoint: 1800 ns, At safepoint: 16500 ns, Leaving safepoint: 1900 ns, Total: 20200 ns, Threads: 0 runnable, 56 total
[148.316s][info][gc,phases   ] GC(31) Y: Concurrent Mark Free 0.000ms
[148.316s][info][gc,phases   ] GC(31) Y: Concurrent Reset Relocation Set 0.001ms
[148.316s][info][gc,reloc    ] GC(31) Y: Using tenuring threshold: 0 (Computed)
[148.316s][info][gc,phases   ] GC(31) Y: Concurrent Select Relocation Set 0.115ms
[148.316s][info][gc,phases   ] GC(31) Y: Pause Relocate Start 0.006ms
[148.316s][info][safepoint   ] Safepoint "ZRelocateStartYoung", Time since last: 172600 ns, Reaching safepoint: 1800 ns, At safepoint: 24700 ns, Leaving safepoint: 2000 ns, Total: 28500 ns, Threads: 0 runnable, 56 total
[148.316s][info][gc,phases   ] GC(31) Y: Concurrent Relocate 0.038ms
[148.316s][info][gc,alloc    ] GC(31) Y:                         Mark Start        Mark End      Relocate Start    Relocate End   
[148.316s][info][gc,alloc    ] GC(31) Y: Allocation Stalls:          0                0                0                0         
[148.316s][info][gc,load     ] GC(31) Y: Load: 0.00 (0%) / 0.00 (0%) / 0.00 (0%)
[148.316s][info][gc,mmu      ] GC(31) Y: MMU: 2ms/98.0%, 5ms/99.2%, 10ms/99.4%, 20ms/99.6%, 50ms/99.9%, 100ms/99.9%
[148.316s][info][gc,marking  ] GC(31) Y: Mark: 4 stripe(s), 1 proactive flush(es), 1 terminate flush(es), 0 completion(s), 0 continuation(s) 
[148.316s][info][gc,nmethod  ] GC(31) Y: NMethods: 6325 registered, 2752 unregistered
[148.316s][info][gc,metaspace] GC(31) Y: Metaspace: 152M used, 153M committed, 1216M reserved
[148.316s][info][gc,reloc    ] GC(31) Y:                        Candidates     Selected     In-Place         Size        Empty    Relocated 
[148.316s][info][gc,reloc    ] GC(31) Y: Small Pages:                    1            0            0           2M           2M           0M 
[148.316s][info][gc,reloc    ] GC(31) Y: Medium Pages:                   0            0            0           0M           0M           0M 
[148.316s][info][gc,reloc    ] GC(31) Y: Large Pages:                    0            0            0           0M           0M           0M 
[148.316s][info][gc,reloc    ] GC(31) Y: Forwarding Usage: 0M
[148.316s][info][gc,reloc    ] GC(31) Y: Age Table:
[148.316s][info][gc,reloc    ] GC(31) Y:                    Live             Garbage             Small              Medium             Large        
[148.316s][info][gc,reloc    ] GC(31) Y: Eden                -                 2M (0%)           1 / 0              0 / 0              0 / 0        
[148.316s][info][gc,heap     ] GC(31) Y: Min Capacity: 8M(0%)
[148.316s][info][gc,heap     ] GC(31) Y: Max Capacity: 4096M(100%)
[148.316s][info][gc,heap     ] GC(31) Y: Soft Max Capacity: 4096M(100%)
[148.316s][info][gc,heap     ] GC(31) Y: Heap Statistics:
[148.316s][info][gc,heap     ] GC(31) Y:                Mark Start          Mark End        Relocate Start      Relocate End           High               Low         
[148.316s][info][gc,heap     ] GC(31) Y:  Capacity:     3348M (82%)        3348M (82%)        3348M (82%)        3348M (82%)        3348M (82%)        3348M (82%)    
[148.316s][info][gc,heap     ] GC(31) Y:      Free:     3544M (87%)        3542M (86%)        3544M (87%)        3544M (87%)        3544M (87%)        3542M (86%)    
[148.316s][info][gc,heap     ] GC(31) Y:      Used:      552M (13%)         554M (14%)         552M (13%)         552M (13%)         554M (14%)         552M (13%)    
[148.316s][info][gc,heap     ] GC(31) Y: Young Generation Statistics:
[148.316s][info][gc,heap     ] GC(31) Y:                Mark Start          Mark End        Relocate Start      Relocate End    
[148.316s][info][gc,heap     ] GC(31) Y:      Used:        2M (0%)            4M (0%)            2M (0%)            2M (0%)     
[148.316s][info][gc,heap     ] GC(31) Y:      Live:         -                 0M (0%)            0M (0%)            0M (0%)     
[148.316s][info][gc,heap     ] GC(31) Y:   Garbage:         -                 2M (0%)            0M (0%)            0M (0%)     
[148.316s][info][gc,heap     ] GC(31) Y: Allocated:         -                 2M (0%)            2M (0%)            2M (0%)     
[148.316s][info][gc,heap     ] GC(31) Y: Reclaimed:         -                  -                 2M (0%)            2M (0%)     
[148.316s][info][gc,heap     ] GC(31) Y:  Promoted:         -                  -                 0M (0%)            0M (0%)     
[148.316s][info][gc,heap     ] GC(31) Y: Compacted:         -                  -                  -                 0M (0%)     
[148.316s][info][gc,phases   ] GC(31) Y: Young Generation (Collect Roots) 552M(13%)->552M(13%) 0.004s
[148.316s][info][gc,phases   ] GC(31) O: Old Generation
[148.453s][info][gc,phases   ] GC(31) O: Concurrent Mark 136.699ms
[148.453s][info][gc,phases   ] GC(31) O: Pause Mark End 0.015ms
[148.453s][info][safepoint   ] Safepoint "ZMarkEndOld", Time since last: 137033300 ns, Reaching safepoint: 2700 ns, At safepoint: 37700 ns, Leaving safepoint: 2200 ns, Total: 42600 ns, Threads: 0 runnable, 56 total
[148.453s][info][gc,phases   ] GC(31) O: Concurrent Mark Free 0.002ms
[148.456s][info][gc,phases   ] GC(31) O: Concurrent Process Non-Strong 3.544ms
[148.456s][info][gc,phases   ] GC(31) O: Concurrent Reset Relocation Set 0.001ms
[148.457s][info][gc,phases   ] GC(31) O: Concurrent Select Relocation Set 0.076ms
[148.457s][info][gc,task     ] GC(31) O: Using 4 Workers for Old Generation
[148.458s][info][gc,task     ] GC(31) O: Using 4 Workers for Old Generation
[148.458s][info][gc,phases   ] GC(31) O: Concurrent Remap Roots 1.047ms
[148.458s][info][gc,phases   ] GC(31) O: Pause Relocate Start 0.009ms
[148.458s][info][safepoint   ] Safepoint "ZRelocateStartOld", Time since last: 4770100 ns, Reaching safepoint: 3500 ns, At safepoint: 32100 ns, Leaving safepoint: 2400 ns, Total: 38000 ns, Threads: 0 runnable, 56 total
[148.459s][info][gc,phases   ] GC(31) O: Concurrent Relocate 1.708ms
[148.459s][info][gc,alloc    ] GC(31) O:                         Mark Start        Mark End      Relocate Start    Relocate End   
[148.459s][info][gc,alloc    ] GC(31) O: Allocation Stalls:          0                0                0                0         
[148.459s][info][gc,load     ] GC(31) O: Load: 0.00 (0%) / 0.00 (0%) / 0.00 (0%)
[148.459s][info][gc,mmu      ] GC(31) O: MMU: 2ms/98.0%, 5ms/99.2%, 10ms/99.4%, 20ms/99.6%, 50ms/99.9%, 100ms/99.9%
[148.459s][info][gc,marking  ] GC(31) O: Mark: 4 stripe(s), 10 proactive flush(es), 1 terminate flush(es), 0 completion(s), 0 continuation(s) 
[148.459s][info][gc,nmethod  ] GC(31) O: NMethods: 6315 registered, 2762 unregistered
[148.459s][info][gc,metaspace] GC(31) O: Metaspace: 152M used, 153M committed, 1216M reserved
[148.459s][info][gc,ref      ] GC(31) O:                       Encountered   Discovered     Enqueued 
[148.459s][info][gc,ref      ] GC(31) O: Soft References:             5379            0            0 
[148.459s][info][gc,ref      ] GC(31) O: Weak References:            36576        24817            2 
[148.459s][info][gc,ref      ] GC(31) O: Final References:              55           10            0 
[148.459s][info][gc,ref      ] GC(31) O: Phantom References:          1211          870            5 
[148.459s][info][gc,reloc    ] GC(31) O:                        Candidates     Selected     In-Place         Size        Empty    Relocated 
[148.459s][info][gc,reloc    ] GC(31) O: Small Pages:                  237            6            0         474M           0M           2M 
[148.459s][info][gc,reloc    ] GC(31) O: Medium Pages:                   2            0            0          64M           0M           0M 
[148.459s][info][gc,reloc    ] GC(31) O: Large Pages:                    1            0            0          12M           0M           0M 
[148.459s][info][gc,reloc    ] GC(31) O: Forwarding Usage: 1M
[148.459s][info][gc,heap     ] GC(31) O: Min Capacity: 8M(0%)
[148.460s][info][gc,heap     ] GC(31) O: Max Capacity: 4096M(100%)
[148.460s][info][gc,heap     ] GC(31) O: Soft Max Capacity: 4096M(100%)
[148.460s][info][gc,heap     ] GC(31) O: Heap Statistics:
[148.460s][info][gc,heap     ] GC(31) O:                Mark Start          Mark End        Relocate Start      Relocate End           High               Low         
[148.460s][info][gc,heap     ] GC(31) O:  Capacity:     3348M (82%)        3348M (82%)        3348M (82%)        3348M (82%)        3348M (82%)        3348M (82%)    
[148.460s][info][gc,heap     ] GC(31) O:      Free:     3544M (87%)        3534M (86%)        3532M (86%)        3538M (86%)        3544M (87%)        3522M (86%)    
[148.460s][info][gc,heap     ] GC(31) O:      Used:      552M (13%)         562M (14%)         564M (14%)         558M (14%)         574M (14%)         552M (13%)    
[148.460s][info][gc,heap     ] GC(31) O: Old Generation Statistics:
[148.460s][info][gc,heap     ] GC(31) O:                Mark Start          Mark End        Relocate Start      Relocate End    
[148.460s][info][gc,heap     ] GC(31) O:      Used:      550M (13%)         550M (13%)         550M (13%)         544M (13%)    
[148.460s][info][gc,heap     ] GC(31) O:      Live:         -               486M (12%)         486M (12%)         486M (12%)    
[148.460s][info][gc,heap     ] GC(31) O:   Garbage:         -                63M (2%)           63M (2%)           50M (1%)     
[148.460s][info][gc,heap     ] GC(31) O: Allocated:         -                 0M (0%)            0M (0%)            6M (0%)     
[148.460s][info][gc,heap     ] GC(31) O: Reclaimed:         -                  -                 0M (0%)           12M (0%)     
[148.460s][info][gc,heap     ] GC(31) O: Compacted:         -                  -                  -                 3M (0%)     
[148.460s][info][gc,phases   ] GC(31) O: Old Generation 552M(13%)->558M(14%) 0.143s
[148.460s][info][gc          ] GC(31) Major Collection (System.gc()) 630M(15%)->558M(14%) 0.153s
[153.461s][info][gc          ] GC(32) Major Collection (System.gc())
[153.461s][info][gc,task     ] GC(32) Using 4 Workers for Young Generation
[153.461s][info][gc,task     ] GC(32) Using 4 Workers for Old Generation
[153.461s][info][gc,phases   ] GC(32) Y: Young Generation (Promote All)
[153.461s][info][gc,phases   ] GC(32) Y: Pause Mark Start 0.013ms
[153.461s][info][safepoint   ] Safepoint "ZMarkStartYoung", Time since last: 5003481900 ns, Reaching safepoint: 4700 ns, At safepoint: 35400 ns, Leaving safepoint: 2700 ns, Total: 42800 ns, Threads: 0 runnable, 54 total
[153.466s][info][gc,phases   ] GC(32) Y: Concurrent Mark 5.186ms
[153.466s][info][gc,phases   ] GC(32) Y: Pause Mark End 0.009ms
[153.466s][info][safepoint   ] Safepoint "ZMarkEndYoung", Time since last: 5233200 ns, Reaching safepoint: 2400 ns, At safepoint: 29100 ns, Leaving safepoint: 1900 ns, Total: 33400 ns, Threads: 0 runnable, 54 total
[153.466s][info][gc,phases   ] GC(32) Y: Concurrent Mark Free 0.002ms
[153.466s][info][gc,phases   ] GC(32) Y: Concurrent Reset Relocation Set 0.000ms
[153.467s][info][gc,reloc    ] GC(32) Y: Using tenuring threshold: 0 (Promote All)
[153.467s][info][gc,phases   ] GC(32) Y: Concurrent Select Relocation Set 0.181ms
[153.467s][info][gc,phases   ] GC(32) Y: Pause Relocate Start 0.007ms
[153.467s][info][safepoint   ] Safepoint "ZRelocateStartYoung", Time since last: 263200 ns, Reaching safepoint: 2400 ns, At safepoint: 26500 ns, Leaving safepoint: 2200 ns, Total: 31100 ns, Threads: 0 runnable, 54 total
[153.467s][info][gc,phases   ] GC(32) Y: Concurrent Relocate 0.315ms
[153.467s][info][gc,alloc    ] GC(32) Y:                         Mark Start        Mark End      Relocate Start    Relocate End   
[153.467s][info][gc,alloc    ] GC(32) Y: Allocation Stalls:          0                0                0                0         
[153.467s][info][gc,load     ] GC(32) Y: Load: 0.00 (0%) / 0.00 (0%) / 0.00 (0%)
[153.467s][info][gc,mmu      ] GC(32) Y: MMU: 2ms/98.0%, 5ms/99.2%, 10ms/99.4%, 20ms/99.6%, 50ms/99.9%, 100ms/99.9%
[153.467s][info][gc,marking  ] GC(32) Y: Mark: 4 stripe(s), 1 proactive flush(es), 1 terminate flush(es), 0 completion(s), 0 continuation(s) 
[153.467s][info][gc,nmethod  ] GC(32) Y: NMethods: 6385 registered, 2762 unregistered
[153.467s][info][gc,metaspace] GC(32) Y: Metaspace: 152M used, 153M committed, 1216M reserved
[153.467s][info][gc,reloc    ] GC(32) Y:                        Candidates     Selected     In-Place         Size        Empty    Relocated 
[153.467s][info][gc,reloc    ] GC(32) Y: Small Pages:                   44           35            0          88M          16M           0M 
[153.467s][info][gc,reloc    ] GC(32) Y: Medium Pages:                   0            0            0           0M           0M           0M 
[153.467s][info][gc,reloc    ] GC(32) Y: Large Pages:                    0            0            0           0M           0M           0M 
[153.467s][info][gc,reloc    ] GC(32) Y: Forwarding Usage: 0M
[153.467s][info][gc,reloc    ] GC(32) Y: Age Table:
[153.467s][info][gc,reloc    ] GC(32) Y:                    Live             Garbage             Small              Medium             Large        
[153.467s][info][gc,reloc    ] GC(32) Y: Eden               0M (0%)           87M (2%)          44 / 35             0 / 0              0 / 0        
[153.467s][info][gc,heap     ] GC(32) Y: Min Capacity: 8M(0%)
[153.467s][info][gc,heap     ] GC(32) Y: Max Capacity: 4096M(100%)
[153.467s][info][gc,heap     ] GC(32) Y: Soft Max Capacity: 4096M(100%)
[153.467s][info][gc,heap     ] GC(32) Y: Heap Statistics:
[153.467s][info][gc,heap     ] GC(32) Y:                Mark Start          Mark End        Relocate Start      Relocate End           High               Low         
[153.467s][info][gc,heap     ] GC(32) Y:  Capacity:     3348M (82%)        3348M (82%)        3348M (82%)        3348M (82%)        3348M (82%)        3348M (82%)    
[153.467s][info][gc,heap     ] GC(32) Y:      Free:     3464M (85%)        3462M (85%)        3478M (85%)        3542M (86%)        3542M (86%)        3462M (85%)    
[153.467s][info][gc,heap     ] GC(32) Y:      Used:      632M (15%)         634M (15%)         618M (15%)         554M (14%)         634M (15%)         554M (14%)    
[153.467s][info][gc,heap     ] GC(32) Y: Young Generation Statistics:
[153.467s][info][gc,heap     ] GC(32) Y:                Mark Start          Mark End        Relocate Start      Relocate End    
[153.467s][info][gc,heap     ] GC(32) Y:      Used:       88M (2%)           90M (2%)           74M (2%)            2M (0%)     
[153.467s][info][gc,heap     ] GC(32) Y:      Live:         -                 0M (0%)            0M (0%)            0M (0%)     
[153.467s][info][gc,heap     ] GC(32) Y:   Garbage:         -                87M (2%)           71M (2%)            0M (0%)     
[153.467s][info][gc,heap     ] GC(32) Y: Allocated:         -                 2M (0%)            2M (0%)            2M (0%)     
[153.467s][info][gc,heap     ] GC(32) Y: Reclaimed:         -                  -                16M (0%)           87M (2%)     
[153.467s][info][gc,heap     ] GC(32) Y:  Promoted:         -                  -                 0M (0%)            0M (0%)     
[153.467s][info][gc,heap     ] GC(32) Y: Compacted:         -                  -                  -                 0M (0%)     
[153.467s][info][gc,phases   ] GC(32) Y: Young Generation (Promote All) 632M(15%)->554M(14%) 0.006s
[153.467s][info][gc,phases   ] GC(32) Y: Young Generation (Collect Roots)
[153.467s][info][gc,phases   ] GC(32) Y: Pause Mark Start (Major) 0.009ms
[153.467s][info][safepoint   ] Safepoint "ZMarkStartYoungAndOld", Time since last: 600100 ns, Reaching safepoint: 1700 ns, At safepoint: 28200 ns, Leaving safepoint: 2100 ns, Total: 32000 ns, Threads: 0 runnable, 54 total
[153.471s][info][gc,phases   ] GC(32) Y: Concurrent Mark 3.804ms
[153.471s][info][gc,phases   ] GC(32) Y: Pause Mark End 0.006ms
[153.471s][info][safepoint   ] Safepoint "ZMarkEndYoung", Time since last: 3851100 ns, Reaching safepoint: 1200 ns, At safepoint: 24500 ns, Leaving safepoint: 2000 ns, Total: 27700 ns, Threads: 0 runnable, 54 total
[153.471s][info][gc,phases   ] GC(32) Y: Concurrent Mark Free 0.000ms
[153.471s][info][gc,phases   ] GC(32) Y: Concurrent Reset Relocation Set 0.001ms
[153.471s][info][gc,reloc    ] GC(32) Y: Using tenuring threshold: 0 (Computed)
[153.471s][info][gc,phases   ] GC(32) Y: Concurrent Select Relocation Set 0.101ms
[153.471s][info][gc,phases   ] GC(32) Y: Pause Relocate Start 0.005ms
[153.471s][info][safepoint   ] Safepoint "ZRelocateStartYoung", Time since last: 173100 ns, Reaching safepoint: 1900 ns, At safepoint: 24400 ns, Leaving safepoint: 3300 ns, Total: 29600 ns, Threads: 0 runnable, 54 total
[153.471s][info][gc,phases   ] GC(32) Y: Concurrent Relocate 0.041ms
[153.471s][info][gc,alloc    ] GC(32) Y:                         Mark Start        Mark End      Relocate Start    Relocate End   
[153.472s][info][gc,alloc    ] GC(32) Y: Allocation Stalls:          0                0                0                0         
[153.472s][info][gc,load     ] GC(32) Y: Load: 0.00 (0%) / 0.00 (0%) / 0.00 (0%)
[153.472s][info][gc,mmu      ] GC(32) Y: MMU: 2ms/98.0%, 5ms/99.2%, 10ms/99.4%, 20ms/99.6%, 50ms/99.9%, 100ms/99.9%
[153.472s][info][gc,marking  ] GC(32) Y: Mark: 4 stripe(s), 1 proactive flush(es), 1 terminate flush(es), 0 completion(s), 0 continuation(s) 
[153.472s][info][gc,nmethod  ] GC(32) Y: NMethods: 6387 registered, 2762 unregistered
[153.472s][info][gc,metaspace] GC(32) Y: Metaspace: 152M used, 153M committed, 1216M reserved
[153.472s][info][gc,reloc    ] GC(32) Y:                        Candidates     Selected     In-Place         Size        Empty    Relocated 
[153.472s][info][gc,reloc    ] GC(32) Y: Small Pages:                    1            0            0           2M           2M           0M 
[153.472s][info][gc,reloc    ] GC(32) Y: Medium Pages:                   0            0            0           0M           0M           0M 
[153.472s][info][gc,reloc    ] GC(32) Y: Large Pages:                    0            0            0           0M           0M           0M 
[153.472s][info][gc,reloc    ] GC(32) Y: Forwarding Usage: 0M
[153.472s][info][gc,reloc    ] GC(32) Y: Age Table:
[153.472s][info][gc,reloc    ] GC(32) Y:                    Live             Garbage             Small              Medium             Large        
[153.472s][info][gc,reloc    ] GC(32) Y: Eden                -                 2M (0%)           1 / 0              0 / 0              0 / 0        
[153.472s][info][gc,heap     ] GC(32) Y: Min Capacity: 8M(0%)
[153.472s][info][gc,heap     ] GC(32) Y: Max Capacity: 4096M(100%)
[153.472s][info][gc,heap     ] GC(32) Y: Soft Max Capacity: 4096M(100%)
[153.472s][info][gc,heap     ] GC(32) Y: Heap Statistics:
[153.472s][info][gc,heap     ] GC(32) Y:                Mark Start          Mark End        Relocate Start      Relocate End           High               Low         
[153.472s][info][gc,heap     ] GC(32) Y:  Capacity:     3348M (82%)        3348M (82%)        3348M (82%)        3348M (82%)        3348M (82%)        3348M (82%)    
[153.472s][info][gc,heap     ] GC(32) Y:      Free:     3542M (86%)        3540M (86%)        3542M (86%)        3542M (86%)        3542M (86%)        3540M (86%)    
[153.472s][info][gc,heap     ] GC(32) Y:      Used:      554M (14%)         556M (14%)         554M (14%)         554M (14%)         556M (14%)         554M (14%)    
[153.472s][info][gc,heap     ] GC(32) Y: Young Generation Statistics:
[153.472s][info][gc,heap     ] GC(32) Y:                Mark Start          Mark End        Relocate Start      Relocate End    
[153.472s][info][gc,heap     ] GC(32) Y:      Used:        2M (0%)            4M (0%)            2M (0%)            2M (0%)     
[153.472s][info][gc,heap     ] GC(32) Y:      Live:         -                 0M (0%)            0M (0%)            0M (0%)     
[153.472s][info][gc,heap     ] GC(32) Y:   Garbage:         -                 2M (0%)            0M (0%)            0M (0%)     
[153.472s][info][gc,heap     ] GC(32) Y: Allocated:         -                 2M (0%)            2M (0%)            2M (0%)     
[153.472s][info][gc,heap     ] GC(32) Y: Reclaimed:         -                  -                 2M (0%)            2M (0%)     
[153.472s][info][gc,heap     ] GC(32) Y:  Promoted:         -                  -                 0M (0%)            0M (0%)     
[153.472s][info][gc,heap     ] GC(32) Y: Compacted:         -                  -                  -                 0M (0%)     
[153.472s][info][gc,phases   ] GC(32) Y: Young Generation (Collect Roots) 554M(14%)->554M(14%) 0.004s
[153.472s][info][gc,phases   ] GC(32) O: Old Generation
[153.616s][info][gc,phases   ] GC(32) O: Concurrent Mark 144.504ms
[153.616s][info][gc,phases   ] GC(32) O: Pause Mark End 0.015ms
[153.616s][info][safepoint   ] Safepoint "ZMarkEndOld", Time since last: 144854200 ns, Reaching safepoint: 3800 ns, At safepoint: 34600 ns, Leaving safepoint: 2300 ns, Total: 40700 ns, Threads: 0 runnable, 54 total
[153.616s][info][gc,phases   ] GC(32) O: Concurrent Mark Free 0.002ms
[153.620s][info][gc,phases   ] GC(32) O: Concurrent Process Non-Strong 3.209ms
[153.620s][info][gc,phases   ] GC(32) O: Concurrent Reset Relocation Set 0.001ms
[153.620s][info][gc,phases   ] GC(32) O: Concurrent Select Relocation Set 0.238ms
[153.620s][info][gc,task     ] GC(32) O: Using 4 Workers for Old Generation
[153.621s][info][gc,task     ] GC(32) O: Using 4 Workers for Old Generation
[153.621s][info][gc,phases   ] GC(32) O: Concurrent Remap Roots 1.038ms
[153.621s][info][gc,phases   ] GC(32) O: Pause Relocate Start 0.009ms
[153.621s][info][safepoint   ] Safepoint "ZRelocateStartOld", Time since last: 4582800 ns, Reaching safepoint: 2300 ns, At safepoint: 27900 ns, Leaving safepoint: 2100 ns, Total: 32300 ns, Threads: 0 runnable, 54 total
[153.622s][info][gc,phases   ] GC(32) O: Concurrent Relocate 1.469ms
[153.622s][info][gc,alloc    ] GC(32) O:                         Mark Start        Mark End      Relocate Start    Relocate End   
[153.622s][info][gc,alloc    ] GC(32) O: Allocation Stalls:          0                0                0                0         
[153.622s][info][gc,load     ] GC(32) O: Load: 0.00 (0%) / 0.00 (0%) / 0.00 (0%)
[153.622s][info][gc,mmu      ] GC(32) O: MMU: 2ms/98.0%, 5ms/99.2%, 10ms/99.4%, 20ms/99.6%, 50ms/99.9%, 100ms/99.9%
[153.622s][info][gc,marking  ] GC(32) O: Mark: 4 stripe(s), 5 proactive flush(es), 1 terminate flush(es), 0 completion(s), 0 continuation(s) 
[153.622s][info][gc,nmethod  ] GC(32) O: NMethods: 6343 registered, 2812 unregistered
[153.622s][info][gc,metaspace] GC(32) O: Metaspace: 152M used, 153M committed, 1216M reserved
[153.622s][info][gc,ref      ] GC(32) O:                       Encountered   Discovered     Enqueued 
[153.623s][info][gc,ref      ] GC(32) O: Soft References:             5379            0            0 
[153.623s][info][gc,ref      ] GC(32) O: Weak References:            36574        13030            0 
[153.623s][info][gc,ref      ] GC(32) O: Final References:              55           17            0 
[153.623s][info][gc,ref      ] GC(32) O: Phantom References:          1211          904            5 
[153.623s][info][gc,reloc    ] GC(32) O:                        Candidates     Selected     In-Place         Size        Empty    Relocated 
[153.623s][info][gc,reloc    ] GC(32) O: Small Pages:                  238            7            0         476M           0M           2M 
[153.623s][info][gc,reloc    ] GC(32) O: Medium Pages:                   2            0            0          64M           0M           0M 
[153.623s][info][gc,reloc    ] GC(32) O: Large Pages:                    1            0            0          12M           0M           0M 
[153.623s][info][gc,reloc    ] GC(32) O: Forwarding Usage: 1M
[153.623s][info][gc,heap     ] GC(32) O: Min Capacity: 8M(0%)
[153.623s][info][gc,heap     ] GC(32) O: Max Capacity: 4096M(100%)
[153.623s][info][gc,heap     ] GC(32) O: Soft Max Capacity: 4096M(100%)
[153.623s][info][gc,heap     ] GC(32) O: Heap Statistics:
[153.623s][info][gc,heap     ] GC(32) O:                Mark Start          Mark End        Relocate Start      Relocate End           High               Low         
[153.623s][info][gc,heap     ] GC(32) O:  Capacity:     3348M (82%)        3348M (82%)        3348M (82%)        3348M (82%)        3348M (82%)        3348M (82%)    
[153.623s][info][gc,heap     ] GC(32) O:      Free:     3542M (86%)        3530M (86%)        3530M (86%)        3540M (86%)        3542M (86%)        3520M (86%)    
[153.623s][info][gc,heap     ] GC(32) O:      Used:      554M (14%)         566M (14%)         566M (14%)         556M (14%)         576M (14%)         554M (14%)    
[153.623s][info][gc,heap     ] GC(32) O: Old Generation Statistics:
[153.623s][info][gc,heap     ] GC(32) O:                Mark Start          Mark End        Relocate Start      Relocate End    
[153.623s][info][gc,heap     ] GC(32) O:      Used:      552M (13%)         552M (13%)         552M (13%)         542M (13%)    
[153.623s][info][gc,heap     ] GC(32) O:      Live:         -               486M (12%)         486M (12%)         486M (12%)    
[153.623s][info][gc,heap     ] GC(32) O:   Garbage:         -                65M (2%)           65M (2%)           50M (1%)     
[153.623s][info][gc,heap     ] GC(32) O: Allocated:         -                 0M (0%)            0M (0%)            4M (0%)     
[153.623s][info][gc,heap     ] GC(32) O: Reclaimed:         -                  -                 0M (0%)           14M (0%)     
[153.623s][info][gc,heap     ] GC(32) O: Compacted:         -                  -                  -                 5M (0%)     
[153.623s][info][gc,phases   ] GC(32) O: Old Generation 554M(14%)->556M(14%) 0.151s
[153.623s][info][gc          ] GC(32) Major Collection (System.gc()) 632M(15%)->556M(14%) 0.162s
[158.625s][info][gc          ] GC(33) Major Collection (System.gc())
[158.625s][info][gc,task     ] GC(33) Using 4 Workers for Young Generation
[158.625s][info][gc,task     ] GC(33) Using 4 Workers for Old Generation
[158.625s][info][gc,phases   ] GC(33) Y: Young Generation (Promote All)
[158.625s][info][gc,phases   ] GC(33) Y: Pause Mark Start 0.011ms
[158.625s][info][safepoint   ] Safepoint "ZMarkStartYoung", Time since last: 5003770800 ns, Reaching safepoint: 216800 ns, At safepoint: 33800 ns, Leaving safepoint: 7800 ns, Total: 258400 ns, Threads: 2 runnable, 56 total
[158.630s][info][gc,phases   ] GC(33) Y: Concurrent Mark 5.032ms
[158.630s][info][gc,phases   ] GC(33) Y: Pause Mark End 0.009ms
[158.630s][info][safepoint   ] Safepoint "ZMarkEndYoung", Time since last: 5074900 ns, Reaching safepoint: 2100 ns, At safepoint: 28000 ns, Leaving safepoint: 2100 ns, Total: 32200 ns, Threads: 0 runnable, 56 total
[158.630s][info][gc,phases   ] GC(33) Y: Concurrent Mark Free 0.001ms
[158.630s][info][gc,phases   ] GC(33) Y: Concurrent Reset Relocation Set 0.000ms
[158.630s][info][gc,reloc    ] GC(33) Y: Using tenuring threshold: 0 (Promote All)
[158.630s][info][gc,phases   ] GC(33) Y: Concurrent Select Relocation Set 0.131ms
[158.630s][info][gc,phases   ] GC(33) Y: Pause Relocate Start 0.005ms
[158.630s][info][safepoint   ] Safepoint "ZRelocateStartYoung", Time since last: 197100 ns, Reaching safepoint: 2300 ns, At safepoint: 15800 ns, Leaving safepoint: 1800 ns, Total: 19900 ns, Threads: 0 runnable, 56 total
[158.631s][info][gc,phases   ] GC(33) Y: Concurrent Relocate 0.320ms
[158.631s][info][gc,alloc    ] GC(33) Y:                         Mark Start        Mark End      Relocate Start    Relocate End   
[158.631s][info][gc,alloc    ] GC(33) Y: Allocation Stalls:          0                0                0                0         
[158.631s][info][gc,load     ] GC(33) Y: Load: 0.00 (0%) / 0.00 (0%) / 0.00 (0%)
[158.631s][info][gc,mmu      ] GC(33) Y: MMU: 2ms/98.0%, 5ms/99.2%, 10ms/99.4%, 20ms/99.6%, 50ms/99.9%, 100ms/99.9%
[158.631s][info][gc,marking  ] GC(33) Y: Mark: 4 stripe(s), 1 proactive flush(es), 1 terminate flush(es), 0 completion(s), 0 continuation(s) 
[158.631s][info][gc,nmethod  ] GC(33) Y: NMethods: 6370 registered, 2812 unregistered
[158.631s][info][gc,metaspace] GC(33) Y: Metaspace: 152M used, 153M committed, 1216M reserved
[158.631s][info][gc,reloc    ] GC(33) Y:                        Candidates     Selected     In-Place         Size        Empty    Relocated 
[158.631s][info][gc,reloc    ] GC(33) Y: Small Pages:                   45           36            0          90M          16M           0M 
[158.631s][info][gc,reloc    ] GC(33) Y: Medium Pages:                   0            0            0           0M           0M           0M 
[158.631s][info][gc,reloc    ] GC(33) Y: Large Pages:                    0            0            0           0M           0M           0M 
[158.631s][info][gc,reloc    ] GC(33) Y: Forwarding Usage: 0M
[158.631s][info][gc,reloc    ] GC(33) Y: Age Table:
[158.631s][info][gc,reloc    ] GC(33) Y:                    Live             Garbage             Small              Medium             Large        
[158.631s][info][gc,reloc    ] GC(33) Y: Eden               0M (0%)           89M (2%)          45 / 36             0 / 0              0 / 0        
[158.631s][info][gc,heap     ] GC(33) Y: Min Capacity: 8M(0%)
[158.631s][info][gc,heap     ] GC(33) Y: Max Capacity: 4096M(100%)
[158.631s][info][gc,heap     ] GC(33) Y: Soft Max Capacity: 4096M(100%)
[158.631s][info][gc,heap     ] GC(33) Y: Heap Statistics:
[158.631s][info][gc,heap     ] GC(33) Y:                Mark Start          Mark End        Relocate Start      Relocate End           High               Low         
[158.631s][info][gc,heap     ] GC(33) Y:  Capacity:     3348M (82%)        3348M (82%)        3348M (82%)        3348M (82%)        3348M (82%)        3348M (82%)    
[158.631s][info][gc,heap     ] GC(33) Y:      Free:     3464M (85%)        3462M (85%)        3476M (85%)        3542M (86%)        3542M (86%)        3462M (85%)    
[158.631s][info][gc,heap     ] GC(33) Y:      Used:      632M (15%)         634M (15%)         620M (15%)         554M (14%)         634M (15%)         554M (14%)    
[158.631s][info][gc,heap     ] GC(33) Y: Young Generation Statistics:
[158.631s][info][gc,heap     ] GC(33) Y:                Mark Start          Mark End        Relocate Start      Relocate End    
[158.631s][info][gc,heap     ] GC(33) Y:      Used:       90M (2%)           92M (2%)           78M (2%)            4M (0%)     
[158.631s][info][gc,heap     ] GC(33) Y:      Live:         -                 0M (0%)            0M (0%)            0M (0%)     
[158.631s][info][gc,heap     ] GC(33) Y:   Garbage:         -                89M (2%)           73M (2%)            0M (0%)     
[158.631s][info][gc,heap     ] GC(33) Y: Allocated:         -                 2M (0%)            4M (0%)            4M (0%)     
[158.631s][info][gc,heap     ] GC(33) Y: Reclaimed:         -                  -                16M (0%)           89M (2%)     
[158.631s][info][gc,heap     ] GC(33) Y:  Promoted:         -                  -                 0M (0%)            0M (0%)     
[158.631s][info][gc,heap     ] GC(33) Y: Compacted:         -                  -                  -                 0M (0%)     
[158.631s][info][gc,phases   ] GC(33) Y: Young Generation (Promote All) 632M(15%)->554M(14%) 0.006s
[158.631s][info][gc,phases   ] GC(33) Y: Young Generation (Collect Roots)
[158.631s][info][gc,phases   ] GC(33) Y: Pause Mark Start (Major) 0.009ms
[158.631s][info][safepoint   ] Safepoint "ZMarkStartYoungAndOld", Time since last: 614700 ns, Reaching safepoint: 2200 ns, At safepoint: 28800 ns, Leaving safepoint: 2000 ns, Total: 33000 ns, Threads: 0 runnable, 56 total
[158.635s][info][gc,phases   ] GC(33) Y: Concurrent Mark 3.874ms
[158.635s][info][gc,phases   ] GC(33) Y: Pause Mark End 0.007ms
[158.635s][info][safepoint   ] Safepoint "ZMarkEndYoung", Time since last: 3914000 ns, Reaching safepoint: 2200 ns, At safepoint: 16800 ns, Leaving safepoint: 2000 ns, Total: 21000 ns, Threads: 0 runnable, 56 total
[158.635s][info][gc,phases   ] GC(33) Y: Concurrent Mark Free 0.001ms
[158.635s][info][gc,phases   ] GC(33) Y: Concurrent Reset Relocation Set 0.001ms
[158.635s][info][gc,reloc    ] GC(33) Y: Using tenuring threshold: 1 (Computed)
[158.635s][info][gc,phases   ] GC(33) Y: Concurrent Select Relocation Set 0.085ms
[158.635s][info][gc,phases   ] GC(33) Y: Pause Relocate Start 0.006ms
[158.635s][info][safepoint   ] Safepoint "ZRelocateStartYoung", Time since last: 150800 ns, Reaching safepoint: 1800 ns, At safepoint: 25400 ns, Leaving safepoint: 3300 ns, Total: 30500 ns, Threads: 0 runnable, 56 total
[158.635s][info][gc,phases   ] GC(33) Y: Concurrent Relocate 0.046ms
[158.635s][info][gc,alloc    ] GC(33) Y:                         Mark Start        Mark End      Relocate Start    Relocate End   
[158.635s][info][gc,alloc    ] GC(33) Y: Allocation Stalls:          0                0                0                0         
[158.635s][info][gc,load     ] GC(33) Y: Load: 0.00 (0%) / 0.00 (0%) / 0.00 (0%)
[158.635s][info][gc,mmu      ] GC(33) Y: MMU: 2ms/98.0%, 5ms/99.2%, 10ms/99.4%, 20ms/99.6%, 50ms/99.9%, 100ms/99.9%
[158.635s][info][gc,marking  ] GC(33) Y: Mark: 4 stripe(s), 2 proactive flush(es), 1 terminate flush(es), 0 completion(s), 0 continuation(s) 
[158.635s][info][gc,nmethod  ] GC(33) Y: NMethods: 6373 registered, 2812 unregistered
[158.635s][info][gc,metaspace] GC(33) Y: Metaspace: 152M used, 153M committed, 1216M reserved
[158.635s][info][gc,reloc    ] GC(33) Y:                        Candidates     Selected     In-Place         Size        Empty    Relocated 
[158.635s][info][gc,reloc    ] GC(33) Y: Small Pages:                    2            0            0           4M           2M           0M 
[158.635s][info][gc,reloc    ] GC(33) Y: Medium Pages:                   0            0            0           0M           0M           0M 
[158.635s][info][gc,reloc    ] GC(33) Y: Large Pages:                    0            0            0           0M           0M           0M 
[158.635s][info][gc,reloc    ] GC(33) Y: Forwarding Usage: 0M
[158.635s][info][gc,reloc    ] GC(33) Y: Age Table:
[158.635s][info][gc,reloc    ] GC(33) Y:                    Live             Garbage             Small              Medium             Large        
[158.635s][info][gc,reloc    ] GC(33) Y: Eden               0M (0%)            3M (0%)           2 / 0              0 / 0              0 / 0        
[158.635s][info][gc,heap     ] GC(33) Y: Min Capacity: 8M(0%)
[158.635s][info][gc,heap     ] GC(33) Y: Max Capacity: 4096M(100%)
[158.635s][info][gc,heap     ] GC(33) Y: Soft Max Capacity: 4096M(100%)
[158.635s][info][gc,heap     ] GC(33) Y: Heap Statistics:
[158.635s][info][gc,heap     ] GC(33) Y:                Mark Start          Mark End        Relocate Start      Relocate End           High               Low         
[158.635s][info][gc,heap     ] GC(33) Y:  Capacity:     3348M (82%)        3348M (82%)        3348M (82%)        3348M (82%)        3348M (82%)        3348M (82%)    
[158.635s][info][gc,heap     ] GC(33) Y:      Free:     3542M (86%)        3540M (86%)        3542M (86%)        3542M (86%)        3542M (86%)        3540M (86%)    
[158.635s][info][gc,heap     ] GC(33) Y:      Used:      554M (14%)         556M (14%)         554M (14%)         554M (14%)         556M (14%)         554M (14%)    
[158.635s][info][gc,heap     ] GC(33) Y: Young Generation Statistics:
[158.635s][info][gc,heap     ] GC(33) Y:                Mark Start          Mark End        Relocate Start      Relocate End    
[158.635s][info][gc,heap     ] GC(33) Y:      Used:        4M (0%)            6M (0%)            4M (0%)            4M (0%)     
[158.635s][info][gc,heap     ] GC(33) Y:      Live:         -                 0M (0%)            0M (0%)            0M (0%)     
[158.635s][info][gc,heap     ] GC(33) Y:   Garbage:         -                 3M (0%)            1M (0%)            1M (0%)     
[158.635s][info][gc,heap     ] GC(33) Y: Allocated:         -                 2M (0%)            2M (0%)            2M (0%)     
[158.635s][info][gc,heap     ] GC(33) Y: Reclaimed:         -                  -                 2M (0%)            2M (0%)     
[158.635s][info][gc,heap     ] GC(33) Y:  Promoted:         -                  -                 0M (0%)            0M (0%)     
[158.635s][info][gc,heap     ] GC(33) Y: Compacted:         -                  -                  -                 0M (0%)     
[158.635s][info][gc,phases   ] GC(33) Y: Young Generation (Collect Roots) 554M(14%)->554M(14%) 0.004s
[158.635s][info][gc,phases   ] GC(33) O: Old Generation
[158.787s][info][gc,phases   ] GC(33) O: Concurrent Mark 151.530ms
[158.787s][info][gc,phases   ] GC(33) O: Pause Mark End 0.015ms
[158.787s][info][safepoint   ] Safepoint "ZMarkEndOld", Time since last: 151879400 ns, Reaching safepoint: 3800 ns, At safepoint: 41600 ns, Leaving safepoint: 2600 ns, Total: 48000 ns, Threads: 0 runnable, 56 total
[158.787s][info][gc,phases   ] GC(33) O: Concurrent Mark Free 0.002ms
[158.790s][info][gc,phases   ] GC(33) O: Concurrent Process Non-Strong 2.708ms
[158.790s][info][gc,phases   ] GC(33) O: Concurrent Reset Relocation Set 0.001ms
[158.790s][info][gc,phases   ] GC(33) O: Concurrent Select Relocation Set 0.075ms
[158.790s][info][gc,task     ] GC(33) O: Using 4 Workers for Old Generation
[158.791s][info][gc,task     ] GC(33) O: Using 4 Workers for Old Generation
[158.791s][info][gc,phases   ] GC(33) O: Concurrent Remap Roots 1.328ms
[158.791s][info][gc,phases   ] GC(33) O: Pause Relocate Start 0.010ms
[158.791s][info][safepoint   ] Safepoint "ZRelocateStartOld", Time since last: 4208400 ns, Reaching safepoint: 23500 ns, At safepoint: 31800 ns, Leaving safepoint: 4200 ns, Total: 59500 ns, Threads: 1 runnable, 56 total
[158.792s][info][gc,phases   ] GC(33) O: Concurrent Relocate 0.717ms
[158.792s][info][gc,alloc    ] GC(33) O:                         Mark Start        Mark End      Relocate Start    Relocate End   
[158.792s][info][gc,alloc    ] GC(33) O: Allocation Stalls:          0                0                0                0         
[158.792s][info][gc,load     ] GC(33) O: Load: 0.00 (0%) / 0.00 (0%) / 0.00 (0%)
[158.792s][info][gc,mmu      ] GC(33) O: MMU: 2ms/98.0%, 5ms/99.2%, 10ms/99.4%, 20ms/99.6%, 50ms/99.9%, 100ms/99.9%
[158.792s][info][gc,marking  ] GC(33) O: Mark: 4 stripe(s), 3 proactive flush(es), 1 terminate flush(es), 0 completion(s), 0 continuation(s) 
[158.792s][info][gc,nmethod  ] GC(33) O: NMethods: 6369 registered, 2820 unregistered
[158.792s][info][gc,metaspace] GC(33) O: Metaspace: 152M used, 153M committed, 1216M reserved
[158.792s][info][gc,ref      ] GC(33) O:                       Encountered   Discovered     Enqueued 
[158.792s][info][gc,ref      ] GC(33) O: Soft References:             5379            0            0 
[158.792s][info][gc,ref      ] GC(33) O: Weak References:            36574          870            0 
[158.792s][info][gc,ref      ] GC(33) O: Final References:              55            0            0 
[158.792s][info][gc,ref      ] GC(33) O: Phantom References:          1211          670            5 
[158.792s][info][gc,reloc    ] GC(33) O:                        Candidates     Selected     In-Place         Size        Empty    Relocated 
[158.792s][info][gc,reloc    ] GC(33) O: Small Pages:                  237            6            0         474M           0M           2M 
[158.792s][info][gc,reloc    ] GC(33) O: Medium Pages:                   2            0            0          64M           0M           0M 
[158.792s][info][gc,reloc    ] GC(33) O: Large Pages:                    1            0            0          12M           0M           0M 
[158.792s][info][gc,reloc    ] GC(33) O: Forwarding Usage: 0M
[158.792s][info][gc,heap     ] GC(33) O: Min Capacity: 8M(0%)
[158.792s][info][gc,heap     ] GC(33) O: Max Capacity: 4096M(100%)
[158.792s][info][gc,heap     ] GC(33) O: Soft Max Capacity: 4096M(100%)
[158.792s][info][gc,heap     ] GC(33) O: Heap Statistics:
[158.792s][info][gc,heap     ] GC(33) O:                Mark Start          Mark End        Relocate Start      Relocate End           High               Low         
[158.792s][info][gc,heap     ] GC(33) O:  Capacity:     3348M (82%)        3348M (82%)        3348M (82%)        3348M (82%)        3348M (82%)        3348M (82%)    
[158.792s][info][gc,heap     ] GC(33) O:      Free:     3542M (86%)        3532M (86%)        3532M (86%)        3532M (86%)        3542M (86%)        3518M (86%)    
[158.792s][info][gc,heap     ] GC(33) O:      Used:      554M (14%)         564M (14%)         564M (14%)         564M (14%)         578M (14%)         554M (14%)    
[158.792s][info][gc,heap     ] GC(33) O: Old Generation Statistics:
[158.792s][info][gc,heap     ] GC(33) O:                Mark Start          Mark End        Relocate Start      Relocate End    
[158.792s][info][gc,heap     ] GC(33) O:      Used:      550M (13%)         550M (13%)         550M (13%)         548M (13%)    
[158.792s][info][gc,heap     ] GC(33) O:      Live:         -               486M (12%)         486M (12%)         486M (12%)    
[158.792s][info][gc,heap     ] GC(33) O:   Garbage:         -                63M (2%)           63M (2%)           50M (1%)     
[158.792s][info][gc,heap     ] GC(33) O: Allocated:         -                 0M (0%)            0M (0%)           10M (0%)     
[158.792s][info][gc,heap     ] GC(33) O: Reclaimed:         -                  -                 0M (0%)           12M (0%)     
[158.792s][info][gc,heap     ] GC(33) O: Compacted:         -                  -                  -                 3M (0%)     
[158.792s][info][gc,phases   ] GC(33) O: Old Generation 554M(14%)->564M(14%) 0.157s
[158.792s][info][gc          ] GC(33) Major Collection (System.gc()) 632M(15%)->564M(14%) 0.168s
[163.795s][info][gc          ] GC(34) Major Collection (System.gc())
[163.795s][info][gc,task     ] GC(34) Using 4 Workers for Young Generation
[163.795s][info][gc,task     ] GC(34) Using 4 Workers for Old Generation
[163.795s][info][gc,phases   ] GC(34) Y: Young Generation (Promote All)
[163.795s][info][gc,phases   ] GC(34) Y: Pause Mark Start 0.013ms
[163.795s][info][safepoint   ] Safepoint "ZMarkStartYoung", Time since last: 5003503000 ns, Reaching safepoint: 5100 ns, At safepoint: 34700 ns, Leaving safepoint: 2900 ns, Total: 42700 ns, Threads: 0 runnable, 54 total
[163.799s][info][gc,phases   ] GC(34) Y: Concurrent Mark 4.620ms
[163.799s][info][gc,phases   ] GC(34) Y: Pause Mark End 0.008ms
[163.799s][info][safepoint   ] Safepoint "ZMarkEndYoung", Time since last: 4663800 ns, Reaching safepoint: 1800 ns, At safepoint: 26500 ns, Leaving safepoint: 2100 ns, Total: 30400 ns, Threads: 0 runnable, 54 total
[163.800s][info][gc,phases   ] GC(34) Y: Concurrent Mark Free 0.001ms
[163.800s][info][gc,phases   ] GC(34) Y: Concurrent Reset Relocation Set 0.000ms
[163.800s][info][gc,reloc    ] GC(34) Y: Using tenuring threshold: 0 (Promote All)
[163.800s][info][gc,phases   ] GC(34) Y: Concurrent Select Relocation Set 0.135ms
[163.800s][info][gc,phases   ] GC(34) Y: Pause Relocate Start 0.008ms
[163.800s][info][safepoint   ] Safepoint "ZRelocateStartYoung", Time since last: 218200 ns, Reaching safepoint: 2300 ns, At safepoint: 28600 ns, Leaving safepoint: 2500 ns, Total: 33400 ns, Threads: 0 runnable, 54 total
[163.800s][info][gc,phases   ] GC(34) Y: Concurrent Relocate 0.556ms
[163.800s][info][gc,alloc    ] GC(34) Y:                         Mark Start        Mark End      Relocate Start    Relocate End   
[163.800s][info][gc,alloc    ] GC(34) Y: Allocation Stalls:          0                0                0                0         
[163.800s][info][gc,load     ] GC(34) Y: Load: 0.00 (0%) / 0.00 (0%) / 0.00 (0%)
[163.800s][info][gc,mmu      ] GC(34) Y: MMU: 2ms/98.0%, 5ms/99.2%, 10ms/99.4%, 20ms/99.6%, 50ms/99.9%, 100ms/99.9%
[163.800s][info][gc,marking  ] GC(34) Y: Mark: 4 stripe(s), 2 proactive flush(es), 1 terminate flush(es), 0 completion(s), 0 continuation(s) 
[163.800s][info][gc,nmethod  ] GC(34) Y: NMethods: 6394 registered, 2820 unregistered
[163.800s][info][gc,metaspace] GC(34) Y: Metaspace: 152M used, 153M committed, 1216M reserved
[163.800s][info][gc,reloc    ] GC(34) Y:                        Candidates     Selected     In-Place         Size        Empty    Relocated 
[163.800s][info][gc,reloc    ] GC(34) Y: Small Pages:                   45           36            0          90M          16M           0M 
[163.800s][info][gc,reloc    ] GC(34) Y: Medium Pages:                   0            0            0           0M           0M           0M 
[163.800s][info][gc,reloc    ] GC(34) Y: Large Pages:                    0            0            0           0M           0M           0M 
[163.800s][info][gc,reloc    ] GC(34) Y: Forwarding Usage: 0M
[163.800s][info][gc,reloc    ] GC(34) Y: Age Table:
[163.800s][info][gc,reloc    ] GC(34) Y:                    Live             Garbage             Small              Medium             Large        
[163.800s][info][gc,reloc    ] GC(34) Y: Eden               0M (0%)           87M (2%)          44 / 36             0 / 0              0 / 0        
[163.800s][info][gc,reloc    ] GC(34) Y: Survivor 1         0M (0%)            1M (0%)           1 / 0              0 / 0              0 / 0        
[163.801s][info][gc,heap     ] GC(34) Y: Min Capacity: 8M(0%)
[163.801s][info][gc,heap     ] GC(34) Y: Max Capacity: 4096M(100%)
[163.801s][info][gc,heap     ] GC(34) Y: Soft Max Capacity: 4096M(100%)
[163.801s][info][gc,heap     ] GC(34) Y: Heap Statistics:
[163.801s][info][gc,heap     ] GC(34) Y:                Mark Start          Mark End        Relocate Start      Relocate End           High               Low         
[163.801s][info][gc,heap     ] GC(34) Y:  Capacity:     3348M (82%)        3348M (82%)        3348M (82%)        3348M (82%)        3348M (82%)        3348M (82%)    
[163.801s][info][gc,heap     ] GC(34) Y:      Free:     3458M (84%)        3456M (84%)        3472M (85%)        3536M (86%)        3536M (86%)        3456M (84%)    
[163.801s][info][gc,heap     ] GC(34) Y:      Used:      638M (16%)         640M (16%)         624M (15%)         560M (14%)         640M (16%)         560M (14%)    
[163.801s][info][gc,heap     ] GC(34) Y: Young Generation Statistics:
[163.801s][info][gc,heap     ] GC(34) Y:                Mark Start          Mark End        Relocate Start      Relocate End    
[163.801s][info][gc,heap     ] GC(34) Y:      Used:       90M (2%)           92M (2%)           76M (2%)            2M (0%)     
[163.801s][info][gc,heap     ] GC(34) Y:      Live:         -                 0M (0%)            0M (0%)            0M (0%)     
[163.801s][info][gc,heap     ] GC(34) Y:   Garbage:         -                89M (2%)           73M (2%)            0M (0%)     
[163.801s][info][gc,heap     ] GC(34) Y: Allocated:         -                 2M (0%)            2M (0%)            2M (0%)     
[163.801s][info][gc,heap     ] GC(34) Y: Reclaimed:         -                  -                16M (0%)           89M (2%)     
[163.801s][info][gc,heap     ] GC(34) Y:  Promoted:         -                  -                 0M (0%)            0M (0%)     
[163.801s][info][gc,heap     ] GC(34) Y: Compacted:         -                  -                  -                 0M (0%)     
[163.801s][info][gc,phases   ] GC(34) Y: Young Generation (Promote All) 638M(16%)->560M(14%) 0.006s
[163.801s][info][gc,phases   ] GC(34) Y: Young Generation (Collect Roots)
[163.801s][info][gc,phases   ] GC(34) Y: Pause Mark Start (Major) 0.009ms
[163.801s][info][safepoint   ] Safepoint "ZMarkStartYoungAndOld", Time since last: 953100 ns, Reaching safepoint: 1900 ns, At safepoint: 26400 ns, Leaving safepoint: 2100 ns, Total: 30400 ns, Threads: 0 runnable, 54 total
[163.805s][info][gc,phases   ] GC(34) Y: Concurrent Mark 3.791ms
[163.805s][info][gc,phases   ] GC(34) Y: Pause Mark End 0.006ms
[163.805s][info][safepoint   ] Safepoint "ZMarkEndYoung", Time since last: 3831900 ns, Reaching safepoint: 1400 ns, At safepoint: 23500 ns, Leaving safepoint: 2300 ns, Total: 27200 ns, Threads: 0 runnable, 54 total
[163.805s][info][gc,phases   ] GC(34) Y: Concurrent Mark Free 0.000ms
[163.805s][info][gc,phases   ] GC(34) Y: Concurrent Reset Relocation Set 0.000ms
[163.805s][info][gc,reloc    ] GC(34) Y: Using tenuring threshold: 0 (Computed)
[163.805s][info][gc,phases   ] GC(34) Y: Concurrent Select Relocation Set 0.146ms
[163.805s][info][gc,phases   ] GC(34) Y: Pause Relocate Start 0.006ms
[163.805s][info][safepoint   ] Safepoint "ZRelocateStartYoung", Time since last: 203900 ns, Reaching safepoint: 1900 ns, At safepoint: 22900 ns, Leaving safepoint: 1900 ns, Total: 26700 ns, Threads: 0 runnable, 54 total
[163.805s][info][gc,phases   ] GC(34) Y: Concurrent Relocate 0.044ms
[163.805s][info][gc,alloc    ] GC(34) Y:                         Mark Start        Mark End      Relocate Start    Relocate End   
[163.805s][info][gc,alloc    ] GC(34) Y: Allocation Stalls:          0                0                0                0         
[163.805s][info][gc,load     ] GC(34) Y: Load: 0.00 (0%) / 0.00 (0%) / 0.00 (0%)
[163.805s][info][gc,mmu      ] GC(34) Y: MMU: 2ms/98.0%, 5ms/99.2%, 10ms/99.4%, 20ms/99.6%, 50ms/99.9%, 100ms/99.9%
[163.805s][info][gc,marking  ] GC(34) Y: Mark: 4 stripe(s), 1 proactive flush(es), 1 terminate flush(es), 0 completion(s), 0 continuation(s) 
[163.805s][info][gc,nmethod  ] GC(34) Y: NMethods: 6394 registered, 2820 unregistered
[163.805s][info][gc,metaspace] GC(34) Y: Metaspace: 152M used, 153M committed, 1216M reserved
[163.805s][info][gc,reloc    ] GC(34) Y:                        Candidates     Selected     In-Place         Size        Empty    Relocated 
[163.805s][info][gc,reloc    ] GC(34) Y: Small Pages:                    1            0            0           2M           2M           0M 
[163.805s][info][gc,reloc    ] GC(34) Y: Medium Pages:                   0            0            0           0M           0M           0M 
[163.805s][info][gc,reloc    ] GC(34) Y: Large Pages:                    0            0            0           0M           0M           0M 
[163.805s][info][gc,reloc    ] GC(34) Y: Forwarding Usage: 0M
[163.805s][info][gc,reloc    ] GC(34) Y: Age Table:
[163.805s][info][gc,reloc    ] GC(34) Y:                    Live             Garbage             Small              Medium             Large        
[163.805s][info][gc,reloc    ] GC(34) Y: Eden                -                 2M (0%)           1 / 0              0 / 0              0 / 0        
[163.805s][info][gc,heap     ] GC(34) Y: Min Capacity: 8M(0%)
[163.805s][info][gc,heap     ] GC(34) Y: Max Capacity: 4096M(100%)
[163.805s][info][gc,heap     ] GC(34) Y: Soft Max Capacity: 4096M(100%)
[163.805s][info][gc,heap     ] GC(34) Y: Heap Statistics:
[163.805s][info][gc,heap     ] GC(34) Y:                Mark Start          Mark End        Relocate Start      Relocate End           High               Low         
[163.805s][info][gc,heap     ] GC(34) Y:  Capacity:     3348M (82%)        3348M (82%)        3348M (82%)        3348M (82%)        3348M (82%)        3348M (82%)    
[163.805s][info][gc,heap     ] GC(34) Y:      Free:     3536M (86%)        3534M (86%)        3536M (86%)        3536M (86%)        3536M (86%)        3534M (86%)    
[163.805s][info][gc,heap     ] GC(34) Y:      Used:      560M (14%)         562M (14%)         560M (14%)         560M (14%)         562M (14%)         560M (14%)    
[163.805s][info][gc,heap     ] GC(34) Y: Young Generation Statistics:
[163.805s][info][gc,heap     ] GC(34) Y:                Mark Start          Mark End        Relocate Start      Relocate End    
[163.805s][info][gc,heap     ] GC(34) Y:      Used:        2M (0%)            4M (0%)            2M (0%)            2M (0%)     
[163.805s][info][gc,heap     ] GC(34) Y:      Live:         -                 0M (0%)            0M (0%)            0M (0%)     
[163.805s][info][gc,heap     ] GC(34) Y:   Garbage:         -                 2M (0%)            0M (0%)            0M (0%)     
[163.805s][info][gc,heap     ] GC(34) Y: Allocated:         -                 2M (0%)            2M (0%)            2M (0%)     
[163.805s][info][gc,heap     ] GC(34) Y: Reclaimed:         -                  -                 2M (0%)            2M (0%)     
[163.805s][info][gc,heap     ] GC(34) Y:  Promoted:         -                  -                 0M (0%)            0M (0%)     
[163.805s][info][gc,heap     ] GC(34) Y: Compacted:         -                  -                  -                 0M (0%)     
[163.805s][info][gc,phases   ] GC(34) Y: Young Generation (Collect Roots) 560M(14%)->560M(14%) 0.004s
[163.805s][info][gc,phases   ] GC(34) O: Old Generation
[163.964s][info][gc,phases   ] GC(34) O: Concurrent Mark 158.503ms
[163.964s][info][gc,phases   ] GC(34) O: Pause Mark End 0.013ms
[163.964s][info][safepoint   ] Safepoint "ZMarkEndOld", Time since last: 158852900 ns, Reaching safepoint: 2100 ns, At safepoint: 35100 ns, Leaving safepoint: 2600 ns, Total: 39800 ns, Threads: 0 runnable, 54 total
[163.964s][info][gc,phases   ] GC(34) O: Concurrent Mark Free 0.001ms
[163.967s][info][gc,phases   ] GC(34) O: Concurrent Process Non-Strong 3.030ms
[163.967s][info][gc,phases   ] GC(34) O: Concurrent Reset Relocation Set 0.000ms
[163.967s][info][gc,phases   ] GC(34) O: Concurrent Select Relocation Set 0.255ms
[163.967s][info][gc,task     ] GC(34) O: Using 4 Workers for Old Generation
[163.968s][info][gc,task     ] GC(34) O: Using 4 Workers for Old Generation
[163.968s][info][gc,phases   ] GC(34) O: Concurrent Remap Roots 1.092ms
[163.968s][info][gc,phases   ] GC(34) O: Pause Relocate Start 0.009ms
[163.968s][info][safepoint   ] Safepoint "ZRelocateStartOld", Time since last: 4477600 ns, Reaching safepoint: 2700 ns, At safepoint: 32800 ns, Leaving safepoint: 2300 ns, Total: 37800 ns, Threads: 0 runnable, 54 total
[163.969s][info][gc,phases   ] GC(34) O: Concurrent Relocate 1.194ms
[163.969s][info][gc,alloc    ] GC(34) O:                         Mark Start        Mark End      Relocate Start    Relocate End   
[163.969s][info][gc,alloc    ] GC(34) O: Allocation Stalls:          0                0                0                0         
[163.969s][info][gc,load     ] GC(34) O: Load: 0.00 (0%) / 0.00 (0%) / 0.00 (0%)
[163.969s][info][gc,mmu      ] GC(34) O: MMU: 2ms/98.0%, 5ms/99.2%, 10ms/99.4%, 20ms/99.6%, 50ms/99.9%, 100ms/99.9%
[163.969s][info][gc,marking  ] GC(34) O: Mark: 4 stripe(s), 10 proactive flush(es), 1 terminate flush(es), 0 completion(s), 0 continuation(s) 
[163.969s][info][gc,nmethod  ] GC(34) O: NMethods: 6388 registered, 2827 unregistered
[163.970s][info][gc,metaspace] GC(34) O: Metaspace: 152M used, 153M committed, 1216M reserved
[163.970s][info][gc,ref      ] GC(34) O:                       Encountered   Discovered     Enqueued 
[163.970s][info][gc,ref      ] GC(34) O: Soft References:             5379            0            0 
[163.970s][info][gc,ref      ] GC(34) O: Weak References:            36574        14436            0 
[163.970s][info][gc,ref      ] GC(34) O: Final References:              55           16            0 
[163.970s][info][gc,ref      ] GC(34) O: Phantom References:          1211         1078            5 
[163.970s][info][gc,reloc    ] GC(34) O:                        Candidates     Selected     In-Place         Size        Empty    Relocated 
[163.970s][info][gc,reloc    ] GC(34) O: Small Pages:                  241           10            0         482M           0M           2M 
[163.970s][info][gc,reloc    ] GC(34) O: Medium Pages:                   2            0            0          64M           0M           0M 
[163.970s][info][gc,reloc    ] GC(34) O: Large Pages:                    1            0            0          12M           0M           0M 
[163.970s][info][gc,reloc    ] GC(34) O: Forwarding Usage: 1M
[163.970s][info][gc,heap     ] GC(34) O: Min Capacity: 8M(0%)
[163.970s][info][gc,heap     ] GC(34) O: Max Capacity: 4096M(100%)
[163.970s][info][gc,heap     ] GC(34) O: Soft Max Capacity: 4096M(100%)
[163.970s][info][gc,heap     ] GC(34) O: Heap Statistics:
[163.970s][info][gc,heap     ] GC(34) O:                Mark Start          Mark End        Relocate Start      Relocate End           High               Low         
[163.970s][info][gc,heap     ] GC(34) O:  Capacity:     3348M (82%)        3348M (82%)        3348M (82%)        3348M (82%)        3348M (82%)        3348M (82%)    
[163.970s][info][gc,heap     ] GC(34) O:      Free:     3536M (86%)        3524M (86%)        3522M (86%)        3538M (86%)        3538M (86%)        3512M (86%)    
[163.970s][info][gc,heap     ] GC(34) O:      Used:      560M (14%)         572M (14%)         574M (14%)         558M (14%)         584M (14%)         558M (14%)    
[163.970s][info][gc,heap     ] GC(34) O: Old Generation Statistics:
[163.970s][info][gc,heap     ] GC(34) O:                Mark Start          Mark End        Relocate Start      Relocate End    
[163.970s][info][gc,heap     ] GC(34) O:      Used:      558M (14%)         558M (14%)         558M (14%)         542M (13%)    
[163.970s][info][gc,heap     ] GC(34) O:      Live:         -               486M (12%)         486M (12%)         486M (12%)    
[163.970s][info][gc,heap     ] GC(34) O:   Garbage:         -                71M (2%)           71M (2%)           50M (1%)     
[163.970s][info][gc,heap     ] GC(34) O: Allocated:         -                 0M (0%)            0M (0%)            4M (0%)     
[163.970s][info][gc,heap     ] GC(34) O: Reclaimed:         -                  -                 0M (0%)           20M (1%)     
[163.970s][info][gc,heap     ] GC(34) O: Compacted:         -                  -                  -                 5M (0%)     
[163.970s][info][gc,phases   ] GC(34) O: Old Generation 560M(14%)->558M(14%) 0.164s
[163.970s][info][gc          ] GC(34) Major Collection (System.gc()) 638M(16%)->558M(14%) 0.175s
[168.971s][info][gc          ] GC(35) Major Collection (System.gc())
[168.971s][info][gc,task     ] GC(35) Using 4 Workers for Young Generation
[168.971s][info][gc,task     ] GC(35) Using 4 Workers for Old Generation
[168.971s][info][gc,phases   ] GC(35) Y: Young Generation (Promote All)
[168.971s][info][gc,phases   ] GC(35) Y: Pause Mark Start 0.014ms
[168.971s][info][safepoint   ] Safepoint "ZMarkStartYoung", Time since last: 5002759600 ns, Reaching safepoint: 4600 ns, At safepoint: 40000 ns, Leaving safepoint: 2900 ns, Total: 47500 ns, Threads: 0 runnable, 54 total
[168.976s][info][gc,phases   ] GC(35) Y: Concurrent Mark 5.394ms
[168.976s][info][gc,phases   ] GC(35) Y: Pause Mark End 0.009ms
[168.976s][info][safepoint   ] Safepoint "ZMarkEndYoung", Time since last: 5439100 ns, Reaching safepoint: 2100 ns, At safepoint: 25900 ns, Leaving safepoint: 1900 ns, Total: 29900 ns, Threads: 0 runnable, 54 total
[168.977s][info][gc,phases   ] GC(35) Y: Concurrent Mark Free 0.001ms
[168.977s][info][gc,phases   ] GC(35) Y: Concurrent Reset Relocation Set 0.000ms
[168.977s][info][gc,reloc    ] GC(35) Y: Using tenuring threshold: 0 (Promote All)
[168.977s][info][gc,phases   ] GC(35) Y: Concurrent Select Relocation Set 0.120ms
[168.977s][info][gc,phases   ] GC(35) Y: Pause Relocate Start 0.007ms
[168.977s][info][safepoint   ] Safepoint "ZRelocateStartYoung", Time since last: 185200 ns, Reaching safepoint: 2000 ns, At safepoint: 26400 ns, Leaving safepoint: 2400 ns, Total: 30800 ns, Threads: 0 runnable, 54 total
[168.977s][info][gc,phases   ] GC(35) Y: Concurrent Relocate 0.286ms
[168.977s][info][gc,alloc    ] GC(35) Y:                         Mark Start        Mark End      Relocate Start    Relocate End   
[168.977s][info][gc,alloc    ] GC(35) Y: Allocation Stalls:          0                0                0                0         
[168.977s][info][gc,load     ] GC(35) Y: Load: 0.00 (0%) / 0.00 (0%) / 0.00 (0%)
[168.977s][info][gc,mmu      ] GC(35) Y: MMU: 2ms/98.0%, 5ms/99.2%, 10ms/99.4%, 20ms/99.6%, 50ms/99.9%, 100ms/99.9%
[168.977s][info][gc,marking  ] GC(35) Y: Mark: 4 stripe(s), 1 proactive flush(es), 1 terminate flush(es), 0 completion(s), 0 continuation(s) 
[168.977s][info][gc,nmethod  ] GC(35) Y: NMethods: 6405 registered, 2827 unregistered
[168.977s][info][gc,metaspace] GC(35) Y: Metaspace: 152M used, 153M committed, 1216M reserved
[168.977s][info][gc,reloc    ] GC(35) Y:                        Candidates     Selected     In-Place         Size        Empty    Relocated 
[168.977s][info][gc,reloc    ] GC(35) Y: Small Pages:                   45           35            0          90M          18M           0M 
[168.977s][info][gc,reloc    ] GC(35) Y: Medium Pages:                   0            0            0           0M           0M           0M 
[168.977s][info][gc,reloc    ] GC(35) Y: Large Pages:                    0            0            0           0M           0M           0M 
[168.977s][info][gc,reloc    ] GC(35) Y: Forwarding Usage: 0M
[168.977s][info][gc,reloc    ] GC(35) Y: Age Table:
[168.977s][info][gc,reloc    ] GC(35) Y:                    Live             Garbage             Small              Medium             Large        
[168.977s][info][gc,reloc    ] GC(35) Y: Eden               0M (0%)           89M (2%)          45 / 35             0 / 0              0 / 0        
[168.977s][info][gc,heap     ] GC(35) Y: Min Capacity: 8M(0%)
[168.977s][info][gc,heap     ] GC(35) Y: Max Capacity: 4096M(100%)
[168.977s][info][gc,heap     ] GC(35) Y: Soft Max Capacity: 4096M(100%)
[168.977s][info][gc,heap     ] GC(35) Y: Heap Statistics:
[168.977s][info][gc,heap     ] GC(35) Y:                Mark Start          Mark End        Relocate Start      Relocate End           High               Low         
[168.977s][info][gc,heap     ] GC(35) Y:  Capacity:     3348M (82%)        3348M (82%)        3348M (82%)        3348M (82%)        3348M (82%)        3348M (82%)    
[168.977s][info][gc,heap     ] GC(35) Y:      Free:     3464M (85%)        3462M (85%)        3480M (85%)        3544M (87%)        3544M (87%)        3462M (85%)    
[168.977s][info][gc,heap     ] GC(35) Y:      Used:      632M (15%)         634M (15%)         616M (15%)         552M (13%)         634M (15%)         552M (13%)    
[168.977s][info][gc,heap     ] GC(35) Y: Young Generation Statistics:
[168.977s][info][gc,heap     ] GC(35) Y:                Mark Start          Mark End        Relocate Start      Relocate End    
[168.977s][info][gc,heap     ] GC(35) Y:      Used:       90M (2%)           92M (2%)           74M (2%)            2M (0%)     
[168.977s][info][gc,heap     ] GC(35) Y:      Live:         -                 0M (0%)            0M (0%)            0M (0%)     
[168.977s][info][gc,heap     ] GC(35) Y:   Garbage:         -                89M (2%)           71M (2%)            0M (0%)     
[168.977s][info][gc,heap     ] GC(35) Y: Allocated:         -                 2M (0%)            2M (0%)            2M (0%)     
[168.977s][info][gc,heap     ] GC(35) Y: Reclaimed:         -                  -                18M (0%)           89M (2%)     
[168.977s][info][gc,heap     ] GC(35) Y:  Promoted:         -                  -                 0M (0%)            0M (0%)     
[168.977s][info][gc,heap     ] GC(35) Y: Compacted:         -                  -                  -                 0M (0%)     
[168.977s][info][gc,phases   ] GC(35) Y: Young Generation (Promote All) 632M(15%)->552M(13%) 0.006s
[168.977s][info][gc,phases   ] GC(35) Y: Young Generation (Collect Roots)
[168.977s][info][gc,phases   ] GC(35) Y: Pause Mark Start (Major) 0.009ms
[168.977s][info][safepoint   ] Safepoint "ZMarkStartYoungAndOld", Time since last: 635500 ns, Reaching safepoint: 1900 ns, At safepoint: 27700 ns, Leaving safepoint: 2200 ns, Total: 31800 ns, Threads: 0 runnable, 54 total
[168.981s][info][gc,phases   ] GC(35) Y: Concurrent Mark 3.834ms
[168.981s][info][gc,phases   ] GC(35) Y: Pause Mark End 0.007ms
[168.981s][info][safepoint   ] Safepoint "ZMarkEndYoung", Time since last: 3876600 ns, Reaching safepoint: 1800 ns, At safepoint: 16100 ns, Leaving safepoint: 1800 ns, Total: 19700 ns, Threads: 0 runnable, 54 total
[168.981s][info][gc,phases   ] GC(35) Y: Concurrent Mark Free 0.000ms
[168.981s][info][gc,phases   ] GC(35) Y: Concurrent Reset Relocation Set 0.001ms
[168.981s][info][gc,reloc    ] GC(35) Y: Using tenuring threshold: 0 (Computed)
[168.981s][info][gc,phases   ] GC(35) Y: Concurrent Select Relocation Set 0.103ms
[168.981s][info][gc,phases   ] GC(35) Y: Pause Relocate Start 0.004ms
[168.981s][info][safepoint   ] Safepoint "ZRelocateStartYoung", Time since last: 152900 ns, Reaching safepoint: 1100 ns, At safepoint: 11400 ns, Leaving safepoint: 1600 ns, Total: 14100 ns, Threads: 0 runnable, 54 total
[168.981s][info][gc,phases   ] GC(35) Y: Concurrent Relocate 0.036ms
[168.982s][info][gc,alloc    ] GC(35) Y:                         Mark Start        Mark End      Relocate Start    Relocate End   
[168.982s][info][gc,alloc    ] GC(35) Y: Allocation Stalls:          0                0                0                0         
[168.982s][info][gc,load     ] GC(35) Y: Load: 0.00 (0%) / 0.00 (0%) / 0.00 (0%)
[168.982s][info][gc,mmu      ] GC(35) Y: MMU: 2ms/98.0%, 5ms/99.2%, 10ms/99.4%, 20ms/99.6%, 50ms/99.9%, 100ms/99.9%
[168.982s][info][gc,marking  ] GC(35) Y: Mark: 4 stripe(s), 1 proactive flush(es), 1 terminate flush(es), 0 completion(s), 0 continuation(s) 
[168.982s][info][gc,nmethod  ] GC(35) Y: NMethods: 6405 registered, 2827 unregistered
[168.982s][info][gc,metaspace] GC(35) Y: Metaspace: 152M used, 153M committed, 1216M reserved
[168.982s][info][gc,reloc    ] GC(35) Y:                        Candidates     Selected     In-Place         Size        Empty    Relocated 
[168.982s][info][gc,reloc    ] GC(35) Y: Small Pages:                    1            0            0           2M           2M           0M 
[168.982s][info][gc,reloc    ] GC(35) Y: Medium Pages:                   0            0            0           0M           0M           0M 
[168.982s][info][gc,reloc    ] GC(35) Y: Large Pages:                    0            0            0           0M           0M           0M 
[168.982s][info][gc,reloc    ] GC(35) Y: Forwarding Usage: 0M
[168.982s][info][gc,reloc    ] GC(35) Y: Age Table:
[168.982s][info][gc,reloc    ] GC(35) Y:                    Live             Garbage             Small              Medium             Large        
[168.982s][info][gc,reloc    ] GC(35) Y: Eden                -                 2M (0%)           1 / 0              0 / 0              0 / 0        
[168.982s][info][gc,heap     ] GC(35) Y: Min Capacity: 8M(0%)
[168.982s][info][gc,heap     ] GC(35) Y: Max Capacity: 4096M(100%)
[168.982s][info][gc,heap     ] GC(35) Y: Soft Max Capacity: 4096M(100%)
[168.982s][info][gc,heap     ] GC(35) Y: Heap Statistics:
[168.982s][info][gc,heap     ] GC(35) Y:                Mark Start          Mark End        Relocate Start      Relocate End           High               Low         
[168.982s][info][gc,heap     ] GC(35) Y:  Capacity:     3348M (82%)        3348M (82%)        3348M (82%)        3348M (82%)        3348M (82%)        3348M (82%)    
[168.982s][info][gc,heap     ] GC(35) Y:      Free:     3544M (87%)        3542M (86%)        3544M (87%)        3544M (87%)        3544M (87%)        3542M (86%)    
[168.982s][info][gc,heap     ] GC(35) Y:      Used:      552M (13%)         554M (14%)         552M (13%)         552M (13%)         554M (14%)         552M (13%)    
[168.982s][info][gc,heap     ] GC(35) Y: Young Generation Statistics:
[168.982s][info][gc,heap     ] GC(35) Y:                Mark Start          Mark End        Relocate Start      Relocate End    
[168.982s][info][gc,heap     ] GC(35) Y:      Used:        2M (0%)            4M (0%)            2M (0%)            2M (0%)     
[168.982s][info][gc,heap     ] GC(35) Y:      Live:         -                 0M (0%)            0M (0%)            0M (0%)     
[168.982s][info][gc,heap     ] GC(35) Y:   Garbage:         -                 2M (0%)            0M (0%)            0M (0%)     
[168.982s][info][gc,heap     ] GC(35) Y: Allocated:         -                 2M (0%)            2M (0%)            2M (0%)     
[168.982s][info][gc,heap     ] GC(35) Y: Reclaimed:         -                  -                 2M (0%)            2M (0%)     
[168.982s][info][gc,heap     ] GC(35) Y:  Promoted:         -                  -                 0M (0%)            0M (0%)     
[168.982s][info][gc,heap     ] GC(35) Y: Compacted:         -                  -                  -                 0M (0%)     
[168.982s][info][gc,phases   ] GC(35) Y: Young Generation (Collect Roots) 552M(13%)->552M(13%) 0.004s
[168.982s][info][gc,phases   ] GC(35) O: Old Generation
[169.114s][info][gc,phases   ] GC(35) O: Concurrent Mark 132.477ms
[169.114s][info][gc,phases   ] GC(35) O: Pause Mark End 0.014ms
[169.114s][info][safepoint   ] Safepoint "ZMarkEndOld", Time since last: 132830700 ns, Reaching safepoint: 3300 ns, At safepoint: 35400 ns, Leaving safepoint: 2100 ns, Total: 40800 ns, Threads: 0 runnable, 54 total
[169.114s][info][gc,phases   ] GC(35) O: Concurrent Mark Free 0.002ms
[169.117s][info][gc,phases   ] GC(35) O: Concurrent Process Non-Strong 2.640ms
[169.117s][info][gc,phases   ] GC(35) O: Concurrent Reset Relocation Set 0.001ms
[169.117s][info][gc,phases   ] GC(35) O: Concurrent Select Relocation Set 0.259ms
[169.117s][info][gc,task     ] GC(35) O: Using 4 Workers for Old Generation
[169.118s][info][gc,task     ] GC(35) O: Using 4 Workers for Old Generation
[169.118s][info][gc,phases   ] GC(35) O: Concurrent Remap Roots 0.914ms
[169.118s][info][gc,phases   ] GC(35) O: Pause Relocate Start 0.009ms
[169.118s][info][safepoint   ] Safepoint "ZRelocateStartOld", Time since last: 3913500 ns, Reaching safepoint: 2500 ns, At safepoint: 24600 ns, Leaving safepoint: 1900 ns, Total: 29000 ns, Threads: 0 runnable, 54 total
[169.120s][info][gc,phases   ] GC(35) O: Concurrent Relocate 1.349ms
[169.120s][info][gc,alloc    ] GC(35) O:                         Mark Start        Mark End      Relocate Start    Relocate End   
[169.120s][info][gc,alloc    ] GC(35) O: Allocation Stalls:          0                0                0                0         
[169.120s][info][gc,load     ] GC(35) O: Load: 0.00 (0%) / 0.00 (0%) / 0.00 (0%)
[169.120s][info][gc,mmu      ] GC(35) O: MMU: 2ms/98.0%, 5ms/99.2%, 10ms/99.4%, 20ms/99.6%, 50ms/99.9%, 100ms/99.9%
[169.120s][info][gc,marking  ] GC(35) O: Mark: 4 stripe(s), 2 proactive flush(es), 1 terminate flush(es), 0 completion(s), 0 continuation(s) 
[169.120s][info][gc,nmethod  ] GC(35) O: NMethods: 6398 registered, 2834 unregistered
[169.120s][info][gc,metaspace] GC(35) O: Metaspace: 152M used, 153M committed, 1216M reserved
[169.120s][info][gc,ref      ] GC(35) O:                       Encountered   Discovered     Enqueued 
[169.120s][info][gc,ref      ] GC(35) O: Soft References:             5379            0            0 
[169.120s][info][gc,ref      ] GC(35) O: Weak References:            36574          905            0 
[169.120s][info][gc,ref      ] GC(35) O: Final References:              55            4            0 
[169.120s][info][gc,ref      ] GC(35) O: Phantom References:          1211          672            5 
[169.120s][info][gc,reloc    ] GC(35) O:                        Candidates     Selected     In-Place         Size        Empty    Relocated 
[169.120s][info][gc,reloc    ] GC(35) O: Small Pages:                  237            6            0         474M           0M           2M 
[169.120s][info][gc,reloc    ] GC(35) O: Medium Pages:                   2            0            0          64M           0M           0M 
[169.120s][info][gc,reloc    ] GC(35) O: Large Pages:                    1            0            0          12M           0M           0M 
[169.120s][info][gc,reloc    ] GC(35) O: Forwarding Usage: 1M
[169.120s][info][gc,heap     ] GC(35) O: Min Capacity: 8M(0%)
[169.120s][info][gc,heap     ] GC(35) O: Max Capacity: 4096M(100%)
[169.120s][info][gc,heap     ] GC(35) O: Soft Max Capacity: 4096M(100%)
[169.120s][info][gc,heap     ] GC(35) O: Heap Statistics:
[169.120s][info][gc,heap     ] GC(35) O:                Mark Start          Mark End        Relocate Start      Relocate End           High               Low         
[169.120s][info][gc,heap     ] GC(35) O:  Capacity:     3348M (82%)        3348M (82%)        3348M (82%)        3348M (82%)        3348M (82%)        3348M (82%)    
[169.120s][info][gc,heap     ] GC(35) O:      Free:     3544M (87%)        3534M (86%)        3534M (86%)        3542M (86%)        3544M (87%)        3524M (86%)    
[169.120s][info][gc,heap     ] GC(35) O:      Used:      552M (13%)         562M (14%)         562M (14%)         554M (14%)         572M (14%)         552M (13%)    
[169.120s][info][gc,heap     ] GC(35) O: Old Generation Statistics:
[169.120s][info][gc,heap     ] GC(35) O:                Mark Start          Mark End        Relocate Start      Relocate End    
[169.120s][info][gc,heap     ] GC(35) O:      Used:      550M (13%)         550M (13%)         550M (13%)         542M (13%)    
[169.120s][info][gc,heap     ] GC(35) O:      Live:         -               486M (12%)         486M (12%)         486M (12%)    
[169.120s][info][gc,heap     ] GC(35) O:   Garbage:         -                63M (2%)           63M (2%)           50M (1%)     
[169.120s][info][gc,heap     ] GC(35) O: Allocated:         -                 0M (0%)            0M (0%)            4M (0%)     
[169.120s][info][gc,heap     ] GC(35) O: Reclaimed:         -                  -                 0M (0%)           12M (0%)     
[169.120s][info][gc,heap     ] GC(35) O: Compacted:         -                  -                  -                 5M (0%)     
[169.120s][info][gc,phases   ] GC(35) O: Old Generation 552M(13%)->554M(14%) 0.138s
[169.120s][info][gc          ] GC(35) Major Collection (System.gc()) 632M(15%)->554M(14%) 0.149s
[174.121s][info][gc          ] GC(36) Major Collection (System.gc())
[174.121s][info][gc,task     ] GC(36) Using 4 Workers for Young Generation
[174.121s][info][gc,task     ] GC(36) Using 4 Workers for Old Generation
[174.121s][info][gc,phases   ] GC(36) Y: Young Generation (Promote All)
[174.121s][info][gc,phases   ] GC(36) Y: Pause Mark Start 0.012ms
[174.121s][info][safepoint   ] Safepoint "ZMarkStartYoung", Time since last: 5002409100 ns, Reaching safepoint: 5100 ns, At safepoint: 33600 ns, Leaving safepoint: 2400 ns, Total: 41100 ns, Threads: 0 runnable, 59 total
[174.126s][info][gc,phases   ] GC(36) Y: Concurrent Mark 5.061ms
[174.126s][info][gc,phases   ] GC(36) Y: Pause Mark End 0.010ms
[174.126s][info][safepoint   ] Safepoint "ZMarkEndYoung", Time since last: 5105600 ns, Reaching safepoint: 2200 ns, At safepoint: 27000 ns, Leaving safepoint: 1900 ns, Total: 31100 ns, Threads: 0 runnable, 59 total
[174.126s][info][gc,phases   ] GC(36) Y: Concurrent Mark Free 0.002ms
[174.126s][info][gc,phases   ] GC(36) Y: Concurrent Reset Relocation Set 0.000ms
[174.126s][info][gc,reloc    ] GC(36) Y: Using tenuring threshold: 0 (Promote All)
[174.126s][info][gc,phases   ] GC(36) Y: Concurrent Select Relocation Set 0.191ms
[174.126s][info][gc,phases   ] GC(36) Y: Pause Relocate Start 0.005ms
[174.126s][info][safepoint   ] Safepoint "ZRelocateStartYoung", Time since last: 245200 ns, Reaching safepoint: 1100 ns, At safepoint: 15200 ns, Leaving safepoint: 1800 ns, Total: 18100 ns, Threads: 0 runnable, 59 total
[174.126s][info][gc,phases   ] GC(36) Y: Concurrent Relocate 0.247ms
[174.126s][info][gc,alloc    ] GC(36) Y:                         Mark Start        Mark End      Relocate Start    Relocate End   
[174.126s][info][gc,alloc    ] GC(36) Y: Allocation Stalls:          0                0                0                0         
[174.126s][info][gc,load     ] GC(36) Y: Load: 0.00 (0%) / 0.00 (0%) / 0.00 (0%)
[174.126s][info][gc,mmu      ] GC(36) Y: MMU: 2ms/98.0%, 5ms/99.2%, 10ms/99.4%, 20ms/99.6%, 50ms/99.9%, 100ms/99.9%
[174.126s][info][gc,marking  ] GC(36) Y: Mark: 4 stripe(s), 1 proactive flush(es), 1 terminate flush(es), 0 completion(s), 0 continuation(s) 
[174.126s][info][gc,nmethod  ] GC(36) Y: NMethods: 7791 registered, 2834 unregistered
[174.126s][info][gc,metaspace] GC(36) Y: Metaspace: 152M used, 154M committed, 1216M reserved
[174.126s][info][gc,reloc    ] GC(36) Y:                        Candidates     Selected     In-Place         Size        Empty    Relocated 
[174.126s][info][gc,reloc    ] GC(36) Y: Small Pages:                   39           27            0          78M          22M           0M 
[174.126s][info][gc,reloc    ] GC(36) Y: Medium Pages:                   0            0            0           0M           0M           0M 
[174.126s][info][gc,reloc    ] GC(36) Y: Large Pages:                    0            0            0           0M           0M           0M 
[174.126s][info][gc,reloc    ] GC(36) Y: Forwarding Usage: 0M
[174.126s][info][gc,reloc    ] GC(36) Y: Age Table:
[174.126s][info][gc,reloc    ] GC(36) Y:                    Live             Garbage             Small              Medium             Large        
[174.126s][info][gc,reloc    ] GC(36) Y: Eden               0M (0%)           77M (2%)          39 / 27             0 / 0              0 / 0        
[174.126s][info][gc,heap     ] GC(36) Y: Min Capacity: 8M(0%)
[174.126s][info][gc,heap     ] GC(36) Y: Max Capacity: 4096M(100%)
[174.127s][info][gc,heap     ] GC(36) Y: Soft Max Capacity: 4096M(100%)
[174.127s][info][gc,heap     ] GC(36) Y: Heap Statistics:
[174.127s][info][gc,heap     ] GC(36) Y:                Mark Start          Mark End        Relocate Start      Relocate End           High               Low         
[174.127s][info][gc,heap     ] GC(36) Y:  Capacity:     3348M (82%)        3348M (82%)        3348M (82%)        3348M (82%)        3348M (82%)        3348M (82%)    
[174.127s][info][gc,heap     ] GC(36) Y:      Free:     3476M (85%)        3474M (85%)        3496M (85%)        3544M (87%)        3544M (87%)        3474M (85%)    
[174.127s][info][gc,heap     ] GC(36) Y:      Used:      620M (15%)         622M (15%)         600M (15%)         552M (13%)         622M (15%)         552M (13%)    
[174.127s][info][gc,heap     ] GC(36) Y: Young Generation Statistics:
[174.127s][info][gc,heap     ] GC(36) Y:                Mark Start          Mark End        Relocate Start      Relocate End    
[174.127s][info][gc,heap     ] GC(36) Y:      Used:       78M (2%)           80M (2%)           58M (1%)            2M (0%)     
[174.127s][info][gc,heap     ] GC(36) Y:      Live:         -                 0M (0%)            0M (0%)            0M (0%)     
[174.127s][info][gc,heap     ] GC(36) Y:   Garbage:         -                77M (2%)           55M (1%)            0M (0%)     
[174.127s][info][gc,heap     ] GC(36) Y: Allocated:         -                 2M (0%)            2M (0%)            2M (0%)     
[174.127s][info][gc,heap     ] GC(36) Y: Reclaimed:         -                  -                22M (1%)           77M (2%)     
[174.127s][info][gc,heap     ] GC(36) Y:  Promoted:         -                  -                 0M (0%)            0M (0%)     
[174.127s][info][gc,heap     ] GC(36) Y: Compacted:         -                  -                  -                 0M (0%)     
[174.127s][info][gc,phases   ] GC(36) Y: Young Generation (Promote All) 620M(15%)->552M(13%) 0.006s
[174.127s][info][gc,phases   ] GC(36) Y: Young Generation (Collect Roots)
[174.127s][info][gc,phases   ] GC(36) Y: Pause Mark Start (Major) 0.008ms
[174.127s][info][safepoint   ] Safepoint "ZMarkStartYoungAndOld", Time since last: 559000 ns, Reaching safepoint: 2000 ns, At safepoint: 27700 ns, Leaving safepoint: 1900 ns, Total: 31600 ns, Threads: 0 runnable, 59 total
[174.131s][info][gc,phases   ] GC(36) Y: Concurrent Mark 3.927ms
[174.131s][info][gc,phases   ] GC(36) Y: Pause Mark End 0.007ms
[174.131s][info][safepoint   ] Safepoint "ZMarkEndYoung", Time since last: 3961700 ns, Reaching safepoint: 1600 ns, At safepoint: 24800 ns, Leaving safepoint: 3600 ns, Total: 30000 ns, Threads: 1 runnable, 59 total
[174.131s][info][gc,phases   ] GC(36) Y: Concurrent Mark Free 0.000ms
[174.131s][info][gc,phases   ] GC(36) Y: Concurrent Reset Relocation Set 0.000ms
[174.131s][info][gc,reloc    ] GC(36) Y: Using tenuring threshold: 0 (Computed)
[174.131s][info][gc,phases   ] GC(36) Y: Concurrent Select Relocation Set 0.108ms
[174.131s][info][gc,phases   ] GC(36) Y: Pause Relocate Start 0.006ms
[174.131s][info][safepoint   ] Safepoint "ZRelocateStartYoung", Time since last: 185000 ns, Reaching safepoint: 128000 ns, At safepoint: 26000 ns, Leaving safepoint: 3600 ns, Total: 157600 ns, Threads: 1 runnable, 59 total
[174.131s][info][gc,phases   ] GC(36) Y: Concurrent Relocate 0.042ms
[174.131s][info][gc,alloc    ] GC(36) Y:                         Mark Start        Mark End      Relocate Start    Relocate End   
[174.131s][info][gc,alloc    ] GC(36) Y: Allocation Stalls:          0                0                0                0         
[174.131s][info][gc,load     ] GC(36) Y: Load: 0.00 (0%) / 0.00 (0%) / 0.00 (0%)
[174.131s][info][gc,mmu      ] GC(36) Y: MMU: 2ms/98.0%, 5ms/99.2%, 10ms/99.4%, 20ms/99.6%, 50ms/99.9%, 100ms/99.9%
[174.131s][info][gc,marking  ] GC(36) Y: Mark: 4 stripe(s), 1 proactive flush(es), 1 terminate flush(es), 0 completion(s), 0 continuation(s) 
[174.131s][info][gc,nmethod  ] GC(36) Y: NMethods: 7792 registered, 2834 unregistered
[174.131s][info][gc,metaspace] GC(36) Y: Metaspace: 152M used, 154M committed, 1216M reserved
[174.131s][info][gc,reloc    ] GC(36) Y:                        Candidates     Selected     In-Place         Size        Empty    Relocated 
[174.131s][info][gc,reloc    ] GC(36) Y: Small Pages:                    1            0            0           2M           2M           0M 
[174.131s][info][gc,reloc    ] GC(36) Y: Medium Pages:                   0            0            0           0M           0M           0M 
[174.131s][info][gc,reloc    ] GC(36) Y: Large Pages:                    0            0            0           0M           0M           0M 
[174.131s][info][gc,reloc    ] GC(36) Y: Forwarding Usage: 0M
[174.131s][info][gc,reloc    ] GC(36) Y: Age Table:
[174.131s][info][gc,reloc    ] GC(36) Y:                    Live             Garbage             Small              Medium             Large        
[174.131s][info][gc,reloc    ] GC(36) Y: Eden                -                 2M (0%)           1 / 0              0 / 0              0 / 0        
[174.131s][info][gc,heap     ] GC(36) Y: Min Capacity: 8M(0%)
[174.131s][info][gc,heap     ] GC(36) Y: Max Capacity: 4096M(100%)
[174.131s][info][gc,heap     ] GC(36) Y: Soft Max Capacity: 4096M(100%)
[174.131s][info][gc,heap     ] GC(36) Y: Heap Statistics:
[174.131s][info][gc,heap     ] GC(36) Y:                Mark Start          Mark End        Relocate Start      Relocate End           High               Low         
[174.131s][info][gc,heap     ] GC(36) Y:  Capacity:     3348M (82%)        3348M (82%)        3348M (82%)        3348M (82%)        3348M (82%)        3348M (82%)    
[174.131s][info][gc,heap     ] GC(36) Y:      Free:     3544M (87%)        3538M (86%)        3540M (86%)        3540M (86%)        3544M (87%)        3538M (86%)    
[174.131s][info][gc,heap     ] GC(36) Y:      Used:      552M (13%)         558M (14%)         556M (14%)         556M (14%)         558M (14%)         552M (13%)    
[174.131s][info][gc,heap     ] GC(36) Y: Young Generation Statistics:
[174.131s][info][gc,heap     ] GC(36) Y:                Mark Start          Mark End        Relocate Start      Relocate End    
[174.131s][info][gc,heap     ] GC(36) Y:      Used:        2M (0%)            8M (0%)            6M (0%)            6M (0%)     
[174.131s][info][gc,heap     ] GC(36) Y:      Live:         -                 0M (0%)            0M (0%)            0M (0%)     
[174.131s][info][gc,heap     ] GC(36) Y:   Garbage:         -                 2M (0%)            0M (0%)            0M (0%)     
[174.131s][info][gc,heap     ] GC(36) Y: Allocated:         -                 6M (0%)            6M (0%)            6M (0%)     
[174.131s][info][gc,heap     ] GC(36) Y: Reclaimed:         -                  -                 2M (0%)            2M (0%)     
[174.131s][info][gc,heap     ] GC(36) Y:  Promoted:         -                  -                 0M (0%)            0M (0%)     
[174.131s][info][gc,heap     ] GC(36) Y: Compacted:         -                  -                  -                 0M (0%)     
[174.131s][info][gc,phases   ] GC(36) Y: Young Generation (Collect Roots) 552M(13%)->556M(14%) 0.004s
[174.131s][info][gc,phases   ] GC(36) O: Old Generation
[174.288s][info][gc,phases   ] GC(36) O: Concurrent Mark 156.156ms
[174.288s][info][gc,phases   ] GC(36) O: Pause Mark End 0.013ms
[174.288s][info][safepoint   ] Safepoint "ZMarkEndOld", Time since last: 156524600 ns, Reaching safepoint: 2600 ns, At safepoint: 34400 ns, Leaving safepoint: 2700 ns, Total: 39700 ns, Threads: 0 runnable, 59 total
[174.288s][info][gc,phases   ] GC(36) O: Concurrent Mark Free 0.002ms
[174.292s][info][gc,phases   ] GC(36) O: Concurrent Process Non-Strong 3.916ms
[174.292s][info][safepoint   ] Safepoint "CleanClassLoaderDataMetaspaces", Time since last: 3891300 ns, Reaching safepoint: 2800 ns, At safepoint: 70900 ns, Leaving safepoint: 2700 ns, Total: 76400 ns, Threads: 0 runnable, 59 total
[174.292s][info][gc,phases   ] GC(36) O: Concurrent Reset Relocation Set 0.001ms
[174.292s][info][gc,phases   ] GC(36) O: Concurrent Select Relocation Set 0.653ms
[174.292s][info][gc,task     ] GC(36) O: Using 4 Workers for Old Generation
[174.293s][info][gc,task     ] GC(36) O: Using 4 Workers for Old Generation
[174.293s][info][gc,phases   ] GC(36) O: Concurrent Remap Roots 1.133ms
[174.293s][info][gc,phases   ] GC(36) O: Pause Relocate Start 0.009ms
[174.293s][info][safepoint   ] Safepoint "ZRelocateStartOld", Time since last: 1889800 ns, Reaching safepoint: 2300 ns, At safepoint: 31700 ns, Leaving safepoint: 2400 ns, Total: 36400 ns, Threads: 0 runnable, 59 total
[174.300s][info][gc,phases   ] GC(36) O: Concurrent Relocate 6.350ms
[174.300s][info][gc,alloc    ] GC(36) O:                         Mark Start        Mark End      Relocate Start    Relocate End   
[174.300s][info][gc,alloc    ] GC(36) O: Allocation Stalls:          0                0                0                0         
[174.300s][info][gc,load     ] GC(36) O: Load: 0.00 (0%) / 0.00 (0%) / 0.00 (0%)
[174.300s][info][gc,mmu      ] GC(36) O: MMU: 2ms/98.0%, 5ms/99.2%, 10ms/99.4%, 20ms/99.6%, 50ms/99.9%, 100ms/99.9%
[174.300s][info][gc,marking  ] GC(36) O: Mark: 4 stripe(s), 10 proactive flush(es), 1 terminate flush(es), 0 completion(s), 0 continuation(s) 
[174.300s][info][gc,nmethod  ] GC(36) O: NMethods: 7649 registered, 2978 unregistered
[174.300s][info][gc,metaspace] GC(36) O: Metaspace: 152M used, 154M committed, 1216M reserved
[174.300s][info][gc,ref      ] GC(36) O:                       Encountered   Discovered     Enqueued 
[174.300s][info][gc,ref      ] GC(36) O: Soft References:             5424            0            0 
[174.300s][info][gc,ref      ] GC(36) O: Weak References:            36776        21211           48 
[174.300s][info][gc,ref      ] GC(36) O: Final References:              55            8            0 
[174.300s][info][gc,ref      ] GC(36) O: Phantom References:          1220          864            5 
[174.300s][info][gc,reloc    ] GC(36) O:                        Candidates     Selected     In-Place         Size        Empty    Relocated 
[174.300s][info][gc,reloc    ] GC(36) O: Small Pages:                  237            6            0         474M           0M           2M 
[174.300s][info][gc,reloc    ] GC(36) O: Medium Pages:                   2            0            0          64M           0M           0M 
[174.300s][info][gc,reloc    ] GC(36) O: Large Pages:                    1            0            0          12M           0M           0M 
[174.300s][info][gc,reloc    ] GC(36) O: Forwarding Usage: 7M
[174.300s][info][gc,heap     ] GC(36) O: Min Capacity: 8M(0%)
[174.300s][info][gc,heap     ] GC(36) O: Max Capacity: 4096M(100%)
[174.300s][info][gc,heap     ] GC(36) O: Soft Max Capacity: 4096M(100%)
[174.300s][info][gc,heap     ] GC(36) O: Heap Statistics:
[174.300s][info][gc,heap     ] GC(36) O:                Mark Start          Mark End        Relocate Start      Relocate End           High               Low         
[174.300s][info][gc,heap     ] GC(36) O:  Capacity:     3348M (82%)        3348M (82%)        3348M (82%)        3348M (82%)        3348M (82%)        3348M (82%)    
[174.300s][info][gc,heap     ] GC(36) O:      Free:     3544M (87%)        3538M (86%)        3538M (86%)        3544M (87%)        3544M (87%)        3528M (86%)    
[174.300s][info][gc,heap     ] GC(36) O:      Used:      552M (13%)         558M (14%)         558M (14%)         552M (13%)         568M (14%)         552M (13%)    
[174.300s][info][gc,heap     ] GC(36) O: Old Generation Statistics:
[174.300s][info][gc,heap     ] GC(36) O:                Mark Start          Mark End        Relocate Start      Relocate End    
[174.300s][info][gc,heap     ] GC(36) O:      Used:      550M (13%)         550M (13%)         550M (13%)         544M (13%)    
[174.300s][info][gc,heap     ] GC(36) O:      Live:         -               487M (12%)         487M (12%)         487M (12%)    
[174.300s][info][gc,heap     ] GC(36) O:   Garbage:         -                62M (2%)           62M (2%)           48M (1%)     
[174.300s][info][gc,heap     ] GC(36) O: Allocated:         -                 0M (0%)            0M (0%)            8M (0%)     
[174.300s][info][gc,heap     ] GC(36) O: Reclaimed:         -                  -                 0M (0%)           14M (0%)     
[174.300s][info][gc,heap     ] GC(36) O: Compacted:         -                  -                  -                19M (0%)     
[174.300s][info][gc,phases   ] GC(36) O: Old Generation 556M(14%)->552M(13%) 0.169s
[174.300s][info][gc          ] GC(36) Major Collection (System.gc()) 620M(15%)->552M(13%) 0.180s
[180.719s][info][gc,exit     ] Stopping ZGC
[180.719s][info][gc,stats    ] === Garbage Collection Statistics =======================================================================================================================
[180.719s][info][gc,stats    ]                                                              Last 10s              Last 10m              Last 10h                Total
[180.719s][info][gc,stats    ]                                                              Avg / Max             Avg / Max             Avg / Max             Avg / Max
[180.719s][info][gc,stats    ]        Contention: Mark Segment Reset Contention                     0 / 4                 4 / 322               4 / 322               4 / 322         ops/s
[180.719s][info][gc,stats    ]        Contention: Mark SeqNum Reset Contention                      0 / 3                 0 / 23                0 / 23                0 / 23          ops/s
[180.719s][info][gc,stats    ]          Critical: Allocation Stall                                  0 / 0                 0 / 0                 0 / 0                 0 / 0           ops/s
[180.719s][info][gc,stats    ]          Critical: Allocation Stall                              0.000 / 0.000         0.000 / 0.000         0.000 / 0.000         0.000 / 0.000       ms
[180.719s][info][gc,stats    ]          Critical: JNI Critical Stall                                0 / 0                 0 / 1                 0 / 1                 0 / 1           ops/s
[180.719s][info][gc,stats    ]          Critical: JNI Critical Stall                            0.000 / 0.000         0.117 / 0.140         0.117 / 0.140         0.117 / 0.140       ms
[180.719s][info][gc,stats    ]          Critical: Relocation Stall                                  0 / 0                 0 / 0                 0 / 0                 0 / 0           ops/s
[180.719s][info][gc,stats    ]          Critical: Relocation Stall                              0.000 / 0.000         0.000 / 0.000         0.000 / 0.000         0.000 / 0.000       ms
[180.719s][info][gc,stats    ]  Major Collection: Major Collection                            179.555 / 179.555     216.088 / 1860.314    216.088 / 1860.314    216.088 / 1860.314    ms
[180.719s][info][gc,stats    ]            Memory: Allocation Rate                                  27 / 202              65 / 1536             65 / 1536             65 / 1536        MB/s
[180.719s][info][gc,stats    ]            Memory: Defragment                                        0 / 0                 0 / 0                 0 / 0                 0 / 0           ops/s
[180.719s][info][gc,stats    ]            Memory: Mapped Cache Harvest                              0 / 0                 0 / 0                 0 / 0                 0 / 0           MB/s
[180.719s][info][gc,stats    ]            Memory: Out Of Memory                                     0 / 0                 0 / 0                 0 / 0                 0 / 0           ops/s
[180.719s][info][gc,stats    ]            Memory: Uncommit                                          0 / 0                 0 / 0                 0 / 0                 0 / 0           MB/s
[180.719s][info][gc,stats    ]            Memory: Undo Object Allocation Failed                     0 / 0                 0 / 0                 0 / 0                 0 / 0           ops/s
[180.719s][info][gc,stats    ]            Memory: Undo Object Allocation Succeeded                  0 / 0                 0 / 34                0 / 34                0 / 34          ops/s
[180.719s][info][gc,stats    ]            Memory: Undo Page Allocation                              0 / 0                 0 / 1                 0 / 1                 0 / 1           ops/s
[180.719s][info][gc,stats    ]  Minor Collection: Minor Collection                              0.000 / 0.000       456.566 / 782.950     456.566 / 782.950     456.566 / 782.950     ms
[180.719s][info][gc,stats    ]    Old Generation: Old Generation                              168.532 / 168.532     160.696 / 811.170     160.696 / 811.170     160.696 / 811.170     ms
[180.720s][info][gc,stats    ]         Old Pause: Pause Mark End                                0.013 / 0.013         0.014 / 0.025         0.014 / 0.025         0.014 / 0.025       ms
[180.720s][info][gc,stats    ]         Old Pause: Pause Relocate Start                          0.009 / 0.009         0.009 / 0.013         0.009 / 0.013         0.009 / 0.013       ms
[180.720s][info][gc,stats    ]         Old Phase: Concurrent Mark                             156.156 / 156.156     129.325 / 178.830     129.325 / 178.830     129.325 / 178.830     ms
[180.720s][info][gc,stats    ]         Old Phase: Concurrent Mark Continue                      0.000 / 0.000         0.000 / 0.000         0.000 / 0.000         0.000 / 0.000       ms
[180.720s][info][gc,stats    ]         Old Phase: Concurrent Mark Free                          0.002 / 0.002         0.002 / 0.003         0.002 / 0.003         0.002 / 0.003       ms
[180.720s][info][gc,stats    ]         Old Phase: Concurrent Process Non-Strong                 3.916 / 3.916         7.051 / 52.773        7.051 / 52.773        7.051 / 52.773      ms
[180.720s][info][gc,stats    ]         Old Phase: Concurrent Relocate                           6.350 / 6.350         2.187 / 26.889        2.187 / 26.889        2.187 / 26.889      ms
[180.720s][info][gc,stats    ]         Old Phase: Concurrent Remap Roots                        1.133 / 1.133         2.570 / 10.997        2.570 / 10.997        2.570 / 10.997      ms
[180.720s][info][gc,stats    ]         Old Phase: Concurrent Reset Relocation Set               0.001 / 0.001         0.001 / 0.002         0.001 / 0.002         0.001 / 0.002       ms
[180.720s][info][gc,stats    ]         Old Phase: Concurrent Select Relocation Set              0.653 / 0.653         0.296 / 2.280         0.296 / 2.280         0.296 / 2.280       ms
[180.720s][info][gc,stats    ]      Old Subphase: Concurrent Classes Purge                      0.273 / 0.273         1.108 / 9.601         1.108 / 9.601         1.108 / 9.601       ms
[180.720s][info][gc,stats    ]      Old Subphase: Concurrent Classes Unlink                     2.297 / 2.297         4.657 / 40.816        4.657 / 40.816        4.657 / 40.816      ms
[180.720s][info][gc,stats    ]      Old Subphase: Concurrent Mark Follow                      156.014 / 156.014     129.207 / 178.746     129.207 / 178.746     129.207 / 178.746     ms
[180.720s][info][gc,stats    ]      Old Subphase: Concurrent Mark Root Colored                  0.050 / 0.122         0.039 / 0.192         0.039 / 0.192         0.039 / 0.192       ms
[180.720s][info][gc,stats    ]      Old Subphase: Concurrent Mark Root Uncolored                0.034 / 0.047         0.038 / 0.073         0.038 / 0.073         0.038 / 0.073       ms
[180.720s][info][gc,stats    ]      Old Subphase: Concurrent Mark Roots                         0.140 / 0.140         0.116 / 0.225         0.116 / 0.225         0.116 / 0.225       ms
[180.720s][info][gc,stats    ]      Old Subphase: Concurrent References Enqueue                 0.003 / 0.003         0.003 / 0.006         0.003 / 0.006         0.003 / 0.006       ms
[180.720s][info][gc,stats    ]      Old Subphase: Concurrent References Process                 0.785 / 0.785         0.495 / 1.107         0.495 / 1.107         0.495 / 1.107       ms
[180.720s][info][gc,stats    ]      Old Subphase: Concurrent Remap Remembered                   0.335 / 0.349         0.316 / 3.246         0.316 / 3.246         0.316 / 3.246       ms
[180.720s][info][gc,stats    ]      Old Subphase: Concurrent Remap Roots Colored                0.328 / 0.329         1.498 / 2.774         1.498 / 2.774         1.498 / 2.774       ms
[180.720s][info][gc,stats    ]      Old Subphase: Concurrent Remap Roots Uncolored              0.407 / 0.407         0.597 / 5.918         0.597 / 5.918         0.597 / 5.918       ms
[180.720s][info][gc,stats    ]      Old Subphase: Concurrent Roots ClassLoaderDataGraph         0.126 / 0.208         0.715 / 2.627         0.715 / 2.627         0.715 / 2.627       ms
[180.720s][info][gc,stats    ]      Old Subphase: Concurrent Roots CodeCache                    0.403 / 0.404         0.593 / 5.820         0.593 / 5.820         0.593 / 5.820       ms
[180.720s][info][gc,stats    ]      Old Subphase: Concurrent Roots JavaThreads                  0.014 / 0.047         0.015 / 0.098         0.015 / 0.098         0.015 / 0.098       ms
[180.720s][info][gc,stats    ]      Old Subphase: Concurrent Roots OopStorageSet                0.003 / 0.006         0.004 / 0.064         0.004 / 0.064         0.004 / 0.064       ms
[180.720s][info][gc,stats    ]      Old Subphase: Concurrent Weak Roots OopStorageSet           0.269 / 0.421         0.321 / 2.857         0.321 / 2.857         0.321 / 2.857       ms
[180.720s][info][gc,stats    ]            System: Java Threads                                     59 / 59               56 / 78               56 / 78               56 / 78          threads
[180.720s][info][gc,stats    ]  Young Generation: Young Generation                              0.000 / 0.000       298.767 / 1048.328    298.767 / 1048.328    298.767 / 1048.328    ms
[180.720s][info][gc,stats    ]  Young Generation: Young Generation                              0.000 / 0.000       456.158 / 782.522     456.158 / 782.522     456.158 / 782.522     ms
[180.720s][info][gc,stats    ]  Young Generation: Young Generation (Collect Roots)              4.452 / 4.452         4.693 / 7.726         4.693 / 7.726         4.693 / 7.726       ms
[180.720s][info][gc,stats    ]  Young Generation: Young Generation (Promote All)                5.751 / 5.751         9.185 / 94.984        9.185 / 94.984        9.185 / 94.984      ms
[180.720s][info][gc,stats    ]       Young Pause: Pause Mark End                                0.008 / 0.010         0.009 / 0.026         0.009 / 0.026         0.009 / 0.026       ms
[180.720s][info][gc,stats    ]       Young Pause: Pause Mark Start                              0.012 / 0.012         0.013 / 0.018         0.013 / 0.018         0.013 / 0.018       ms
[180.720s][info][gc,stats    ]       Young Pause: Pause Mark Start (Major)                      0.008 / 0.008         0.009 / 0.013         0.009 / 0.013         0.009 / 0.013       ms
[180.720s][info][gc,stats    ]       Young Pause: Pause Relocate Start                          0.005 / 0.006         0.006 / 0.016         0.006 / 0.016         0.006 / 0.016       ms
[180.720s][info][gc,stats    ]       Young Phase: Concurrent Mark                               4.494 / 5.061        29.510 / 659.527      29.510 / 659.527      29.510 / 659.527     ms
[180.720s][info][gc,stats    ]       Young Phase: Concurrent Mark Continue                      0.000 / 0.000         0.000 / 0.000         0.000 / 0.000         0.000 / 0.000       ms
[180.720s][info][gc,stats    ]       Young Phase: Concurrent Mark Free                          0.001 / 0.002         0.001 / 0.004         0.001 / 0.004         0.001 / 0.004       ms
[180.720s][info][gc,stats    ]       Young Phase: Concurrent Relocate                           0.144 / 0.247         9.647 / 315.908       9.647 / 315.908       9.647 / 315.908     ms
[180.720s][info][gc,stats    ]       Young Phase: Concurrent Reset Relocation Set               0.000 / 0.000         0.007 / 0.136         0.007 / 0.136         0.007 / 0.136       ms
[180.720s][info][gc,stats    ]       Young Phase: Concurrent Select Relocation Set              0.150 / 0.191         2.650 / 72.268        2.650 / 72.268        2.650 / 72.268      ms
[180.720s][info][gc,stats    ]    Young Subphase: Concurrent Mark Follow                        0.564 / 0.745        24.994 / 645.134      24.994 / 645.134      24.994 / 645.134     ms
[180.720s][info][gc,stats    ]    Young Subphase: Concurrent Mark Root Colored                  3.217 / 3.424         3.239 / 10.173        3.239 / 10.173        3.239 / 10.173      ms
[180.720s][info][gc,stats    ]    Young Subphase: Concurrent Mark Root Uncolored                0.688 / 0.866         0.921 / 13.131        0.921 / 13.131        0.921 / 13.131      ms
[180.720s][info][gc,stats    ]    Young Subphase: Concurrent Mark Roots                         3.929 / 4.314         4.514 / 23.332        4.514 / 23.332        4.514 / 23.332      ms
[180.720s][info][gc,stats    ]    Young Subphase: Concurrent Relocate Remset FP                 0.011 / 0.015         3.409 / 119.814       3.409 / 119.814       3.409 / 119.814     ms
[180.720s][info][gc,stats    ]    Young Subphase: Concurrent Roots ClassLoaderDataGraph         2.843 / 2.972         2.740 / 3.444         2.740 / 3.444         2.740 / 3.444       ms
[180.720s][info][gc,stats    ]    Young Subphase: Concurrent Roots CodeCache                    0.625 / 0.788         0.854 / 12.299        0.854 / 12.299        0.854 / 12.299      ms
[180.720s][info][gc,stats    ]    Young Subphase: Concurrent Roots JavaThreads                  0.032 / 0.079         0.034 / 0.830         0.034 / 0.830         0.034 / 0.830       ms
[180.720s][info][gc,stats    ]    Young Subphase: Concurrent Roots OopStorageSet                0.015 / 0.050         0.010 / 0.261         0.010 / 0.261         0.010 / 0.261       ms
[180.720s][info][gc,stats    ]    Young Subphase: Concurrent Weak Roots OopStorageSet           0.358 / 0.442         0.488 / 8.426         0.488 / 8.426         0.488 / 8.426       ms
[180.720s][info][gc,stats    ] =========================================================================================================================================================
[180.720s][info][gc,exit     ] Heap
[180.720s][info][gc,exit     ]  ZHeap           used 786M, capacity 3348M, max capacity 4096M
[180.720s][info][gc,exit     ]   Cache          2562M (9)
[180.720s][info][gc,exit     ]    size classes  4M (1), 8M (1), 64M (3), 128M (1), 256M (2), 1G (1)
[180.720s][info][gc,exit     ]  Metaspace       used 156966K, committed 158592K, reserved 1245184K
[180.720s][info][gc,exit     ]   class space    used 25324K, committed 26048K, reserved 1048576K
