[0.006s][info][gc,init] Initializing The Z Garbage Collector
[0.006s][info][gc,init] Version: 25.0.4.1+1-LTS (release)
[0.006s][info][gc,init] NUMA Support: Disabled
[0.006s][info][gc,init] CPUs: 16 total, 16 available
[0.006s][info][gc,init] Memory: 31849M
[0.006s][info][gc,init] Large Page Support: Disabled
[0.006s][info][gc,init] Address Space Size: limited (137434241172K)
[0.006s][info][gc,init] Reserved Space Type: Contiguous/Unrestricted/Complete
[0.006s][info][gc,init] Reserved Space Size: 64G
[0.007s][info][gc,init] Min Capacity: 8M
[0.007s][info][gc,init] Initial Capacity: 498M
[0.007s][info][gc,init] Max Capacity: 4096M
[0.007s][info][gc,init] Soft Max Capacity: 4096M
[0.007s][info][gc,init] Page Size Medium: Range [4M, 32M]
[0.007s][info][gc,init] Pre-touch: Disabled
[0.007s][info][gc,init] Uncommit: Enabled
[0.007s][info][gc,init] Uncommit Delay: 300s
[0.007s][info][gc,init] GC Workers for Old Generation: 4 (dynamic)
[0.007s][info][gc,init] GC Workers for Young Generation: 4 (dynamic)
[0.012s][info][gc,init] GC Workers Max: 4 (dynamic)
[0.012s][info][gc,init] Runtime Workers: 10
[0.013s][info][gc     ] Using The Z Garbage Collector
[0.016s][info][gc,metaspace] CDS archive(s) mapped at: [0x0000000015000000-0x0000000015db0000-0x0000000015db0000), size 14352384, SharedBaseAddress: 0x0000000015000000, ArchiveRelocationMode: 1.
[0.016s][info][gc,metaspace] Compressed class space mapped at: 0x0000000016000000-0x0000000056000000, reserved size: 1073741824
[0.016s][info][gc,metaspace] UseCompressedClassPointers 1, UseCompactObjectHeaders 0
[0.016s][info][gc,metaspace] Narrow klass pointer bits 32, Max shift 3
[0.016s][info][gc,metaspace] Narrow klass base: 0x0000000015000000, Narrow klass shift: 0
[0.016s][info][gc,metaspace] Encoding Range: [0x0000000015000000 - 0x0000000115000000), (4294967296 bytes)
[0.016s][info][gc,metaspace] Klass Range:    [0x0000000015010000 - 0x0000000056000000), (1090453504 bytes)
[0.016s][info][gc,metaspace] Klass ID Range:  [65536 - 1090519033) (1090453497)
[0.016s][info][gc,metaspace] Protection zone: [0x0000000015000000 - 0x0000000015010000), (65536 bytes)
[1.307s][info][gc          ] GC(0) Major Collection (Warmup)
[1.307s][info][gc,task     ] GC(0) Using 4 Workers for Young Generation
[1.307s][info][gc,task     ] GC(0) Using 2 Workers for Old Generation
[1.307s][info][gc,phases   ] GC(0) Y: Young Generation
[1.307s][info][gc,phases   ] GC(0) Y: Pause Mark Start (Major) 0.009ms
[1.307s][info][safepoint   ] Safepoint "ZMarkStartYoungAndOld", Time since last: 1289580500 ns, Reaching safepoint: 6200 ns, At safepoint: 38400 ns, Leaving safepoint: 5700 ns, Total: 50300 ns, Threads: 0 runnable, 18 total
[1.326s][info][gc,phases   ] GC(0) Y: Concurrent Mark 18.728ms
[1.326s][info][gc,phases   ] GC(0) Y: Pause Mark End 0.009ms
[1.326s][info][safepoint   ] Safepoint "ZMarkEndYoung", Time since last: 18782900 ns, Reaching safepoint: 11800 ns, At safepoint: 29600 ns, Leaving safepoint: 4100 ns, Total: 45500 ns, Threads: 1 runnable, 18 total
[1.326s][info][gc,phases   ] GC(0) Y: Concurrent Mark Free 0.002ms
[1.326s][info][gc,phases   ] GC(0) Y: Concurrent Reset Relocation Set 0.003ms
[1.326s][info][gc,reloc    ] GC(0) Y: Using tenuring threshold: 1 (Computed)
[1.328s][info][gc,phases   ] GC(0) Y: Concurrent Select Relocation Set 1.771ms
[1.328s][info][gc,phases   ] GC(0) Y: Pause Relocate Start 0.004ms
[1.328s][info][safepoint   ] Safepoint "ZRelocateStartYoung", Time since last: 1846600 ns, Reaching safepoint: 11700 ns, At safepoint: 14500 ns, Leaving safepoint: 3700 ns, Total: 29900 ns, Threads: 1 runnable, 18 total
[1.339s][info][gc,phases   ] GC(0) Y: Concurrent Relocate 11.037ms
[1.339s][info][gc,alloc    ] GC(0) Y:                         Mark Start        Mark End      Relocate Start    Relocate End   
[1.339s][info][gc,alloc    ] GC(0) Y: Allocation Stalls:          0                0                0                0         
[1.339s][info][gc,load     ] GC(0) Y: Load: 0.00 (0%) / 0.00 (0%) / 0.00 (0%)
[1.339s][info][gc,mmu      ] GC(0) Y: MMU: 2ms/99.4%, 5ms/99.7%, 10ms/99.9%, 20ms/99.9%, 50ms/100.0%, 100ms/100.0%
[1.339s][info][gc,marking  ] GC(0) Y: Mark: 4 stripe(s), 5 proactive flush(es), 1 terminate flush(es), 0 completion(s), 0 continuation(s) 
[1.339s][info][gc,nmethod  ] GC(0) Y: NMethods: 4129 registered, 0 unregistered
[1.339s][info][gc,metaspace] GC(0) Y: Metaspace: 17M used, 17M committed, 1088M reserved
[1.339s][info][gc,reloc    ] GC(0) Y:                        Candidates     Selected     In-Place         Size        Empty    Relocated 
[1.339s][info][gc,reloc    ] GC(0) Y: Small Pages:                  170          129            0         340M          30M          26M 
[1.339s][info][gc,reloc    ] GC(0) Y: Medium Pages:                   1            0            0          32M           0M           0M 
[1.339s][info][gc,reloc    ] GC(0) Y: Large Pages:                    7            0            0          42M          42M           0M 
[1.339s][info][gc,reloc    ] GC(0) Y: Forwarding Usage: 14M
[1.339s][info][gc,reloc    ] GC(0) Y: Age Table:
[1.339s][info][gc,reloc    ] GC(0) Y:                    Live             Garbage             Small              Medium             Large        
[1.339s][info][gc,reloc    ] GC(0) Y: Eden              50M (1%)          363M (9%)         170 / 129            1 / 0              7 / 0        
[1.339s][info][gc,heap     ] GC(0) Y: Min Capacity: 8M(0%)
[1.339s][info][gc,heap     ] GC(0) Y: Max Capacity: 4096M(100%)
[1.339s][info][gc,heap     ] GC(0) Y: Soft Max Capacity: 4096M(100%)
[1.339s][info][gc,heap     ] GC(0) Y: Heap Statistics:
[1.339s][info][gc,heap     ] GC(0) Y:                Mark Start          Mark End        Relocate Start      Relocate End           High               Low         
[1.339s][info][gc,heap     ] GC(0) Y:  Capacity:      498M (12%)         498M (12%)         498M (12%)         498M (12%)         498M (12%)         498M (12%)    
[1.339s][info][gc,heap     ] GC(0) Y:      Free:     3682M (90%)        3666M (90%)        3738M (91%)        3974M (97%)        3976M (97%)        3666M (90%)    
[1.339s][info][gc,heap     ] GC(0) Y:      Used:      414M (10%)         430M (10%)         358M (9%)          122M (3%)          430M (10%)         120M (3%)     
[1.339s][info][gc,heap     ] GC(0) Y: Young Generation Statistics:
[1.339s][info][gc,heap     ] GC(0) Y:                Mark Start          Mark End        Relocate Start      Relocate End    
[1.340s][info][gc,heap     ] GC(0) Y:      Used:      414M (10%)         430M (10%)         358M (9%)          122M (3%)     
[1.340s][info][gc,heap     ] GC(0) Y:      Live:         -                50M (1%)           50M (1%)           50M (1%)     
[1.340s][info][gc,heap     ] GC(0) Y:   Garbage:         -               363M (9%)          291M (7%)           28M (1%)     
[1.340s][info][gc,heap     ] GC(0) Y: Allocated:         -                16M (0%)           16M (0%)           43M (1%)     
[1.340s][info][gc,heap     ] GC(0) Y: Reclaimed:         -                  -                72M (2%)          335M (8%)     
[1.340s][info][gc,heap     ] GC(0) Y:  Promoted:         -                  -                 0M (0%)            0M (0%)     
[1.340s][info][gc,heap     ] GC(0) Y: Compacted:         -                  -                  -                38M (1%)     
[1.340s][info][gc,phases   ] GC(0) Y: Young Generation 414M(10%)->122M(3%) 0.032s
[1.340s][info][gc,phases   ] GC(0) O: Old Generation
[1.340s][info][gc,phases   ] GC(0) O: Concurrent Mark 0.190ms
[1.340s][info][gc,phases   ] GC(0) O: Pause Mark End 0.006ms
[1.340s][info][safepoint   ] Safepoint "ZMarkEndOld", Time since last: 11602600 ns, Reaching safepoint: 12000 ns, At safepoint: 26700 ns, Leaving safepoint: 2500 ns, Total: 41200 ns, Threads: 1 runnable, 18 total
[1.340s][info][gc,phases   ] GC(0) O: Concurrent Mark Free 0.001ms
[1.343s][info][gc,phases   ] GC(0) O: Concurrent Process Non-Strong 3.081ms
[1.343s][info][gc,phases   ] GC(0) O: Concurrent Reset Relocation Set 0.000ms
[1.343s][info][safepoint   ] Safepoint "CleanClassLoaderDataMetaspaces", Time since last: 3145700 ns, Reaching safepoint: 12700 ns, At safepoint: 210000 ns, Leaving safepoint: 10700 ns, Total: 233400 ns, Threads: 1 runnable, 18 total
[1.343s][info][gc,phases   ] GC(0) O: Concurrent Select Relocation Set 0.249ms
[1.343s][info][gc,task     ] GC(0) O: Using 4 Workers for Old Generation
[1.344s][info][gc,task     ] GC(0) O: Using 2 Workers for Old Generation
[1.344s][info][gc,phases   ] GC(0) O: Concurrent Remap Roots 0.832ms
[1.344s][info][gc,phases   ] GC(0) O: Pause Relocate Start 0.010ms
[1.344s][info][safepoint   ] Safepoint "ZRelocateStartOld", Time since last: 952200 ns, Reaching safepoint: 11700 ns, At safepoint: 56700 ns, Leaving safepoint: 2300 ns, Total: 70700 ns, Threads: 1 runnable, 18 total
[1.344s][info][gc,phases   ] GC(0) O: Concurrent Relocate 0.030ms
[1.344s][info][gc,alloc    ] GC(0) O:                         Mark Start        Mark End      Relocate Start    Relocate End   
[1.344s][info][gc,alloc    ] GC(0) O: Allocation Stalls:          0                0                0                0         
[1.344s][info][gc,load     ] GC(0) O: Load: 0.00 (0%) / 0.00 (0%) / 0.00 (0%)
[1.344s][info][gc,mmu      ] GC(0) O: MMU: 2ms/99.4%, 5ms/99.7%, 10ms/99.8%, 20ms/99.9%, 50ms/99.9%, 100ms/100.0%
[1.344s][info][gc,marking  ] GC(0) O: Mark: 2 stripe(s), 1 proactive flush(es), 1 terminate flush(es), 0 completion(s), 0 continuation(s) 
[1.344s][info][gc,nmethod  ] GC(0) O: NMethods: 3433 registered, 700 unregistered
[1.344s][info][gc,metaspace] GC(0) O: Metaspace: 17M used, 17M committed, 1088M reserved
[1.344s][info][gc,ref      ] GC(0) O:                       Encountered   Discovered     Enqueued 
[1.344s][info][gc,ref      ] GC(0) O: Soft References:             2783            0            0 
[1.344s][info][gc,ref      ] GC(0) O: Weak References:             1507            0            0 
[1.344s][info][gc,ref      ] GC(0) O: Final References:              35            0            0 
[1.344s][info][gc,ref      ] GC(0) O: Phantom References:           841            0            0 
[1.344s][info][gc,heap     ] GC(0) O: Min Capacity: 8M(0%)
[1.344s][info][gc,heap     ] GC(0) O: Max Capacity: 4096M(100%)
[1.344s][info][gc,heap     ] GC(0) O: Soft Max Capacity: 4096M(100%)
[1.344s][info][gc,heap     ] GC(0) O: Heap Statistics:
[1.344s][info][gc,heap     ] GC(0) O:                Mark Start          Mark End        Relocate Start      Relocate End           High               Low         
[1.344s][info][gc,heap     ] GC(0) O:  Capacity:      498M (12%)         498M (12%)         498M (12%)         498M (12%)         498M (12%)         498M (12%)    
[1.344s][info][gc,heap     ] GC(0) O:      Free:     3682M (90%)        3974M (97%)        3972M (97%)        3972M (97%)        3976M (97%)        3666M (90%)    
[1.344s][info][gc,heap     ] GC(0) O:      Used:      414M (10%)         122M (3%)          124M (3%)          124M (3%)          430M (10%)         120M (3%)     
[1.344s][info][gc,heap     ] GC(0) O: Old Generation Statistics:
[1.344s][info][gc,heap     ] GC(0) O:                Mark Start          Mark End        Relocate Start      Relocate End    
[1.344s][info][gc,heap     ] GC(0) O:      Used:        0M (0%)            0M (0%)            0M (0%)            0M (0%)     
[1.344s][info][gc,heap     ] GC(0) O:      Live:         -                 0M (0%)            0M (0%)            0M (0%)     
[1.344s][info][gc,heap     ] GC(0) O:   Garbage:         -                 0M (0%)            0M (0%)            0M (0%)     
[1.344s][info][gc,heap     ] GC(0) O: Allocated:         -                 0M (0%)            0M (0%)            0M (0%)     
[1.344s][info][gc,heap     ] GC(0) O: Reclaimed:         -                  -                 0M (0%)            0M (0%)     
[1.344s][info][gc,heap     ] GC(0) O: Compacted:         -                  -                  -                 0M (0%)     
[1.344s][info][gc,phases   ] GC(0) O: Old Generation 122M(3%)->124M(3%) 0.005s
[1.344s][info][gc          ] GC(0) Major Collection (Warmup) 414M(10%)->124M(3%) 0.037s
[2.027s][info][gc          ] GC(1) Major Collection (Metadata GC Threshold)
[2.028s][info][gc,task     ] GC(1) Using 1 Workers for Young Generation
[2.028s][info][gc,task     ] GC(1) Using 1 Workers for Old Generation
[2.028s][info][gc,phases   ] GC(1) Y: Young Generation
[2.028s][info][gc,phases   ] GC(1) Y: Pause Mark Start (Major) 0.009ms
[2.028s][info][safepoint   ] Safepoint "ZMarkStartYoungAndOld", Time since last: 683346200 ns, Reaching safepoint: 13900 ns, At safepoint: 36800 ns, Leaving safepoint: 4700 ns, Total: 55400 ns, Threads: 1 runnable, 20 total
[2.152s][info][gc,phases   ] GC(1) Y: Concurrent Mark 124.651ms
[2.152s][info][gc,phases   ] GC(1) Y: Pause Mark End 0.008ms
[2.152s][info][safepoint   ] Safepoint "ZMarkEndYoung", Time since last: 124715200 ns, Reaching safepoint: 22300 ns, At safepoint: 32700 ns, Leaving safepoint: 4700 ns, Total: 59700 ns, Threads: 1 runnable, 20 total
[2.152s][info][gc,phases   ] GC(1) Y: Concurrent Mark Free 0.002ms
[2.152s][info][gc,phases   ] GC(1) Y: Concurrent Reset Relocation Set 0.004ms
[2.152s][info][gc,reloc    ] GC(1) Y: Using tenuring threshold: 2 (Computed)
[2.153s][info][gc,phases   ] GC(1) Y: Concurrent Select Relocation Set 0.589ms
[2.153s][info][gc,phases   ] GC(1) Y: Pause Relocate Start 0.005ms
[2.153s][info][safepoint   ] Safepoint "ZRelocateStartYoung", Time since last: 672600 ns, Reaching safepoint: 12000 ns, At safepoint: 28000 ns, Leaving safepoint: 12000 ns, Total: 52000 ns, Threads: 2 runnable, 20 total
[2.181s][info][gc,phases   ] GC(1) Y: Concurrent Relocate 27.640ms
[2.181s][info][gc,alloc    ] GC(1) Y:                         Mark Start        Mark End      Relocate Start    Relocate End   
[2.181s][info][gc,alloc    ] GC(1) Y: Allocation Stalls:          0                0                0                0         
[2.181s][info][gc,load     ] GC(1) Y: Load: 0.00 (0%) / 0.00 (0%) / 0.00 (0%)
[2.181s][info][gc,mmu      ] GC(1) Y: MMU: 2ms/99.4%, 5ms/99.7%, 10ms/99.8%, 20ms/99.9%, 50ms/99.9%, 100ms/100.0%
[2.181s][info][gc,marking  ] GC(1) Y: Mark: 1 stripe(s), 2 proactive flush(es), 1 terminate flush(es), 0 completion(s), 0 continuation(s) 
[2.181s][info][gc,nmethod  ] GC(1) Y: NMethods: 5310 registered, 0 unregistered
[2.181s][info][gc,metaspace] GC(1) Y: Metaspace: 30M used, 30M committed, 1088M reserved
[2.181s][info][gc,reloc    ] GC(1) Y:                        Candidates     Selected     In-Place         Size        Empty    Relocated 
[2.181s][info][gc,reloc    ] GC(1) Y: Small Pages:                  167          131            0         334M           0M          17M 
[2.181s][info][gc,reloc    ] GC(1) Y: Medium Pages:                   2            1            0          64M           0M           6M 
[2.181s][info][gc,reloc    ] GC(1) Y: Large Pages:                    0            0            0           0M           0M           0M 
[2.181s][info][gc,reloc    ] GC(1) Y: Forwarding Usage: 10M
[2.181s][info][gc,reloc    ] GC(1) Y: Age Table:
[2.181s][info][gc,reloc    ] GC(1) Y:                    Live             Garbage             Small              Medium             Large        
[2.181s][info][gc,reloc    ] GC(1) Y: Eden              24M (1%)          281M (7%)         137 / 124            1 / 0              0 / 0        
[2.181s][info][gc,reloc    ] GC(1) Y: Survivor 1        49M (1%)           42M (1%)          30 / 7              1 / 1              0 / 0        
[2.181s][info][gc,heap     ] GC(1) Y: Min Capacity: 8M(0%)
[2.181s][info][gc,heap     ] GC(1) Y: Max Capacity: 4096M(100%)
[2.181s][info][gc,heap     ] GC(1) Y: Soft Max Capacity: 4096M(100%)
[2.181s][info][gc,heap     ] GC(1) Y: Heap Statistics:
[2.181s][info][gc,heap     ] GC(1) Y:                Mark Start          Mark End        Relocate Start      Relocate End           High               Low         
[2.181s][info][gc,heap     ] GC(1) Y:  Capacity:      498M (12%)         498M (12%)         498M (12%)         530M (13%)         530M (13%)         498M (12%)    
[2.181s][info][gc,heap     ] GC(1) Y:      Free:     3698M (90%)        3642M (89%)        3642M (89%)        3876M (95%)        3876M (95%)        3586M (88%)    
[2.181s][info][gc,heap     ] GC(1) Y:      Used:      398M (10%)         454M (11%)         454M (11%)         220M (5%)          510M (12%)         220M (5%)     
[2.181s][info][gc,heap     ] GC(1) Y: Young Generation Statistics:
[2.181s][info][gc,heap     ] GC(1) Y:                Mark Start          Mark End        Relocate Start      Relocate End    
[2.181s][info][gc,heap     ] GC(1) Y:      Used:      398M (10%)         454M (11%)         454M (11%)         220M (5%)     
[2.181s][info][gc,heap     ] GC(1) Y:      Live:         -                73M (2%)           73M (2%)           73M (2%)     
[2.181s][info][gc,heap     ] GC(1) Y:   Garbage:         -               324M (8%)          324M (8%)            2M (0%)     
[2.181s][info][gc,heap     ] GC(1) Y: Allocated:         -                56M (1%)           56M (1%)          144M (4%)     
[2.181s][info][gc,heap     ] GC(1) Y: Reclaimed:         -                  -                 0M (0%)          322M (8%)     
[2.181s][info][gc,heap     ] GC(1) Y:  Promoted:         -                  -                 0M (0%)            0M (0%)     
[2.181s][info][gc,heap     ] GC(1) Y: Compacted:         -                  -                  -                31M (1%)     
[2.181s][info][gc,phases   ] GC(1) Y: Young Generation 398M(10%)->220M(5%) 0.153s
[2.181s][info][gc,phases   ] GC(1) O: Old Generation
[2.181s][info][gc,phases   ] GC(1) O: Concurrent Mark 0.188ms
[2.182s][info][gc,phases   ] GC(1) O: Pause Mark End 0.008ms
[2.182s][info][safepoint   ] Safepoint "ZMarkEndOld", Time since last: 28327600 ns, Reaching safepoint: 154700 ns, At safepoint: 35600 ns, Leaving safepoint: 10700 ns, Total: 201000 ns, Threads: 2 runnable, 21 total
[2.182s][info][gc,phases   ] GC(1) O: Concurrent Mark Free 0.000ms
[2.189s][info][gc,phases   ] GC(1) O: Concurrent Process Non-Strong 7.165ms
[2.189s][info][gc,phases   ] GC(1) O: Concurrent Reset Relocation Set 0.000ms
[2.189s][info][safepoint   ] Safepoint "CleanClassLoaderDataMetaspaces", Time since last: 7208300 ns, Reaching safepoint: 83400 ns, At safepoint: 173700 ns, Leaving safepoint: 14600 ns, Total: 271700 ns, Threads: 2 runnable, 21 total
[2.189s][info][gc,phases   ] GC(1) O: Concurrent Select Relocation Set 0.272ms
[2.189s][info][gc,task     ] GC(1) O: Using 2 Workers for Old Generation
[2.190s][info][gc,task     ] GC(1) O: Using 1 Workers for Old Generation
[2.190s][info][gc,phases   ] GC(1) O: Concurrent Remap Roots 0.774ms
[2.190s][info][gc,phases   ] GC(1) O: Pause Relocate Start 0.005ms
[2.190s][info][safepoint   ] Safepoint "ZRelocateStartOld", Time since last: 844100 ns, Reaching safepoint: 12000 ns, At safepoint: 27100 ns, Leaving safepoint: 6900 ns, Total: 46000 ns, Threads: 2 runnable, 21 total
[2.190s][info][gc,phases   ] GC(1) O: Concurrent Relocate 0.033ms
[2.190s][info][gc,alloc    ] GC(1) O:                         Mark Start        Mark End      Relocate Start    Relocate End   
[2.190s][info][gc,alloc    ] GC(1) O: Allocation Stalls:          0                0                0                0         
[2.190s][info][gc,load     ] GC(1) O: Load: 0.00 (0%) / 0.00 (0%) / 0.00 (0%)
[2.190s][info][gc,mmu      ] GC(1) O: MMU: 2ms/99.4%, 5ms/99.7%, 10ms/99.8%, 20ms/99.9%, 50ms/99.9%, 100ms/100.0%
[2.190s][info][gc,marking  ] GC(1) O: Mark: 1 stripe(s), 1 proactive flush(es), 1 terminate flush(es), 0 completion(s), 0 continuation(s) 
[2.190s][info][gc,nmethod  ] GC(1) O: NMethods: 4986 registered, 363 unregistered
[2.190s][info][gc,metaspace] GC(1) O: Metaspace: 30M used, 31M committed, 1088M reserved
[2.190s][info][gc,ref      ] GC(1) O:                       Encountered   Discovered     Enqueued 
[2.190s][info][gc,ref      ] GC(1) O: Soft References:             3032            0            0 
[2.190s][info][gc,ref      ] GC(1) O: Weak References:             3208            0            0 
[2.190s][info][gc,ref      ] GC(1) O: Final References:              35            0            0 
[2.190s][info][gc,ref      ] GC(1) O: Phantom References:           918            0            0 
[2.190s][info][gc,heap     ] GC(1) O: Min Capacity: 8M(0%)
[2.190s][info][gc,heap     ] GC(1) O: Max Capacity: 4096M(100%)
[2.190s][info][gc,heap     ] GC(1) O: Soft Max Capacity: 4096M(100%)
[2.190s][info][gc,heap     ] GC(1) O: Heap Statistics:
[2.190s][info][gc,heap     ] GC(1) O:                Mark Start          Mark End        Relocate Start      Relocate End           High               Low         
[2.190s][info][gc,heap     ] GC(1) O:  Capacity:      498M (12%)         530M (13%)         530M (13%)         530M (13%)         530M (13%)         498M (12%)    
[2.190s][info][gc,heap     ] GC(1) O:      Free:     3698M (90%)        3876M (95%)        3862M (94%)        3862M (94%)        3876M (95%)        3586M (88%)    
[2.190s][info][gc,heap     ] GC(1) O:      Used:      398M (10%)         220M (5%)          234M (6%)          234M (6%)          510M (12%)         220M (5%)     
[2.190s][info][gc,heap     ] GC(1) O: Old Generation Statistics:
[2.190s][info][gc,heap     ] GC(1) O:                Mark Start          Mark End        Relocate Start      Relocate End    
[2.190s][info][gc,heap     ] GC(1) O:      Used:        0M (0%)            0M (0%)            0M (0%)            0M (0%)     
[2.190s][info][gc,heap     ] GC(1) O:      Live:         -                 0M (0%)            0M (0%)            0M (0%)     
[2.190s][info][gc,heap     ] GC(1) O:   Garbage:         -                 0M (0%)            0M (0%)            0M (0%)     
[2.190s][info][gc,heap     ] GC(1) O: Allocated:         -                 0M (0%)            0M (0%)            0M (0%)     
[2.190s][info][gc,heap     ] GC(1) O: Reclaimed:         -                  -                 0M (0%)            0M (0%)     
[2.190s][info][gc,heap     ] GC(1) O: Compacted:         -                  -                  -                 0M (0%)     
[2.190s][info][gc,phases   ] GC(1) O: Old Generation 220M(5%)->234M(6%) 0.009s
[2.190s][info][gc          ] GC(1) Major Collection (Metadata GC Threshold) 398M(10%)->234M(6%) 0.163s
[9.006s][info][gc          ] GC(2) Major Collection (Warmup)
[9.006s][info][gc,task     ] GC(2) Using 4 Workers for Young Generation
[9.006s][info][gc,task     ] GC(2) Using 1 Workers for Old Generation
[9.006s][info][gc,phases   ] GC(2) Y: Young Generation
[9.007s][info][gc,phases   ] GC(2) Y: Pause Mark Start (Major) 0.008ms
[9.007s][info][safepoint   ] Safepoint "ZMarkStartYoungAndOld", Time since last: 6816452700 ns, Reaching safepoint: 13300 ns, At safepoint: 30900 ns, Leaving safepoint: 4700 ns, Total: 48900 ns, Threads: 1 runnable, 19 total
[9.089s][info][gc,phases   ] GC(2) Y: Concurrent Mark 82.430ms
[9.089s][info][gc,phases   ] GC(2) Y: Pause Mark End 0.009ms
[9.089s][info][safepoint   ] Safepoint "ZMarkEndYoung", Time since last: 82500900 ns, Reaching safepoint: 22800 ns, At safepoint: 36000 ns, Leaving safepoint: 4100 ns, Total: 62900 ns, Threads: 1 runnable, 19 total
[9.089s][info][gc,phases   ] GC(2) Y: Concurrent Mark Free 0.003ms
[9.089s][info][gc,phases   ] GC(2) Y: Concurrent Reset Relocation Set 0.004ms
[9.089s][info][gc,reloc    ] GC(2) Y: Using tenuring threshold: 3 (Computed)
[9.094s][info][gc,phases   ] GC(2) Y: Concurrent Select Relocation Set 4.593ms
[9.094s][info][gc,phases   ] GC(2) Y: Pause Relocate Start 0.004ms
[9.094s][info][safepoint   ] Safepoint "ZRelocateStartYoung", Time since last: 4687700 ns, Reaching safepoint: 11800 ns, At safepoint: 24200 ns, Leaving safepoint: 5900 ns, Total: 41900 ns, Threads: 1 runnable, 19 total
[9.119s][info][gc,phases   ] GC(2) Y: Concurrent Relocate 25.025ms
[9.119s][info][gc,alloc    ] GC(2) Y:                         Mark Start        Mark End      Relocate Start    Relocate End   
[9.119s][info][gc,alloc    ] GC(2) Y: Allocation Stalls:          0                0                0                0         
[9.119s][info][gc,load     ] GC(2) Y: Load: 0.00 (0%) / 0.00 (0%) / 0.00 (0%)
[9.119s][info][gc,mmu      ] GC(2) Y: MMU: 2ms/99.4%, 5ms/99.7%, 10ms/99.8%, 20ms/99.9%, 50ms/99.9%, 100ms/100.0%
[9.119s][info][gc,marking  ] GC(2) Y: Mark: 4 stripe(s), 10 proactive flush(es), 1 terminate flush(es), 0 completion(s), 0 continuation(s) 
[9.119s][info][gc,nmethod  ] GC(2) Y: NMethods: 8146 registered, 0 unregistered
[9.119s][info][gc,metaspace] GC(2) Y: Metaspace: 50M used, 51M committed, 1088M reserved
[9.119s][info][gc,reloc    ] GC(2) Y:                        Candidates     Selected     In-Place         Size        Empty    Relocated 
[9.119s][info][gc,reloc    ] GC(2) Y: Small Pages:                  360          275            0         720M          18M          53M 
[9.119s][info][gc,reloc    ] GC(2) Y: Medium Pages:                   3            2            0          96M           0M           7M 
[9.119s][info][gc,reloc    ] GC(2) Y: Large Pages:                    1            0            0          12M           0M           0M 
[9.119s][info][gc,reloc    ] GC(2) Y: Forwarding Usage: 35M
[9.119s][info][gc,reloc    ] GC(2) Y: Age Table:
[9.119s][info][gc,reloc    ] GC(2) Y:                    Live             Garbage             Small              Medium             Large        
[9.119s][info][gc,reloc    ] GC(2) Y: Eden              84M (2%)          587M (14%)        314 / 271            1 / 0              1 / 0        
[9.119s][info][gc,reloc    ] GC(2) Y: Survivor 1        24M (1%)           37M (1%)          15 / 2              1 / 1              0 / 0        
[9.119s][info][gc,reloc    ] GC(2) Y: Survivor 2        48M (1%)           45M (1%)          31 / 2              1 / 1              0 / 0        
[9.119s][info][gc,heap     ] GC(2) Y: Min Capacity: 8M(0%)
[9.119s][info][gc,heap     ] GC(2) Y: Max Capacity: 4096M(100%)
[9.119s][info][gc,heap     ] GC(2) Y: Soft Max Capacity: 4096M(100%)
[9.119s][info][gc,heap     ] GC(2) Y: Heap Statistics:
[9.119s][info][gc,heap     ] GC(2) Y:                Mark Start          Mark End        Relocate Start      Relocate End           High               Low         
[9.119s][info][gc,heap     ] GC(2) Y:  Capacity:      828M (20%)         884M (22%)         884M (22%)         948M (23%)         948M (23%)         828M (20%)    
[9.119s][info][gc,heap     ] GC(2) Y:      Free:     3268M (80%)        3212M (78%)        3228M (79%)        3738M (91%)        3738M (91%)        3186M (78%)    
[9.119s][info][gc,heap     ] GC(2) Y:      Used:      828M (20%)         884M (22%)         868M (21%)         358M (9%)          910M (22%)         358M (9%)     
[9.119s][info][gc,heap     ] GC(2) Y: Young Generation Statistics:
[9.119s][info][gc,heap     ] GC(2) Y:                Mark Start          Mark End        Relocate Start      Relocate End    
[9.119s][info][gc,heap     ] GC(2) Y:      Used:      828M (20%)         884M (22%)         868M (21%)         358M (9%)     
[9.119s][info][gc,heap     ] GC(2) Y:      Live:         -               156M (4%)          156M (4%)          156M (4%)     
[9.119s][info][gc,heap     ] GC(2) Y:   Garbage:         -               671M (16%)         653M (16%)           4M (0%)     
[9.119s][info][gc,heap     ] GC(2) Y: Allocated:         -                56M (1%)           58M (1%)          196M (5%)     
[9.119s][info][gc,heap     ] GC(2) Y: Reclaimed:         -                  -                18M (0%)          666M (16%)    
[9.119s][info][gc,heap     ] GC(2) Y:  Promoted:         -                  -                 0M (0%)            0M (0%)     
[9.119s][info][gc,heap     ] GC(2) Y: Compacted:         -                  -                  -                79M (2%)     
[9.119s][info][gc,phases   ] GC(2) Y: Young Generation 828M(20%)->358M(9%) 0.112s
[9.119s][info][gc,phases   ] GC(2) O: Old Generation
[9.120s][info][gc,phases   ] GC(2) O: Concurrent Mark 0.246ms
[9.120s][info][gc,phases   ] GC(2) O: Pause Mark End 0.008ms
[9.120s][info][safepoint   ] Safepoint "ZMarkEndOld", Time since last: 25758000 ns, Reaching safepoint: 12000 ns, At safepoint: 26800 ns, Leaving safepoint: 2600 ns, Total: 41400 ns, Threads: 1 runnable, 19 total
[9.120s][info][gc,phases   ] GC(2) O: Concurrent Mark Free 0.000ms
[9.133s][info][gc,phases   ] GC(2) O: Concurrent Process Non-Strong 13.332ms
[9.133s][info][gc,phases   ] GC(2) O: Concurrent Reset Relocation Set 0.000ms
[9.133s][info][safepoint   ] Safepoint "CleanClassLoaderDataMetaspaces", Time since last: 13369500 ns, Reaching safepoint: 12800 ns, At safepoint: 169900 ns, Leaving safepoint: 7700 ns, Total: 190400 ns, Threads: 1 runnable, 19 total
[9.133s][info][gc,phases   ] GC(2) O: Concurrent Select Relocation Set 0.167ms
[9.133s][info][gc,task     ] GC(2) O: Using 4 Workers for Old Generation
[9.135s][info][gc,task     ] GC(2) O: Using 1 Workers for Old Generation
[9.135s][info][gc,phases   ] GC(2) O: Concurrent Remap Roots 1.710ms
[9.135s][info][gc,phases   ] GC(2) O: Pause Relocate Start 0.005ms
[9.135s][info][safepoint   ] Safepoint "ZRelocateStartOld", Time since last: 1768400 ns, Reaching safepoint: 22100 ns, At safepoint: 17500 ns, Leaving safepoint: 2400 ns, Total: 42000 ns, Threads: 1 runnable, 19 total
[9.135s][info][gc,phases   ] GC(2) O: Concurrent Relocate 0.023ms
[9.135s][info][gc,alloc    ] GC(2) O:                         Mark Start        Mark End      Relocate Start    Relocate End   
[9.135s][info][gc,alloc    ] GC(2) O: Allocation Stalls:          0                0                0                0         
[9.135s][info][gc,load     ] GC(2) O: Load: 0.00 (0%) / 0.00 (0%) / 0.00 (0%)
[9.135s][info][gc,mmu      ] GC(2) O: MMU: 2ms/99.4%, 5ms/99.7%, 10ms/99.8%, 20ms/99.9%, 50ms/99.9%, 100ms/100.0%
[9.135s][info][gc,marking  ] GC(2) O: Mark: 1 stripe(s), 1 proactive flush(es), 1 terminate flush(es), 0 completion(s), 0 continuation(s) 
[9.135s][info][gc,nmethod  ] GC(2) O: NMethods: 7123 registered, 1028 unregistered
[9.135s][info][gc,metaspace] GC(2) O: Metaspace: 50M used, 51M committed, 1088M reserved
[9.135s][info][gc,ref      ] GC(2) O:                       Encountered   Discovered     Enqueued 
[9.135s][info][gc,ref      ] GC(2) O: Soft References:             3445            0            0 
[9.135s][info][gc,ref      ] GC(2) O: Weak References:            19845            0            0 
[9.135s][info][gc,ref      ] GC(2) O: Final References:              36            0            0 
[9.135s][info][gc,ref      ] GC(2) O: Phantom References:          6423            0            0 
[9.135s][info][gc,heap     ] GC(2) O: Min Capacity: 8M(0%)
[9.135s][info][gc,heap     ] GC(2) O: Max Capacity: 4096M(100%)
[9.135s][info][gc,heap     ] GC(2) O: Soft Max Capacity: 4096M(100%)
[9.135s][info][gc,heap     ] GC(2) O: Heap Statistics:
[9.135s][info][gc,heap     ] GC(2) O:                Mark Start          Mark End        Relocate Start      Relocate End           High               Low         
[9.135s][info][gc,heap     ] GC(2) O:  Capacity:      828M (20%)         948M (23%)         948M (23%)         948M (23%)         948M (23%)         828M (20%)    
[9.135s][info][gc,heap     ] GC(2) O:      Free:     3268M (80%)        3736M (91%)        3714M (91%)        3714M (91%)        3738M (91%)        3186M (78%)    
[9.135s][info][gc,heap     ] GC(2) O:      Used:      828M (20%)         360M (9%)          382M (9%)          382M (9%)          910M (22%)         358M (9%)     
[9.135s][info][gc,heap     ] GC(2) O: Old Generation Statistics:
[9.135s][info][gc,heap     ] GC(2) O:                Mark Start          Mark End        Relocate Start      Relocate End    
[9.135s][info][gc,heap     ] GC(2) O:      Used:        0M (0%)            0M (0%)            0M (0%)            0M (0%)     
[9.135s][info][gc,heap     ] GC(2) O:      Live:         -                 0M (0%)            0M (0%)            0M (0%)     
[9.135s][info][gc,heap     ] GC(2) O:   Garbage:         -                 0M (0%)            0M (0%)            0M (0%)     
[9.135s][info][gc,heap     ] GC(2) O: Allocated:         -                 0M (0%)            0M (0%)            0M (0%)     
[9.135s][info][gc,heap     ] GC(2) O: Reclaimed:         -                  -                 0M (0%)            0M (0%)     
[9.135s][info][gc,heap     ] GC(2) O: Compacted:         -                  -                  -                 0M (0%)     
[9.135s][info][gc,phases   ] GC(2) O: Old Generation 360M(9%)->382M(9%) 0.016s
[9.135s][info][gc          ] GC(2) Major Collection (Warmup) 828M(20%)->382M(9%) 0.129s
[11.009s][info][gc          ] GC(3) Major Collection (Warmup)
[11.009s][info][gc,task     ] GC(3) Using 4 Workers for Young Generation
[11.009s][info][gc,task     ] GC(3) Using 1 Workers for Old Generation
[11.009s][info][gc,phases   ] GC(3) Y: Young Generation
[11.009s][info][gc,phases   ] GC(3) Y: Pause Mark Start (Major) 0.009ms
[11.009s][info][safepoint   ] Safepoint "ZMarkStartYoungAndOld", Time since last: 1874123100 ns, Reaching safepoint: 74900 ns, At safepoint: 37400 ns, Leaving safepoint: 8200 ns, Total: 120500 ns, Threads: 1 runnable, 24 total
[11.132s][info][gc,phases   ] GC(3) Y: Concurrent Mark 122.531ms
[11.132s][info][gc,phases   ] GC(3) Y: Pause Mark End 0.010ms
[11.132s][info][safepoint   ] Safepoint "ZMarkEndYoung", Time since last: 122602500 ns, Reaching safepoint: 53900 ns, At safepoint: 33100 ns, Leaving safepoint: 7300 ns, Total: 94300 ns, Threads: 2 runnable, 26 total
[11.132s][info][gc,phases   ] GC(3) Y: Concurrent Mark Free 0.001ms
[11.132s][info][gc,phases   ] GC(3) Y: Concurrent Reset Relocation Set 0.010ms
[11.132s][info][gc,reloc    ] GC(3) Y: Using tenuring threshold: 3 (Computed)
[11.138s][info][gc,phases   ] GC(3) Y: Concurrent Select Relocation Set 5.808ms
[11.138s][info][gc,phases   ] GC(3) Y: Pause Relocate Start 0.006ms
[11.138s][info][safepoint   ] Safepoint "ZRelocateStartYoung", Time since last: 5923500 ns, Reaching safepoint: 12300 ns, At safepoint: 27900 ns, Leaving safepoint: 5900 ns, Total: 46100 ns, Threads: 3 runnable, 26 total
[11.169s][info][gc,phases   ] GC(3) Y: Concurrent Relocate 30.637ms
[11.169s][info][gc,alloc    ] GC(3) Y:                         Mark Start        Mark End      Relocate Start    Relocate End   
[11.169s][info][gc,alloc    ] GC(3) Y: Allocation Stalls:          0                0                0                0         
[11.169s][info][gc,load     ] GC(3) Y: Load: 0.00 (0%) / 0.00 (0%) / 0.00 (0%)
[11.169s][info][gc,mmu      ] GC(3) Y: MMU: 2ms/99.4%, 5ms/99.7%, 10ms/99.8%, 20ms/99.9%, 50ms/99.9%, 100ms/100.0%
[11.169s][info][gc,marking  ] GC(3) Y: Mark: 4 stripe(s), 3 proactive flush(es), 1 terminate flush(es), 0 completion(s), 0 continuation(s) 
[11.169s][info][gc,nmethod  ] GC(3) Y: NMethods: 9398 registered, 1028 unregistered
[11.169s][info][gc,metaspace] GC(3) Y: Metaspace: 88M used, 89M committed, 1152M reserved
[11.169s][info][gc,reloc    ] GC(3) Y:                        Candidates     Selected     In-Place         Size        Empty    Relocated 
[11.169s][info][gc,reloc    ] GC(3) Y: Small Pages:                  545          448            0        1090M           0M          39M 
[11.169s][info][gc,reloc    ] GC(3) Y: Medium Pages:                   4            3            0         128M           0M          12M 
[11.169s][info][gc,reloc    ] GC(3) Y: Large Pages:                    1            0            0          12M           0M           0M 
[11.169s][info][gc,reloc    ] GC(3) Y: Forwarding Usage: 19M
[11.169s][info][gc,reloc    ] GC(3) Y: Age Table:
[11.169s][info][gc,reloc    ] GC(3) Y:                    Live             Garbage             Small              Medium             Large        
[11.169s][info][gc,reloc    ] GC(3) Y: Eden              52M (1%)          905M (22%)        463 / 437            1 / 1              0 / 0        
[11.169s][info][gc,reloc    ] GC(3) Y: Survivor 1        83M (2%)           40M (1%)          40 / 5              1 / 0              1 / 0        
[11.169s][info][gc,reloc    ] GC(3) Y: Survivor 2        23M (1%)           40M (1%)          16 / 3              1 / 1              0 / 0        
[11.169s][info][gc,reloc    ] GC(3) Y: Survivor 3        47M (1%)           36M (1%)          26 / 3              1 / 1              0 / 0        
[11.169s][info][gc,heap     ] GC(3) Y: Min Capacity: 8M(0%)
[11.169s][info][gc,heap     ] GC(3) Y: Max Capacity: 4096M(100%)
[11.169s][info][gc,heap     ] GC(3) Y: Soft Max Capacity: 4096M(100%)
[11.169s][info][gc,heap     ] GC(3) Y: Heap Statistics:
[11.169s][info][gc,heap     ] GC(3) Y:                Mark Start          Mark End        Relocate Start      Relocate End           High               Low         
[11.169s][info][gc,heap     ] GC(3) Y:  Capacity:     1230M (30%)        1276M (31%)        1278M (31%)        1420M (35%)        1420M (35%)        1230M (30%)    
[11.169s][info][gc,heap     ] GC(3) Y:      Free:     2866M (70%)        2820M (69%)        2818M (69%)        3630M (89%)        3632M (89%)        2740M (67%)    
[11.169s][info][gc,heap     ] GC(3) Y:      Used:     1230M (30%)        1276M (31%)        1278M (31%)         466M (11%)        1356M (33%)         464M (11%)    
[11.169s][info][gc,heap     ] GC(3) Y: Young Generation Statistics:
[11.169s][info][gc,heap     ] GC(3) Y:                Mark Start          Mark End        Relocate Start      Relocate End    
[11.169s][info][gc,heap     ] GC(3) Y:      Used:     1230M (30%)        1276M (31%)        1236M (30%)         348M (8%)     
[11.169s][info][gc,heap     ] GC(3) Y:      Live:         -               207M (5%)          168M (4%)          158M (4%)     
[11.169s][info][gc,heap     ] GC(3) Y:   Garbage:         -              1022M (25%)        1019M (25%)           3M (0%)     
[11.169s][info][gc,heap     ] GC(3) Y: Allocated:         -                46M (1%)           48M (1%)          186M (5%)     
[11.169s][info][gc,heap     ] GC(3) Y: Reclaimed:         -                  -                 2M (0%)         1018M (25%)    
[11.169s][info][gc,heap     ] GC(3) Y:  Promoted:         -                  -                39M (1%)           49M (1%)     
[11.169s][info][gc,heap     ] GC(3) Y: Compacted:         -                  -                  -                51M (1%)     
[11.169s][info][gc,phases   ] GC(3) Y: Young Generation 1230M(30%)->466M(11%) 0.160s
[11.169s][info][gc,phases   ] GC(3) O: Old Generation
[11.170s][info][gc,phases   ] GC(3) O: Concurrent Mark 0.952ms
[11.170s][info][gc,phases   ] GC(3) O: Pause Mark End 0.008ms
[11.170s][info][safepoint   ] Safepoint "ZMarkEndOld", Time since last: 32016300 ns, Reaching safepoint: 22500 ns, At safepoint: 153000 ns, Leaving safepoint: 8500 ns, Total: 184000 ns, Threads: 4 runnable, 26 total
[11.170s][info][gc,phases   ] GC(3) O: Concurrent Mark Free 0.001ms
[11.190s][info][gc,phases   ] GC(3) O: Concurrent Process Non-Strong 19.536ms
[11.190s][info][gc,phases   ] GC(3) O: Concurrent Reset Relocation Set 0.000ms
[11.190s][info][safepoint   ] Safepoint "CleanClassLoaderDataMetaspaces", Time since last: 19549400 ns, Reaching safepoint: 29300 ns, At safepoint: 346500 ns, Leaving safepoint: 15500 ns, Total: 391300 ns, Threads: 1 runnable, 26 total
[11.190s][info][gc,phases   ] GC(3) O: Concurrent Select Relocation Set 0.325ms
[11.190s][info][gc,task     ] GC(3) O: Using 4 Workers for Old Generation
[11.194s][info][gc,task     ] GC(3) O: Using 1 Workers for Old Generation
[11.194s][info][gc,phases   ] GC(3) O: Concurrent Remap Roots 3.700ms
[11.194s][info][gc,phases   ] GC(3) O: Pause Relocate Start 0.008ms
[11.194s][info][safepoint   ] Safepoint "ZRelocateStartOld", Time since last: 3772700 ns, Reaching safepoint: 622500 ns, At safepoint: 34100 ns, Leaving safepoint: 8000 ns, Total: 664600 ns, Threads: 2 runnable, 26 total
[11.195s][info][gc,phases   ] GC(3) O: Concurrent Relocate 0.033ms
[11.195s][info][gc,alloc    ] GC(3) O:                         Mark Start        Mark End      Relocate Start    Relocate End   
[11.195s][info][gc,alloc    ] GC(3) O: Allocation Stalls:          0                0                0                0         
[11.195s][info][gc,load     ] GC(3) O: Load: 0.00 (0%) / 0.00 (0%) / 0.00 (0%)
[11.195s][info][gc,mmu      ] GC(3) O: MMU: 2ms/99.4%, 5ms/99.7%, 10ms/99.8%, 20ms/99.9%, 50ms/99.9%, 100ms/100.0%
[11.195s][info][gc,marking  ] GC(3) O: Mark: 1 stripe(s), 1 proactive flush(es), 1 terminate flush(es), 0 completion(s), 0 continuation(s) 
[11.195s][info][gc,nmethod  ] GC(3) O: NMethods: 8766 registered, 1777 unregistered
[11.195s][info][gc,metaspace] GC(3) O: Metaspace: 88M used, 89M committed, 1152M reserved
[11.195s][info][gc,ref      ] GC(3) O:                       Encountered   Discovered     Enqueued 
[11.195s][info][gc,ref      ] GC(3) O: Soft References:             3803            0            0 
[11.195s][info][gc,ref      ] GC(3) O: Weak References:            35971            0            0 
[11.195s][info][gc,ref      ] GC(3) O: Final References:              37            0            0 
[11.195s][info][gc,ref      ] GC(3) O: Phantom References:          6433            0            0 
[11.195s][info][gc,heap     ] GC(3) O: Min Capacity: 8M(0%)
[11.195s][info][gc,heap     ] GC(3) O: Max Capacity: 4096M(100%)
[11.195s][info][gc,heap     ] GC(3) O: Soft Max Capacity: 4096M(100%)
[11.195s][info][gc,heap     ] GC(3) O: Heap Statistics:
[11.195s][info][gc,heap     ] GC(3) O:                Mark Start          Mark End        Relocate Start      Relocate End           High               Low         
[11.195s][info][gc,heap     ] GC(3) O:  Capacity:     1230M (30%)        1420M (35%)        1420M (35%)        1420M (35%)        1420M (35%)        1230M (30%)    
[11.195s][info][gc,heap     ] GC(3) O:      Free:     2866M (70%)        3630M (89%)        3618M (88%)        3618M (88%)        3632M (89%)        2740M (67%)    
[11.195s][info][gc,heap     ] GC(3) O:      Used:     1230M (30%)         466M (11%)         478M (12%)         478M (12%)        1356M (33%)         464M (11%)    
[11.195s][info][gc,heap     ] GC(3) O: Old Generation Statistics:
[11.195s][info][gc,heap     ] GC(3) O:                Mark Start          Mark End        Relocate Start      Relocate End    
[11.195s][info][gc,heap     ] GC(3) O:      Used:        0M (0%)          118M (3%)          118M (3%)          118M (3%)     
[11.195s][info][gc,heap     ] GC(3) O:      Live:         -                 0M (0%)            0M (0%)            0M (0%)     
[11.195s][info][gc,heap     ] GC(3) O:   Garbage:         -                 0M (0%)            0M (0%)            0M (0%)     
[11.195s][info][gc,heap     ] GC(3) O: Allocated:         -               118M (3%)          118M (3%)          118M (3%)     
[11.195s][info][gc,heap     ] GC(3) O: Reclaimed:         -                  -                 0M (0%)            0M (0%)     
[11.195s][info][gc,heap     ] GC(3) O: Compacted:         -                  -                  -                 0M (0%)     
[11.195s][info][gc,phases   ] GC(3) O: Old Generation 466M(11%)->478M(12%) 0.026s
[11.195s][info][gc          ] GC(3) Major Collection (Warmup) 1230M(30%)->478M(12%) 0.186s
[18.598s][info][gc          ] GC(4) Minor Collection (Allocation Rate)
[18.598s][info][gc,task     ] GC(4) Using 1 Workers for Young Generation
[18.599s][info][gc,phases   ] GC(4) y: Young Generation
[18.599s][info][gc,phases   ] GC(4) y: Pause Mark Start 0.007ms
[18.599s][info][safepoint   ] Safepoint "ZMarkStartYoung", Time since last: 7404049600 ns, Reaching safepoint: 5200 ns, At safepoint: 30400 ns, Leaving safepoint: 5900 ns, Total: 41500 ns, Threads: 1 runnable, 72 total
[19.316s][info][gc,phases   ] GC(4) y: Concurrent Mark 717.343ms
[19.316s][info][gc,phases   ] GC(4) y: Pause Mark End 0.016ms
[19.316s][info][safepoint   ] Safepoint "ZMarkEndYoung", Time since last: 717402500 ns, Reaching safepoint: 15800 ns, At safepoint: 40100 ns, Leaving safepoint: 13000 ns, Total: 68900 ns, Threads: 7 runnable, 77 total
[19.316s][info][gc,phases   ] GC(4) y: Concurrent Mark Free 0.002ms
[19.316s][info][gc,phases   ] GC(4) y: Concurrent Reset Relocation Set 0.043ms
[19.316s][info][gc,reloc    ] GC(4) y: Using tenuring threshold: 1 (Computed)
[19.399s][info][gc,phases   ] GC(4) y: Concurrent Select Relocation Set 82.543ms
[19.399s][info][gc,phases   ] GC(4) y: Pause Relocate Start 0.012ms
[19.399s][info][safepoint   ] Safepoint "ZRelocateStartYoung", Time since last: 82688900 ns, Reaching safepoint: 30200 ns, At safepoint: 46500 ns, Leaving safepoint: 15400 ns, Total: 92100 ns, Threads: 6 runnable, 77 total
[19.765s][info][gc,phases   ] GC(4) y: Concurrent Relocate 366.217ms
[19.765s][info][gc,alloc    ] GC(4) y:                         Mark Start        Mark End      Relocate Start    Relocate End   
[19.765s][info][gc,alloc    ] GC(4) y: Allocation Stalls:          0                0                0                0         
[19.765s][info][gc,load     ] GC(4) y: Load: 0.00 (0%) / 0.00 (0%) / 0.00 (0%)
[19.765s][info][gc,mmu      ] GC(4) y: MMU: 2ms/99.2%, 5ms/99.7%, 10ms/99.8%, 20ms/99.9%, 50ms/99.9%, 100ms/100.0%
[19.765s][info][gc,marking  ] GC(4) y: Mark: 1 stripe(s), 2 proactive flush(es), 1 terminate flush(es), 0 completion(s), 0 continuation(s) 
[19.765s][info][gc,nmethod  ] GC(4) y: NMethods: 27707 registered, 0 unregistered
[19.765s][info][gc,metaspace] GC(4) y: Metaspace: 150M used, 152M committed, 1152M reserved
[19.765s][info][gc,reloc    ] GC(4) y:                        Candidates     Selected     In-Place         Size        Empty    Relocated 
[19.765s][info][gc,reloc    ] GC(4) y: Small Pages:                 1326         1112            0        2652M          88M         107M 
[19.765s][info][gc,reloc    ] GC(4) y: Medium Pages:                   5            3            0         144M          16M          14M 
[19.765s][info][gc,reloc    ] GC(4) y: Large Pages:                    1            0            0          12M           0M           0M 
[19.765s][info][gc,reloc    ] GC(4) y: Forwarding Usage: 54M
[19.765s][info][gc,reloc    ] GC(4) y: Age Table:
[19.765s][info][gc,reloc    ] GC(4) y:                    Live             Garbage             Small              Medium             Large        
[19.765s][info][gc,reloc    ] GC(4) y: Eden             178M (4%)         2337M (57%)       1242 / 1100           1 / 1              0 / 0        
[19.765s][info][gc,reloc    ] GC(4) y: Survivor 1        49M (1%)           58M (1%)          30 / 7              2 / 1              0 / 0        
[19.765s][info][gc,reloc    ] GC(4) y: Survivor 2        83M (2%)           36M (1%)          38 / 1              1 / 0              1 / 0        
[19.765s][info][gc,reloc    ] GC(4) y: Survivor 3        22M (1%)           41M (1%)          16 / 4              1 / 1              0 / 0        
[19.765s][info][gc,heap     ] GC(4) y: Min Capacity: 8M(0%)
[19.765s][info][gc,heap     ] GC(4) y: Max Capacity: 4096M(100%)
[19.765s][info][gc,heap     ] GC(4) y: Soft Max Capacity: 4096M(100%)
[19.765s][info][gc,heap     ] GC(4) y: Heap Statistics:
[19.765s][info][gc,heap     ] GC(4) y:                Mark Start          Mark End        Relocate Start      Relocate End           High               Low         
[19.765s][info][gc,heap     ] GC(4) y:  Capacity:     2926M (71%)        3756M (92%)        3758M (92%)        3864M (94%)        3864M (94%)        2926M (71%)    
[19.765s][info][gc,heap     ] GC(4) y:      Free:     1170M (29%)         340M (8%)          338M (8%)         2138M (52%)        2220M (54%)         232M (6%)     
[19.765s][info][gc,heap     ] GC(4) y:      Used:     2926M (71%)        3756M (92%)        3758M (92%)        1958M (48%)        3864M (94%)        1876M (46%)    
[19.765s][info][gc,heap     ] GC(4) y: Young Generation Statistics:
[19.765s][info][gc,heap     ] GC(4) y:                Mark Start          Mark End        Relocate Start      Relocate End    
[19.765s][info][gc,heap     ] GC(4) y:      Used:     2808M (69%)        3638M (89%)        3490M (85%)        1628M (40%)    
[19.765s][info][gc,heap     ] GC(4) y:      Live:         -               334M (8%)          188M (5%)          178M (4%)     
[19.765s][info][gc,heap     ] GC(4) y:   Garbage:         -              2473M (60%)        2365M (58%)           7M (0%)     
[19.765s][info][gc,heap     ] GC(4) y: Allocated:         -               830M (20%)         936M (23%)        1441M (35%)    
[19.765s][info][gc,heap     ] GC(4) y: Reclaimed:         -                  -               108M (3%)         2466M (60%)    
[19.765s][info][gc,heap     ] GC(4) y:  Promoted:         -                  -               145M (4%)          155M (4%)     
[19.765s][info][gc,heap     ] GC(4) y: Compacted:         -                  -                  -               146M (4%)     
[19.766s][info][gc,phases   ] GC(4) y: Young Generation 2926M(71%)->1958M(48%) 1.167s
[19.766s][info][gc          ] GC(4) Minor Collection (Allocation Rate) 2926M(71%)->1958M(48%) 1.167s
[19.766s][info][gc          ] GC(5) Major Collection (CodeCache GC Threshold)
[19.766s][info][gc,task     ] GC(5) Using 1 Workers for Young Generation
[19.766s][info][gc,task     ] GC(5) Using 1 Workers for Old Generation
[19.766s][info][gc,phases   ] GC(5) Y: Young Generation
[19.766s][info][gc,phases   ] GC(5) Y: Pause Mark Start (Major) 0.010ms
[19.766s][info][safepoint   ] Safepoint "ZMarkStartYoungAndOld", Time since last: 366800900 ns, Reaching safepoint: 9500 ns, At safepoint: 30300 ns, Leaving safepoint: 8200 ns, Total: 48000 ns, Threads: 0 runnable, 77 total
[20.336s][info][gc,phases   ] GC(5) Y: Concurrent Mark 570.252ms
[20.336s][info][gc,phases   ] GC(5) Y: Pause Mark End 0.013ms
[20.336s][info][safepoint   ] Safepoint "ZMarkEndYoung", Time since last: 570314000 ns, Reaching safepoint: 14100 ns, At safepoint: 34300 ns, Leaving safepoint: 8500 ns, Total: 56900 ns, Threads: 5 runnable, 77 total
[20.336s][info][gc,phases   ] GC(5) Y: Concurrent Mark Free 0.001ms
[20.336s][info][gc,phases   ] GC(5) Y: Concurrent Reset Relocation Set 0.095ms
[20.336s][info][gc,reloc    ] GC(5) Y: Using tenuring threshold: 1 (Computed)
[20.405s][info][gc,phases   ] GC(5) Y: Concurrent Select Relocation Set 68.490ms
[20.405s][info][gc,phases   ] GC(5) Y: Pause Relocate Start 0.011ms
[20.405s][info][safepoint   ] Safepoint "ZRelocateStartYoung", Time since last: 68807300 ns, Reaching safepoint: 6300 ns, At safepoint: 34400 ns, Leaving safepoint: 7500 ns, Total: 48200 ns, Threads: 1 runnable, 77 total
[20.623s][info][gc,phases   ] GC(5) Y: Concurrent Relocate 217.653ms
[20.623s][info][gc,alloc    ] GC(5) Y:                         Mark Start        Mark End      Relocate Start    Relocate End   
[20.623s][info][gc,alloc    ] GC(5) Y: Allocation Stalls:          0                0                0                0         
[20.623s][info][gc,load     ] GC(5) Y: Load: 0.00 (0%) / 0.00 (0%) / 0.00 (0%)
[20.623s][info][gc,mmu      ] GC(5) Y: MMU: 2ms/99.2%, 5ms/99.7%, 10ms/99.8%, 20ms/99.9%, 50ms/99.9%, 100ms/100.0%
[20.623s][info][gc,marking  ] GC(5) Y: Mark: 1 stripe(s), 2 proactive flush(es), 1 terminate flush(es), 0 completion(s), 0 continuation(s) 
[20.623s][info][gc,nmethod  ] GC(5) Y: NMethods: 29439 registered, 0 unregistered
[20.623s][info][gc,metaspace] GC(5) Y: Metaspace: 151M used, 153M committed, 1216M reserved
[20.623s][info][gc,reloc    ] GC(5) Y:                        Candidates     Selected     In-Place         Size        Empty    Relocated 
[20.623s][info][gc,reloc    ] GC(5) Y: Small Pages:                  766          589            0        1532M          98M          67M 
[20.623s][info][gc,reloc    ] GC(5) Y: Medium Pages:                   3            2            0          96M           0M          12M 
[20.623s][info][gc,reloc    ] GC(5) Y: Large Pages:                    0            0            0           0M           0M           0M 
[20.623s][info][gc,reloc    ] GC(5) Y: Forwarding Usage: 28M
[20.623s][info][gc,reloc    ] GC(5) Y: Age Table:
[20.623s][info][gc,reloc    ] GC(5) Y:                    Live             Garbage             Small              Medium             Large        
[20.623s][info][gc,reloc    ] GC(5) Y: Eden              84M (2%)         1273M (31%)        663 / 566            1 / 1              0 / 0        
[20.623s][info][gc,reloc    ] GC(5) Y: Survivor 1       153M (4%)          116M (3%)         103 / 23             2 / 1              0 / 0        
[20.623s][info][gc,heap     ] GC(5) Y: Min Capacity: 8M(0%)
[20.623s][info][gc,heap     ] GC(5) Y: Max Capacity: 4096M(100%)
[20.623s][info][gc,heap     ] GC(5) Y: Soft Max Capacity: 4096M(100%)
[20.623s][info][gc,heap     ] GC(5) Y: Heap Statistics:
[20.623s][info][gc,heap     ] GC(5) Y:                Mark Start          Mark End        Relocate Start      Relocate End           High               Low         
[20.623s][info][gc,heap     ] GC(5) Y:  Capacity:     3864M (94%)        3864M (94%)        3864M (94%)        3864M (94%)        3864M (94%)        3864M (94%)    
[20.623s][info][gc,heap     ] GC(5) Y:      Free:     2138M (52%)        1162M (28%)        1172M (29%)        1900M (46%)        2176M (53%)        1074M (26%)    
[20.623s][info][gc,heap     ] GC(5) Y:      Used:     1958M (48%)        2934M (72%)        2924M (71%)        2196M (54%)        3022M (74%)        1920M (47%)    
[20.623s][info][gc,heap     ] GC(5) Y: Young Generation Statistics:
[20.623s][info][gc,heap     ] GC(5) Y:                Mark Start          Mark End        Relocate Start      Relocate End    
[20.623s][info][gc,heap     ] GC(5) Y:      Used:     1628M (40%)        2604M (64%)        2462M (60%)        1646M (40%)    
[20.623s][info][gc,heap     ] GC(5) Y:      Live:         -               238M (6%)          119M (3%)           84M (2%)     
[20.623s][info][gc,heap     ] GC(5) Y:   Garbage:         -              1389M (34%)        1278M (31%)           0M (0%)     
[20.623s][info][gc,heap     ] GC(5) Y: Allocated:         -               976M (24%)        1064M (26%)        1561M (38%)    
[20.623s][info][gc,heap     ] GC(5) Y: Reclaimed:         -                  -               110M (3%)         1389M (34%)    
[20.623s][info][gc,heap     ] GC(5) Y:  Promoted:         -                  -               119M (3%)          153M (4%)     
[20.623s][info][gc,heap     ] GC(5) Y: Compacted:         -                  -                  -                84M (2%)     
[20.623s][info][gc,phases   ] GC(5) Y: Young Generation 1958M(48%)->2196M(54%) 0.857s
[20.623s][info][gc,phases   ] GC(5) O: Old Generation
[20.678s][info][gc          ] GC(6) Minor Collection (Allocation Rate)
[20.678s][info][gc,task     ] GC(6) Using 4 Workers for Young Generation
[20.678s][info][gc,phases   ] GC(6) y: Young Generation
[20.678s][info][gc,phases   ] GC(6) y: Pause Mark Start 0.010ms
[20.678s][info][safepoint   ] Safepoint "ZMarkStartYoung", Time since last: 273208000 ns, Reaching safepoint: 22300 ns, At safepoint: 33500 ns, Leaving safepoint: 11700 ns, Total: 67500 ns, Threads: 2 runnable, 77 total
[20.750s][info][gc,phases   ] GC(6) y: Concurrent Mark 71.431ms
[20.750s][info][gc,phases   ] GC(6) y: Pause Mark End 0.020ms
[20.750s][info][safepoint   ] Safepoint "ZMarkEndYoung", Time since last: 71499300 ns, Reaching safepoint: 20300 ns, At safepoint: 46400 ns, Leaving safepoint: 8500 ns, Total: 75200 ns, Threads: 0 runnable, 77 total
[20.750s][info][gc,phases   ] GC(6) y: Concurrent Mark Free 0.002ms
[20.750s][info][gc,phases   ] GC(6) y: Concurrent Reset Relocation Set 0.196ms
[20.750s][info][gc,reloc    ] GC(6) y: Using tenuring threshold: 2 (Computed)
[20.751s][info][gc,phases   ] GC(6) y: Concurrent Select Relocation Set 1.079ms
[20.751s][info][gc,phases   ] GC(6) y: Pause Relocate Start 0.009ms
[20.751s][info][safepoint   ] Safepoint "ZRelocateStartYoung", Time since last: 1407100 ns, Reaching safepoint: 21500 ns, At safepoint: 29300 ns, Leaving safepoint: 6200 ns, Total: 57000 ns, Threads: 1 runnable, 77 total
[20.773s][info][gc,phases   ] GC(6) y: Concurrent Relocate 22.043ms
[20.773s][info][gc,alloc    ] GC(6) y:                         Mark Start        Mark End      Relocate Start    Relocate End   
[20.773s][info][gc,alloc    ] GC(6) y: Allocation Stalls:          0                0                0                0         
[20.773s][info][gc,load     ] GC(6) y: Load: 0.00 (0%) / 0.00 (0%) / 0.00 (0%)
[20.773s][info][gc,mmu      ] GC(6) y: MMU: 2ms/98.6%, 5ms/99.4%, 10ms/99.7%, 20ms/99.9%, 50ms/99.9%, 100ms/100.0%
[20.773s][info][gc,marking  ] GC(6) y: Mark: 4 stripe(s), 10 proactive flush(es), 1 terminate flush(es), 0 completion(s), 0 continuation(s) 
[20.773s][info][gc,nmethod  ] GC(6) y: NMethods: 29573 registered, 0 unregistered
[20.773s][info][gc,metaspace] GC(6) y: Metaspace: 151M used, 153M committed, 1216M reserved
[20.773s][info][gc,reloc    ] GC(6) y:                        Candidates     Selected     In-Place         Size        Empty    Relocated 
[20.773s][info][gc,reloc    ] GC(6) y: Small Pages:                  660          515            0        1320M         124M          56M 
[20.773s][info][gc,reloc    ] GC(6) y: Medium Pages:                  13            3            0         416M         288M           4M 
[20.773s][info][gc,reloc    ] GC(6) y: Large Pages:                    0            0            0           0M           0M           0M 
[20.773s][info][gc,reloc    ] GC(6) y: Forwarding Usage: 24M
[20.773s][info][gc,reloc    ] GC(6) y: Age Table:
[20.773s][info][gc,reloc    ] GC(6) y:                    Live             Garbage             Small              Medium             Large        
[20.773s][info][gc,reloc    ] GC(6) y: Eden              76M (2%)         1485M (36%)        605 / 499           11 / 1              0 / 0        
[20.773s][info][gc,reloc    ] GC(6) y: Survivor 1        78M (2%)           95M (2%)          55 / 16             2 / 2              0 / 0        
[20.773s][info][gc,heap     ] GC(6) y: Min Capacity: 8M(0%)
[20.774s][info][gc,heap     ] GC(6) y: Max Capacity: 4096M(100%)
[20.774s][info][gc,heap     ] GC(6) y: Soft Max Capacity: 4096M(100%)
[20.774s][info][gc,heap     ] GC(6) y: Heap Statistics:
[20.774s][info][gc,heap     ] GC(6) y:                Mark Start          Mark End        Relocate Start      Relocate End           High               Low         
[20.774s][info][gc,heap     ] GC(6) y:  Capacity:     3864M (94%)        3864M (94%)        3864M (94%)        3864M (94%)        3864M (94%)        3864M (94%)    
[20.774s][info][gc,heap     ] GC(6) y:      Free:     1810M (44%)        1760M (43%)        2172M (53%)        3200M (78%)        3204M (78%)        1760M (43%)    
[20.774s][info][gc,heap     ] GC(6) y:      Used:     2286M (56%)        2336M (57%)        1924M (47%)         896M (22%)        2336M (57%)         892M (22%)    
[20.774s][info][gc,heap     ] GC(6) y: Young Generation Statistics:
[20.774s][info][gc,heap     ] GC(6) y:                Mark Start          Mark End        Relocate Start      Relocate End    
[20.774s][info][gc,heap     ] GC(6) y:      Used:     1736M (42%)        1786M (44%)        1374M (34%)         346M (8%)     
[20.774s][info][gc,heap     ] GC(6) y:      Live:         -               155M (4%)          155M (4%)          155M (4%)     
[20.774s][info][gc,heap     ] GC(6) y:   Garbage:         -              1580M (39%)        1168M (29%)           6M (0%)     
[20.774s][info][gc,heap     ] GC(6) y: Allocated:         -                50M (1%)           50M (1%)          184M (5%)     
[20.774s][info][gc,heap     ] GC(6) y: Reclaimed:         -                  -               412M (10%)        1574M (38%)    
[20.774s][info][gc,heap     ] GC(6) y:  Promoted:         -                  -                 0M (0%)            0M (0%)     
[20.774s][info][gc,heap     ] GC(6) y: Compacted:         -                  -                  -                79M (2%)     
[20.774s][info][gc,phases   ] GC(6) y: Young Generation 2286M(56%)->896M(22%) 0.095s
[20.774s][info][gc          ] GC(6) Minor Collection (Allocation Rate) 2286M(56%)->896M(22%) 0.096s
[20.911s][info][gc,phases   ] GC(5) O: Concurrent Mark 288.213ms
[20.911s][info][gc,phases   ] GC(5) O: Pause Mark End 0.015ms
[20.911s][info][safepoint   ] Safepoint "ZMarkEndOld", Time since last: 159897300 ns, Reaching safepoint: 4900 ns, At safepoint: 36600 ns, Leaving safepoint: 3900 ns, Total: 45400 ns, Threads: 0 runnable, 77 total
[20.911s][info][gc,phases   ] GC(5) O: Concurrent Mark Free 0.001ms
[20.963s][info][gc,phases   ] GC(5) O: Concurrent Process Non-Strong 52.139ms
[20.963s][info][gc,phases   ] GC(5) O: Concurrent Reset Relocation Set 0.000ms
[20.964s][info][safepoint   ] Safepoint "CleanClassLoaderDataMetaspaces", Time since last: 52081900 ns, Reaching safepoint: 8200 ns, At safepoint: 1230400 ns, Leaving safepoint: 9200 ns, Total: 1247800 ns, Threads: 2 runnable, 77 total
[20.965s][info][gc,phases   ] GC(5) O: Concurrent Select Relocation Set 1.588ms
[20.965s][info][gc,task     ] GC(5) O: Using 4 Workers for Old Generation
[20.973s][info][gc,task     ] GC(5) O: Using 1 Workers for Old Generation
[20.973s][info][gc,phases   ] GC(5) O: Concurrent Remap Roots 7.582ms
[20.973s][info][gc,phases   ] GC(5) O: Pause Relocate Start 0.012ms
[20.973s][info][safepoint   ] Safepoint "ZRelocateStartOld", Time since last: 8173600 ns, Reaching safepoint: 18200 ns, At safepoint: 37900 ns, Leaving safepoint: 10300 ns, Total: 66400 ns, Threads: 3 runnable, 76 total
[20.984s][info][gc,phases   ] GC(5) O: Concurrent Relocate 11.069ms
[20.984s][info][gc,alloc    ] GC(5) O:                         Mark Start        Mark End      Relocate Start    Relocate End   
[20.984s][info][gc,alloc    ] GC(5) O: Allocation Stalls:          0                0                0                0         
[20.984s][info][gc,load     ] GC(5) O: Load: 0.00 (0%) / 0.00 (0%) / 0.00 (0%)
[20.984s][info][gc,mmu      ] GC(5) O: MMU: 2ms/98.6%, 5ms/99.4%, 10ms/99.7%, 20ms/99.9%, 50ms/99.9%, 100ms/100.0%
[20.984s][info][gc,marking  ] GC(5) O: Mark: 1 stripe(s), 2 proactive flush(es), 1 terminate flush(es), 0 completion(s), 0 continuation(s) 
[20.984s][info][gc,nmethod  ] GC(5) O: NMethods: 22652 registered, 7085 unregistered
[20.984s][info][gc,metaspace] GC(5) O: Metaspace: 151M used, 153M committed, 1216M reserved
[20.984s][info][gc,ref      ] GC(5) O:                       Encountered   Discovered     Enqueued 
[20.984s][info][gc,ref      ] GC(5) O: Soft References:             5442            0            0 
[20.984s][info][gc,ref      ] GC(5) O: Weak References:            61570        25429        15100 
[20.984s][info][gc,ref      ] GC(5) O: Final References:              57            1            0 
[20.984s][info][gc,ref      ] GC(5) O: Phantom References:         11419         5493         5415 
[20.984s][info][gc,reloc    ] GC(5) O:                        Candidates     Selected     In-Place         Size        Empty    Relocated 
[20.984s][info][gc,reloc    ] GC(5) O: Small Pages:                  111           20            0         222M           0M           3M 
[20.984s][info][gc,reloc    ] GC(5) O: Medium Pages:                   3            2            0          96M           0M          10M 
[20.984s][info][gc,reloc    ] GC(5) O: Large Pages:                    1            0            0          12M           0M           0M 
[20.984s][info][gc,reloc    ] GC(5) O: Forwarding Usage: 3M
[20.984s][info][gc,heap     ] GC(5) O: Min Capacity: 8M(0%)
[20.984s][info][gc,heap     ] GC(5) O: Max Capacity: 4096M(100%)
[20.984s][info][gc,heap     ] GC(5) O: Soft Max Capacity: 4096M(100%)
[20.984s][info][gc,heap     ] GC(5) O: Heap Statistics:
[20.984s][info][gc,heap     ] GC(5) O:                Mark Start          Mark End        Relocate Start      Relocate End           High               Low         
[20.984s][info][gc,heap     ] GC(5) O:  Capacity:     3864M (94%)        3864M (94%)        3864M (94%)        3864M (94%)        3864M (94%)        3864M (94%)    
[20.984s][info][gc,heap     ] GC(5) O:      Free:     2138M (52%)        3134M (77%)        3078M (75%)        3180M (78%)        3204M (78%)        1074M (26%)    
[20.984s][info][gc,heap     ] GC(5) O:      Used:     1958M (48%)         962M (23%)        1018M (25%)         916M (22%)        3022M (74%)         892M (22%)    
[20.984s][info][gc,heap     ] GC(5) O: Old Generation Statistics:
[20.984s][info][gc,heap     ] GC(5) O:                Mark Start          Mark End        Relocate Start      Relocate End    
[20.984s][info][gc,heap     ] GC(5) O:      Used:      330M (8%)          550M (13%)         550M (13%)         446M (11%)    
[20.984s][info][gc,heap     ] GC(5) O:      Live:         -               194M (5%)          194M (5%)          194M (5%)     
[20.984s][info][gc,heap     ] GC(5) O:   Garbage:         -               135M (3%)          135M (3%)           10M (0%)     
[20.984s][info][gc,heap     ] GC(5) O: Allocated:         -               220M (5%)          220M (5%)          240M (6%)     
[20.984s][info][gc,heap     ] GC(5) O: Reclaimed:         -                  -                 0M (0%)          124M (3%)     
[20.984s][info][gc,heap     ] GC(5) O: Compacted:         -                  -                  -                21M (1%)     
[20.984s][info][gc,phases   ] GC(5) O: Old Generation 2196M(54%)->916M(22%) 0.361s
[20.984s][info][gc          ] GC(5) Major Collection (CodeCache GC Threshold) 1958M(48%)->916M(22%) 1.219s
[21.368s][info][gc          ] GC(7) Minor Collection (Allocation Rate)
[21.368s][info][gc,task     ] GC(7) Using 3 Workers for Young Generation
[21.368s][info][gc,phases   ] GC(7) y: Young Generation
[21.368s][info][gc,phases   ] GC(7) y: Pause Mark Start 0.012ms
[21.368s][info][safepoint   ] Safepoint "ZMarkStartYoung", Time since last: 395381900 ns, Reaching safepoint: 20300 ns, At safepoint: 33600 ns, Leaving safepoint: 9800 ns, Total: 63700 ns, Threads: 4 runnable, 76 total
[21.445s][info][gc,phases   ] GC(7) y: Concurrent Mark 76.319ms
[21.445s][info][gc,phases   ] GC(7) y: Pause Mark End 0.012ms
[21.445s][info][safepoint   ] Safepoint "ZMarkEndYoung", Time since last: 76450800 ns, Reaching safepoint: 3000 ns, At safepoint: 30900 ns, Leaving safepoint: 2300 ns, Total: 36200 ns, Threads: 0 runnable, 76 total
[21.445s][info][gc,phases   ] GC(7) y: Concurrent Mark Free 0.002ms
[21.445s][info][gc,phases   ] GC(7) y: Concurrent Reset Relocation Set 0.012ms
[21.445s][info][gc,reloc    ] GC(7) y: Using tenuring threshold: 1 (Computed)
[21.460s][info][gc,phases   ] GC(7) y: Concurrent Select Relocation Set 14.954ms
[21.460s][info][gc,phases   ] GC(7) y: Pause Relocate Start 0.009ms
[21.460s][info][safepoint   ] Safepoint "ZRelocateStartYoung", Time since last: 15046400 ns, Reaching safepoint: 4400 ns, At safepoint: 30600 ns, Leaving safepoint: 4100 ns, Total: 39100 ns, Threads: 0 runnable, 76 total
[21.482s][info][gc,phases   ] GC(7) y: Concurrent Relocate 22.468ms
[21.482s][info][gc,alloc    ] GC(7) y:                         Mark Start        Mark End      Relocate Start    Relocate End   
[21.482s][info][gc,alloc    ] GC(7) y: Allocation Stalls:          0                0                0                0         
[21.482s][info][gc,load     ] GC(7) y: Load: 0.00 (0%) / 0.00 (0%) / 0.00 (0%)
[21.482s][info][gc,mmu      ] GC(7) y: MMU: 2ms/98.6%, 5ms/99.4%, 10ms/99.7%, 20ms/99.9%, 50ms/99.9%, 100ms/100.0%
[21.482s][info][gc,marking  ] GC(7) y: Mark: 2 stripe(s), 5 proactive flush(es), 1 terminate flush(es), 0 completion(s), 0 continuation(s) 
[21.482s][info][gc,nmethod  ] GC(7) y: NMethods: 22973 registered, 7085 unregistered
[21.482s][info][gc,metaspace] GC(7) y: Metaspace: 151M used, 153M committed, 1216M reserved
[21.482s][info][gc,reloc    ] GC(7) y:                        Candidates     Selected     In-Place         Size        Empty    Relocated 
[21.482s][info][gc,reloc    ] GC(7) y: Small Pages:                  300           75            0         600M         292M           4M 
[21.482s][info][gc,reloc    ] GC(7) y: Medium Pages:                   3            2            0          96M           0M           5M 
[21.482s][info][gc,reloc    ] GC(7) y: Large Pages:                    0            0            0           0M           0M           0M 
[21.482s][info][gc,reloc    ] GC(7) y: Forwarding Usage: 1M
[21.482s][info][gc,reloc    ] GC(7) y: Age Table:
[21.482s][info][gc,reloc    ] GC(7) y:                    Live             Garbage             Small              Medium             Large        
[21.482s][info][gc,reloc    ] GC(7) y: Eden               1M (0%)          418M (10%)        210 / 62             0 / 0              0 / 0        
[21.482s][info][gc,reloc    ] GC(7) y: Survivor 1        73M (2%)           78M (2%)          44 / 6              2 / 1              0 / 0        
[21.482s][info][gc,reloc    ] GC(7) y: Survivor 2        78M (2%)           45M (1%)          46 / 7              1 / 1              0 / 0        
[21.482s][info][gc,heap     ] GC(7) y: Min Capacity: 8M(0%)
[21.482s][info][gc,heap     ] GC(7) y: Max Capacity: 4096M(100%)
[21.482s][info][gc,heap     ] GC(7) y: Soft Max Capacity: 4096M(100%)
[21.482s][info][gc,heap     ] GC(7) y: Heap Statistics:
[21.482s][info][gc,heap     ] GC(7) y:                Mark Start          Mark End        Relocate Start      Relocate End           High               Low         
[21.482s][info][gc,heap     ] GC(7) y:  Capacity:     3864M (94%)        3864M (94%)        3864M (94%)        3864M (94%)        3864M (94%)        3864M (94%)    
[21.482s][info][gc,heap     ] GC(7) y:      Free:     2954M (72%)        2882M (70%)        3172M (77%)        3350M (82%)        3376M (82%)        2882M (70%)    
[21.482s][info][gc,heap     ] GC(7) y:      Used:     1142M (28%)        1214M (30%)         924M (23%)         746M (18%)        1214M (30%)         720M (18%)    
[21.483s][info][gc,heap     ] GC(7) y: Young Generation Statistics:
[21.483s][info][gc,heap     ] GC(7) y:                Mark Start          Mark End        Relocate Start      Relocate End    
[21.483s][info][gc,heap     ] GC(7) y:      Used:      696M (17%)         768M (19%)         328M (8%)          110M (3%)     
[21.483s][info][gc,heap     ] GC(7) y:      Live:         -               153M (4%)           12M (0%)            1M (0%)     
[21.483s][info][gc,heap     ] GC(7) y:   Garbage:         -               542M (13%)         241M (6%)            0M (0%)     
[21.483s][info][gc,heap     ] GC(7) y: Allocated:         -                72M (2%)           74M (2%)          108M (3%)     
[21.483s][info][gc,heap     ] GC(7) y: Reclaimed:         -                  -               300M (7%)          542M (13%)    
[21.483s][info][gc,heap     ] GC(7) y:  Promoted:         -                  -               141M (3%)          152M (4%)     
[21.483s][info][gc,heap     ] GC(7) y: Compacted:         -                  -                  -                 1M (0%)     
[21.483s][info][gc,phases   ] GC(7) y: Young Generation 1142M(28%)->746M(18%) 0.114s
[21.483s][info][gc          ] GC(7) Minor Collection (Allocation Rate) 1140M(28%)->746M(18%) 0.115s
[21.872s][info][gc          ] GC(8) Major Collection (Allocation Rate)
[21.872s][info][gc,task     ] GC(8) Using 2 Workers for Young Generation
[21.872s][info][gc,task     ] GC(8) Using 1 Workers for Old Generation
[21.872s][info][gc,phases   ] GC(8) Y: Young Generation
[21.873s][info][gc,phases   ] GC(8) Y: Pause Mark Start (Major) 0.010ms
[21.873s][info][safepoint   ] Safepoint "ZMarkStartYoungAndOld", Time since last: 412766700 ns, Reaching safepoint: 5900 ns, At safepoint: 24500 ns, Leaving safepoint: 4500 ns, Total: 34900 ns, Threads: 1 runnable, 76 total
[21.883s][info][gc,phases   ] GC(8) Y: Concurrent Mark 10.147ms
[21.883s][info][gc,phases   ] GC(8) Y: Pause Mark End 0.011ms
[21.883s][info][safepoint   ] Safepoint "ZMarkEndYoung", Time since last: 10194000 ns, Reaching safepoint: 3300 ns, At safepoint: 31100 ns, Leaving safepoint: 3600 ns, Total: 38000 ns, Threads: 0 runnable, 76 total
[21.883s][info][gc,phases   ] GC(8) Y: Concurrent Mark Free 0.002ms
[21.883s][info][gc,phases   ] GC(8) Y: Concurrent Reset Relocation Set 0.110ms
[21.883s][info][gc,reloc    ] GC(8) Y: Using tenuring threshold: 2 (Computed)
[21.883s][info][gc,phases   ] GC(8) Y: Concurrent Select Relocation Set 0.208ms
[21.883s][info][gc,phases   ] GC(8) Y: Pause Relocate Start 0.006ms
[21.883s][info][safepoint   ] Safepoint "ZRelocateStartYoung", Time since last: 397400 ns, Reaching safepoint: 24100 ns, At safepoint: 30000 ns, Leaving safepoint: 14500 ns, Total: 68600 ns, Threads: 2 runnable, 76 total
[21.885s][info][gc,phases   ] GC(8) Y: Concurrent Relocate 1.444ms
[21.885s][info][gc,alloc    ] GC(8) Y:                         Mark Start        Mark End      Relocate Start    Relocate End   
[21.885s][info][gc,alloc    ] GC(8) Y: Allocation Stalls:          0                0                0                0         
[21.885s][info][gc,load     ] GC(8) Y: Load: 0.00 (0%) / 0.00 (0%) / 0.00 (0%)
[21.885s][info][gc,mmu      ] GC(8) Y: MMU: 2ms/98.6%, 5ms/99.4%, 10ms/99.7%, 20ms/99.9%, 50ms/99.9%, 100ms/100.0%
[21.885s][info][gc,marking  ] GC(8) Y: Mark: 2 stripe(s), 3 proactive flush(es), 1 terminate flush(es), 0 completion(s), 0 continuation(s) 
[21.885s][info][gc,nmethod  ] GC(8) Y: NMethods: 23126 registered, 7085 unregistered
[21.885s][info][gc,metaspace] GC(8) Y: Metaspace: 151M used, 153M committed, 1216M reserved
[21.885s][info][gc,reloc    ] GC(8) Y:                        Candidates     Selected     In-Place         Size        Empty    Relocated 
[21.885s][info][gc,reloc    ] GC(8) Y: Small Pages:                  171           54            0         342M         230M           2M 
[21.885s][info][gc,reloc    ] GC(8) Y: Medium Pages:                   0            0            0           0M           0M           0M 
[21.885s][info][gc,reloc    ] GC(8) Y: Large Pages:                    0            0            0           0M           0M           0M 
[21.885s][info][gc,reloc    ] GC(8) Y: Forwarding Usage: 0M
[21.885s][info][gc,reloc    ] GC(8) Y: Age Table:
[21.885s][info][gc,reloc    ] GC(8) Y:                    Live             Garbage             Small              Medium             Large        
[21.885s][info][gc,reloc    ] GC(8) Y: Eden               2M (0%)          329M (8%)         166 / 51             0 / 0              0 / 0        
[21.885s][info][gc,reloc    ] GC(8) Y: Survivor 1         0M (0%)            9M (0%)           5 / 3              0 / 0              0 / 0        
[21.885s][info][gc,heap     ] GC(8) Y: Min Capacity: 8M(0%)
[21.885s][info][gc,heap     ] GC(8) Y: Max Capacity: 4096M(100%)
[21.885s][info][gc,heap     ] GC(8) Y: Soft Max Capacity: 4096M(100%)
[21.885s][info][gc,heap     ] GC(8) Y: Heap Statistics:
[21.885s][info][gc,heap     ] GC(8) Y:                Mark Start          Mark End        Relocate Start      Relocate End           High               Low         
[21.885s][info][gc,heap     ] GC(8) Y:  Capacity:     3864M (94%)        3864M (94%)        3864M (94%)        3864M (94%)        3864M (94%)        3864M (94%)    
[21.885s][info][gc,heap     ] GC(8) Y:      Free:     3118M (76%)        3104M (76%)        3334M (81%)        3428M (84%)        3428M (84%)        3104M (76%)    
[21.885s][info][gc,heap     ] GC(8) Y:      Used:      978M (24%)         992M (24%)         762M (19%)         668M (16%)         992M (24%)         668M (16%)    
[21.885s][info][gc,heap     ] GC(8) Y: Young Generation Statistics:
[21.885s][info][gc,heap     ] GC(8) Y:                Mark Start          Mark End        Relocate Start      Relocate End    
[21.885s][info][gc,heap     ] GC(8) Y:      Used:      342M (8%)          356M (9%)          126M (3%)           32M (1%)     
[21.885s][info][gc,heap     ] GC(8) Y:      Live:         -                 2M (0%)            2M (0%)            2M (0%)     
[21.885s][info][gc,heap     ] GC(8) Y:   Garbage:         -               339M (8%)          109M (3%)            0M (0%)     
[21.885s][info][gc,heap     ] GC(8) Y: Allocated:         -                14M (0%)           14M (0%)           29M (1%)     
[21.885s][info][gc,heap     ] GC(8) Y: Reclaimed:         -                  -               230M (6%)          339M (8%)     
[21.885s][info][gc,heap     ] GC(8) Y:  Promoted:         -                  -                 0M (0%)            0M (0%)     
[21.885s][info][gc,heap     ] GC(8) Y: Compacted:         -                  -                  -                 2M (0%)     
[21.885s][info][gc,phases   ] GC(8) Y: Young Generation 978M(24%)->668M(16%) 0.012s
[21.885s][info][gc,phases   ] GC(8) O: Old Generation
[22.443s][info][gc,phases   ] GC(8) O: Concurrent Mark 557.679ms
[22.443s][info][gc,phases   ] GC(8) O: Pause Mark End 0.017ms
[22.443s][info][safepoint   ] Safepoint "ZMarkEndOld", Time since last: 559555900 ns, Reaching safepoint: 5900 ns, At safepoint: 42400 ns, Leaving safepoint: 5200 ns, Total: 53500 ns, Threads: 1 runnable, 73 total
[22.443s][info][gc,phases   ] GC(8) O: Concurrent Mark Free 0.002ms
[22.494s][info][gc,phases   ] GC(8) O: Concurrent Process Non-Strong 50.779ms
[22.494s][info][gc,phases   ] GC(8) O: Concurrent Reset Relocation Set 0.002ms
[22.497s][info][gc,phases   ] GC(8) O: Concurrent Select Relocation Set 2.936ms
[22.497s][info][gc,task     ] GC(8) O: Using 3 Workers for Old Generation
[22.503s][info][gc,task     ] GC(8) O: Using 1 Workers for Old Generation
[22.503s][info][gc,phases   ] GC(8) O: Concurrent Remap Roots 6.140ms
[22.503s][info][gc,phases   ] GC(8) O: Pause Relocate Start 0.012ms
[22.503s][info][safepoint   ] Safepoint "ZRelocateStartOld", Time since last: 59995300 ns, Reaching safepoint: 17300 ns, At safepoint: 35900 ns, Leaving safepoint: 9500 ns, Total: 62700 ns, Threads: 2 runnable, 70 total
[22.566s][info][gc,phases   ] GC(8) O: Concurrent Relocate 62.970ms
[22.566s][info][gc,alloc    ] GC(8) O:                         Mark Start        Mark End      Relocate Start    Relocate End   
[22.566s][info][gc,alloc    ] GC(8) O: Allocation Stalls:          0                0                0                0         
[22.566s][info][gc,load     ] GC(8) O: Load: 0.00 (0%) / 0.00 (0%) / 0.00 (0%)
[22.566s][info][gc,mmu      ] GC(8) O: MMU: 2ms/98.6%, 5ms/99.4%, 10ms/99.7%, 20ms/99.9%, 50ms/99.9%, 100ms/100.0%
[22.566s][info][gc,marking  ] GC(8) O: Mark: 1 stripe(s), 2 proactive flush(es), 1 terminate flush(es), 0 completion(s), 0 continuation(s) 
[22.566s][info][gc,nmethod  ] GC(8) O: NMethods: 22208 registered, 8230 unregistered
[22.566s][info][gc,metaspace] GC(8) O: Metaspace: 151M used, 153M committed, 1216M reserved
[22.566s][info][gc,ref      ] GC(8) O:                       Encountered   Discovered     Enqueued 
[22.566s][info][gc,ref      ] GC(8) O: Soft References:             5367            0            0 
[22.566s][info][gc,ref      ] GC(8) O: Weak References:            45526        29066         8984 
[22.566s][info][gc,ref      ] GC(8) O: Final References:              57            3            2 
[22.566s][info][gc,ref      ] GC(8) O: Phantom References:          4643         4417         3361 
[22.566s][info][gc,reloc    ] GC(8) O:                        Candidates     Selected     In-Place         Size        Empty    Relocated 
[22.566s][info][gc,reloc    ] GC(8) O: Small Pages:                  264           24            0         528M           0M          13M 
[22.566s][info][gc,reloc    ] GC(8) O: Medium Pages:                   3            2            0          96M           0M          21M 
[22.566s][info][gc,reloc    ] GC(8) O: Large Pages:                    1            0            0          12M           0M           0M 
[22.566s][info][gc,reloc    ] GC(8) O: Forwarding Usage: 21M
[22.566s][info][gc,heap     ] GC(8) O: Min Capacity: 8M(0%)
[22.566s][info][gc,heap     ] GC(8) O: Max Capacity: 4096M(100%)
[22.566s][info][gc,heap     ] GC(8) O: Soft Max Capacity: 4096M(100%)
[22.566s][info][gc,heap     ] GC(8) O: Heap Statistics:
[22.566s][info][gc,heap     ] GC(8) O:                Mark Start          Mark End        Relocate Start      Relocate End           High               Low         
[22.566s][info][gc,heap     ] GC(8) O:  Capacity:     3864M (94%)        3864M (94%)        3864M (94%)        3864M (94%)        3864M (94%)        3864M (94%)    
[22.566s][info][gc,heap     ] GC(8) O:      Free:     3118M (76%)        3338M (81%)        3326M (81%)        3388M (83%)        3428M (84%)        3104M (76%)    
[22.566s][info][gc,heap     ] GC(8) O:      Used:      978M (24%)         758M (19%)         770M (19%)         708M (17%)         992M (24%)         668M (16%)    
[22.566s][info][gc,heap     ] GC(8) O: Old Generation Statistics:
[22.566s][info][gc,heap     ] GC(8) O:                Mark Start          Mark End        Relocate Start      Relocate End    
[22.566s][info][gc,heap     ] GC(8) O:      Used:      636M (16%)         636M (16%)         636M (16%)         564M (14%)    
[22.566s][info][gc,heap     ] GC(8) O:      Live:         -               489M (12%)         489M (12%)         489M (12%)    
[22.566s][info][gc,heap     ] GC(8) O:   Garbage:         -               146M (4%)          146M (4%)           21M (1%)     
[22.566s][info][gc,heap     ] GC(8) O: Allocated:         -                 0M (0%)            0M (0%)           53M (1%)     
[22.566s][info][gc,heap     ] GC(8) O: Reclaimed:         -                  -                 0M (0%)          125M (3%)     
[22.566s][info][gc,heap     ] GC(8) O: Compacted:         -                  -                  -                88M (2%)     
[22.566s][info][gc,phases   ] GC(8) O: Old Generation 668M(16%)->708M(17%) 0.681s
[22.566s][info][gc          ] GC(8) Major Collection (Allocation Rate) 978M(24%)->708M(17%) 0.694s
[23.620s][info][gc          ] GC(9) Major Collection (System.gc())
[23.620s][info][gc,task     ] GC(9) Using 4 Workers for Young Generation
[23.620s][info][gc,task     ] GC(9) Using 4 Workers for Old Generation
[23.620s][info][gc,phases   ] GC(9) Y: Young Generation (Promote All)
[23.620s][info][gc,phases   ] GC(9) Y: Pause Mark Start 0.014ms
[23.620s][info][safepoint   ] Safepoint "ZMarkStartYoung", Time since last: 1116700900 ns, Reaching safepoint: 9800 ns, At safepoint: 37300 ns, Leaving safepoint: 6000 ns, Total: 53100 ns, Threads: 0 runnable, 70 total
[23.629s][info][gc,phases   ] GC(9) Y: Concurrent Mark 9.409ms
[23.629s][info][gc,phases   ] GC(9) Y: Pause Mark End 0.015ms
[23.629s][info][safepoint   ] Safepoint "ZMarkEndYoung", Time since last: 9467300 ns, Reaching safepoint: 4800 ns, At safepoint: 41000 ns, Leaving safepoint: 4600 ns, Total: 50400 ns, Threads: 0 runnable, 70 total
[23.629s][info][gc,phases   ] GC(9) Y: Concurrent Mark Free 0.002ms
[23.629s][info][gc,phases   ] GC(9) Y: Concurrent Reset Relocation Set 0.002ms
[23.629s][info][gc,reloc    ] GC(9) Y: Using tenuring threshold: 0 (Promote All)
[23.630s][info][gc,phases   ] GC(9) Y: Concurrent Select Relocation Set 0.329ms
[23.630s][info][gc,phases   ] GC(9) Y: Pause Relocate Start 0.009ms
[23.630s][info][safepoint   ] Safepoint "ZRelocateStartYoung", Time since last: 408600 ns, Reaching safepoint: 24900 ns, At safepoint: 31800 ns, Leaving safepoint: 4600 ns, Total: 61300 ns, Threads: 1 runnable, 70 total
[23.631s][info][gc,phases   ] GC(9) Y: Concurrent Relocate 0.827ms
[23.631s][info][gc,alloc    ] GC(9) Y:                         Mark Start        Mark End      Relocate Start    Relocate End   
[23.631s][info][gc,alloc    ] GC(9) Y: Allocation Stalls:          0                0                0                0         
[23.631s][info][gc,load     ] GC(9) Y: Load: 0.00 (0%) / 0.00 (0%) / 0.00 (0%)
[23.631s][info][gc,mmu      ] GC(9) Y: MMU: 2ms/98.6%, 5ms/99.4%, 10ms/99.6%, 20ms/99.8%, 50ms/99.9%, 100ms/100.0%
[23.631s][info][gc,marking  ] GC(9) Y: Mark: 4 stripe(s), 2 proactive flush(es), 1 terminate flush(es), 0 completion(s), 0 continuation(s) 
[23.631s][info][gc,nmethod  ] GC(9) Y: NMethods: 22489 registered, 8230 unregistered
[23.631s][info][gc,metaspace] GC(9) Y: Metaspace: 151M used, 153M committed, 1216M reserved
[23.631s][info][gc,reloc    ] GC(9) Y:                        Candidates     Selected     In-Place         Size        Empty    Relocated 
[23.631s][info][gc,reloc    ] GC(9) Y: Small Pages:                  155           69            0         310M         170M           0M 
[23.631s][info][gc,reloc    ] GC(9) Y: Medium Pages:                   0            0            0           0M           0M           0M 
[23.631s][info][gc,reloc    ] GC(9) Y: Large Pages:                    0            0            0           0M           0M           0M 
[23.631s][info][gc,reloc    ] GC(9) Y: Forwarding Usage: 0M
[23.631s][info][gc,reloc    ] GC(9) Y: Age Table:
[23.631s][info][gc,reloc    ] GC(9) Y:                    Live             Garbage             Small              Medium             Large        
[23.631s][info][gc,reloc    ] GC(9) Y: Eden               0M (0%)          295M (7%)         148 / 64             0 / 0              0 / 0        
[23.631s][info][gc,reloc    ] GC(9) Y: Survivor 1         0M (0%)            7M (0%)           4 / 3              0 / 0              0 / 0        
[23.631s][info][gc,reloc    ] GC(9) Y: Survivor 2         0M (0%)            5M (0%)           3 / 2              0 / 0              0 / 0        
[23.631s][info][gc,heap     ] GC(9) Y: Min Capacity: 8M(0%)
[23.631s][info][gc,heap     ] GC(9) Y: Max Capacity: 4096M(100%)
[23.631s][info][gc,heap     ] GC(9) Y: Soft Max Capacity: 4096M(100%)
[23.631s][info][gc,heap     ] GC(9) Y: Heap Statistics:
[23.631s][info][gc,heap     ] GC(9) Y:                Mark Start          Mark End        Relocate Start      Relocate End           High               Low         
[23.631s][info][gc,heap     ] GC(9) Y:  Capacity:     3864M (94%)        3864M (94%)        3864M (94%)        3864M (94%)        3864M (94%)        3864M (94%)    
[23.631s][info][gc,heap     ] GC(9) Y:      Free:     3222M (79%)        3212M (78%)        3382M (83%)        3514M (86%)        3514M (86%)        3212M (78%)    
[23.631s][info][gc,heap     ] GC(9) Y:      Used:      874M (21%)         884M (22%)         714M (17%)         582M (14%)         884M (22%)         582M (14%)    
[23.631s][info][gc,heap     ] GC(9) Y: Young Generation Statistics:
[23.631s][info][gc,heap     ] GC(9) Y:                Mark Start          Mark End        Relocate Start      Relocate End    
[23.631s][info][gc,heap     ] GC(9) Y:      Used:      310M (8%)          320M (8%)          150M (4%)           10M (0%)     
[23.631s][info][gc,heap     ] GC(9) Y:      Live:         -                 0M (0%)            0M (0%)            0M (0%)     
[23.631s][info][gc,heap     ] GC(9) Y:   Garbage:         -               309M (8%)          139M (3%)            0M (0%)     
[23.631s][info][gc,heap     ] GC(9) Y: Allocated:         -                10M (0%)           10M (0%)           10M (0%)     
[23.631s][info][gc,heap     ] GC(9) Y: Reclaimed:         -                  -               170M (4%)          309M (8%)     
[23.631s][info][gc,heap     ] GC(9) Y:  Promoted:         -                  -                 0M (0%)            0M (0%)     
[23.631s][info][gc,heap     ] GC(9) Y: Compacted:         -                  -                  -                 0M (0%)     
[23.631s][info][gc,phases   ] GC(9) Y: Young Generation (Promote All) 874M(21%)->582M(14%) 0.011s
[23.631s][info][gc,phases   ] GC(9) Y: Young Generation (Collect Roots)
[23.631s][info][gc,phases   ] GC(9) Y: Pause Mark Start (Major) 0.009ms
[23.631s][info][safepoint   ] Safepoint "ZMarkStartYoungAndOld", Time since last: 1222600 ns, Reaching safepoint: 12800 ns, At safepoint: 28400 ns, Leaving safepoint: 3700 ns, Total: 44900 ns, Threads: 1 runnable, 70 total
[23.638s][info][gc,phases   ] GC(9) Y: Concurrent Mark 7.026ms
[23.638s][info][gc,phases   ] GC(9) Y: Pause Mark End 0.010ms
[23.638s][info][safepoint   ] Safepoint "ZMarkEndYoung", Time since last: 7076400 ns, Reaching safepoint: 2600 ns, At safepoint: 29500 ns, Leaving safepoint: 2000 ns, Total: 34100 ns, Threads: 0 runnable, 70 total
[23.638s][info][gc,phases   ] GC(9) Y: Concurrent Mark Free 0.002ms
[23.638s][info][gc,phases   ] GC(9) Y: Concurrent Reset Relocation Set 0.002ms
[23.638s][info][gc,reloc    ] GC(9) Y: Using tenuring threshold: 1 (Computed)
[23.638s][info][gc,phases   ] GC(9) Y: Concurrent Select Relocation Set 0.140ms
[23.638s][info][gc,phases   ] GC(9) Y: Pause Relocate Start 0.006ms
[23.638s][info][safepoint   ] Safepoint "ZRelocateStartYoung", Time since last: 226600 ns, Reaching safepoint: 13000 ns, At safepoint: 23200 ns, Leaving safepoint: 7200 ns, Total: 43400 ns, Threads: 2 runnable, 70 total
[23.638s][info][gc,phases   ] GC(9) Y: Concurrent Relocate 0.114ms
[23.638s][info][gc,alloc    ] GC(9) Y:                         Mark Start        Mark End      Relocate Start    Relocate End   
[23.639s][info][gc,alloc    ] GC(9) Y: Allocation Stalls:          0                0                0                0         
[23.639s][info][gc,load     ] GC(9) Y: Load: 0.00 (0%) / 0.00 (0%) / 0.00 (0%)
[23.639s][info][gc,mmu      ] GC(9) Y: MMU: 2ms/98.3%, 5ms/99.3%, 10ms/99.5%, 20ms/99.7%, 50ms/99.9%, 100ms/99.9%
[23.639s][info][gc,marking  ] GC(9) Y: Mark: 4 stripe(s), 2 proactive flush(es), 1 terminate flush(es), 0 completion(s), 0 continuation(s) 
[23.639s][info][gc,nmethod  ] GC(9) Y: NMethods: 22492 registered, 8230 unregistered
[23.639s][info][gc,metaspace] GC(9) Y: Metaspace: 151M used, 153M committed, 1216M reserved
[23.639s][info][gc,reloc    ] GC(9) Y:                        Candidates     Selected     In-Place         Size        Empty    Relocated 
[23.639s][info][gc,reloc    ] GC(9) Y: Small Pages:                    5            2            0          10M           4M           0M 
[23.639s][info][gc,reloc    ] GC(9) Y: Medium Pages:                   0            0            0           0M           0M           0M 
[23.639s][info][gc,reloc    ] GC(9) Y: Large Pages:                    0            0            0           0M           0M           0M 
[23.639s][info][gc,reloc    ] GC(9) Y: Forwarding Usage: 0M
[23.639s][info][gc,reloc    ] GC(9) Y: Age Table:
[23.639s][info][gc,reloc    ] GC(9) Y:                    Live             Garbage             Small              Medium             Large        
[23.639s][info][gc,reloc    ] GC(9) Y: Eden               0M (0%)            9M (0%)           5 / 2              0 / 0              0 / 0        
[23.639s][info][gc,heap     ] GC(9) Y: Min Capacity: 8M(0%)
[23.639s][info][gc,heap     ] GC(9) Y: Max Capacity: 4096M(100%)
[23.639s][info][gc,heap     ] GC(9) Y: Soft Max Capacity: 4096M(100%)
[23.639s][info][gc,heap     ] GC(9) Y: Heap Statistics:
[23.639s][info][gc,heap     ] GC(9) Y:                Mark Start          Mark End        Relocate Start      Relocate End           High               Low         
[23.639s][info][gc,heap     ] GC(9) Y:  Capacity:     3864M (94%)        3864M (94%)        3864M (94%)        3864M (94%)        3864M (94%)        3864M (94%)    
[23.639s][info][gc,heap     ] GC(9) Y:      Free:     3514M (86%)        3508M (86%)        3512M (86%)        3510M (86%)        3514M (86%)        3504M (86%)    
[23.639s][info][gc,heap     ] GC(9) Y:      Used:      582M (14%)         588M (14%)         584M (14%)         586M (14%)         592M (14%)         582M (14%)    
[23.639s][info][gc,heap     ] GC(9) Y: Young Generation Statistics:
[23.639s][info][gc,heap     ] GC(9) Y:                Mark Start          Mark End        Relocate Start      Relocate End    
[23.639s][info][gc,heap     ] GC(9) Y:      Used:       10M (0%)           16M (0%)           12M (0%)           14M (0%)     
[23.639s][info][gc,heap     ] GC(9) Y:      Live:         -                 0M (0%)            0M (0%)            0M (0%)     
[23.639s][info][gc,heap     ] GC(9) Y:   Garbage:         -                 9M (0%)            5M (0%)            0M (0%)     
[23.639s][info][gc,heap     ] GC(9) Y: Allocated:         -                 6M (0%)            6M (0%)           13M (0%)     
[23.639s][info][gc,heap     ] GC(9) Y: Reclaimed:         -                  -                 4M (0%)            9M (0%)     
[23.639s][info][gc,heap     ] GC(9) Y:  Promoted:         -                  -                 0M (0%)            0M (0%)     
[23.639s][info][gc,heap     ] GC(9) Y: Compacted:         -                  -                  -                 0M (0%)     
[23.639s][info][gc,phases   ] GC(9) Y: Young Generation (Collect Roots) 582M(14%)->586M(14%) 0.008s
[23.639s][info][gc,phases   ] GC(9) O: Old Generation
[23.823s][info][gc,phases   ] GC(9) O: Concurrent Mark 184.725ms
[23.824s][info][gc,phases   ] GC(9) O: Pause Mark End 0.014ms
[23.824s][info][safepoint   ] Safepoint "ZMarkEndOld", Time since last: 185209500 ns, Reaching safepoint: 3100 ns, At safepoint: 37700 ns, Leaving safepoint: 3800 ns, Total: 44600 ns, Threads: 0 runnable, 70 total
[23.824s][info][gc,phases   ] GC(9) O: Concurrent Mark Free 0.002ms
[23.833s][info][gc,phases   ] GC(9) O: Concurrent Process Non-Strong 9.479ms
[23.833s][info][gc,phases   ] GC(9) O: Concurrent Reset Relocation Set 0.002ms
[23.834s][info][gc,phases   ] GC(9) O: Concurrent Select Relocation Set 0.828ms
[23.834s][info][gc,task     ] GC(9) O: Using 4 Workers for Old Generation
[23.839s][info][gc,task     ] GC(9) O: Using 4 Workers for Old Generation
[23.839s][info][gc,phases   ] GC(9) O: Concurrent Remap Roots 5.477ms
[23.840s][info][gc,phases   ] GC(9) O: Pause Relocate Start 0.012ms
[23.840s][info][safepoint   ] Safepoint "ZRelocateStartOld", Time since last: 15951200 ns, Reaching safepoint: 6800 ns, At safepoint: 33700 ns, Leaving safepoint: 7100 ns, Total: 47600 ns, Threads: 1 runnable, 70 total
[23.845s][info][gc,phases   ] GC(9) O: Concurrent Relocate 5.443ms
[23.845s][info][gc,alloc    ] GC(9) O:                         Mark Start        Mark End      Relocate Start    Relocate End   
[23.845s][info][gc,alloc    ] GC(9) O: Allocation Stalls:          0                0                0                0         
[23.845s][info][gc,load     ] GC(9) O: Load: 0.00 (0%) / 0.00 (0%) / 0.00 (0%)
[23.845s][info][gc,mmu      ] GC(9) O: MMU: 2ms/98.3%, 5ms/99.3%, 10ms/99.5%, 20ms/99.7%, 50ms/99.9%, 100ms/99.9%
[23.845s][info][gc,marking  ] GC(9) O: Mark: 4 stripe(s), 7 proactive flush(es), 1 terminate flush(es), 0 completion(s), 0 continuation(s) 
[23.845s][info][gc,nmethod  ] GC(9) O: NMethods: 22204 registered, 8565 unregistered
[23.845s][info][gc,metaspace] GC(9) O: Metaspace: 151M used, 153M committed, 1216M reserved
[23.845s][info][gc,ref      ] GC(9) O:                       Encountered   Discovered     Enqueued 
[23.845s][info][gc,ref      ] GC(9) O: Soft References:             5367            0            0 
[23.845s][info][gc,ref      ] GC(9) O: Weak References:            36580        20623           17 
[23.845s][info][gc,ref      ] GC(9) O: Final References:              55            2            0 
[23.845s][info][gc,ref      ] GC(9) O: Phantom References:          1284          174           39 
[23.845s][info][gc,reloc    ] GC(9) O:                        Candidates     Selected     In-Place         Size        Empty    Relocated 
[23.845s][info][gc,reloc    ] GC(9) O: Small Pages:                  248           12            0         496M           0M           3M 
[23.845s][info][gc,reloc    ] GC(9) O: Medium Pages:                   2            1            0          64M           0M          27M 
[23.845s][info][gc,reloc    ] GC(9) O: Large Pages:                    1            0            0          12M           0M           0M 
[23.845s][info][gc,reloc    ] GC(9) O: Forwarding Usage: 3M
[23.846s][info][gc,heap     ] GC(9) O: Min Capacity: 8M(0%)
[23.846s][info][gc,heap     ] GC(9) O: Max Capacity: 4096M(100%)
[23.846s][info][gc,heap     ] GC(9) O: Soft Max Capacity: 4096M(100%)
[23.846s][info][gc,heap     ] GC(9) O: Heap Statistics:
[23.846s][info][gc,heap     ] GC(9) O:                Mark Start          Mark End        Relocate Start      Relocate End           High               Low         
[23.846s][info][gc,heap     ] GC(9) O:  Capacity:     3864M (94%)        3864M (94%)        3864M (94%)        3864M (94%)        3864M (94%)        3864M (94%)    
[23.846s][info][gc,heap     ] GC(9) O:      Free:     3514M (86%)        3474M (85%)        3472M (85%)        3514M (86%)        3514M (86%)        3426M (84%)    
[23.846s][info][gc,heap     ] GC(9) O:      Used:      582M (14%)         622M (15%)         624M (15%)         582M (14%)         670M (16%)         582M (14%)    
[23.846s][info][gc,heap     ] GC(9) O: Old Generation Statistics:
[23.846s][info][gc,heap     ] GC(9) O:                Mark Start          Mark End        Relocate Start      Relocate End    
[23.846s][info][gc,heap     ] GC(9) O:      Used:      572M (14%)         572M (14%)         572M (14%)         530M (13%)    
[23.846s][info][gc,heap     ] GC(9) O:      Live:         -               488M (12%)         488M (12%)         488M (12%)    
[23.846s][info][gc,heap     ] GC(9) O:   Garbage:         -                83M (2%)           83M (2%)           21M (1%)     
[23.846s][info][gc,heap     ] GC(9) O: Allocated:         -                 0M (0%)            0M (0%)           20M (0%)     
[23.846s][info][gc,heap     ] GC(9) O: Reclaimed:         -                  -                 0M (0%)           62M (2%)     
[23.846s][info][gc,heap     ] GC(9) O: Compacted:         -                  -                  -                39M (1%)     
[23.846s][info][gc,phases   ] GC(9) O: Old Generation 586M(14%)->582M(14%) 0.206s
[23.846s][info][gc          ] GC(9) Major Collection (System.gc()) 874M(21%)->582M(14%) 0.226s
[28.847s][info][gc          ] GC(10) Major Collection (System.gc())
[28.847s][info][gc,task     ] GC(10) Using 4 Workers for Young Generation
[28.847s][info][gc,task     ] GC(10) Using 4 Workers for Old Generation
[28.847s][info][gc,phases   ] GC(10) Y: Young Generation (Promote All)
[28.847s][info][gc,phases   ] GC(10) Y: Pause Mark Start 0.011ms
[28.847s][info][safepoint   ] Safepoint "ZMarkStartYoung", Time since last: 5007597600 ns, Reaching safepoint: 5000 ns, At safepoint: 34200 ns, Leaving safepoint: 2500 ns, Total: 41700 ns, Threads: 0 runnable, 66 total
[28.855s][info][gc,phases   ] GC(10) Y: Concurrent Mark 7.883ms
[28.855s][info][gc,phases   ] GC(10) Y: Pause Mark End 0.008ms
[28.855s][info][safepoint   ] Safepoint "ZMarkEndYoung", Time since last: 7926000 ns, Reaching safepoint: 2400 ns, At safepoint: 28300 ns, Leaving safepoint: 2000 ns, Total: 32700 ns, Threads: 0 runnable, 66 total
[28.855s][info][gc,phases   ] GC(10) Y: Concurrent Mark Free 0.001ms
[28.855s][info][gc,phases   ] GC(10) Y: Concurrent Reset Relocation Set 0.001ms
[28.855s][info][gc,reloc    ] GC(10) Y: Using tenuring threshold: 0 (Promote All)
[28.856s][info][gc,phases   ] GC(10) Y: Concurrent Select Relocation Set 0.548ms
[28.856s][info][gc,phases   ] GC(10) Y: Pause Relocate Start 0.005ms
[28.856s][info][safepoint   ] Safepoint "ZRelocateStartYoung", Time since last: 667600 ns, Reaching safepoint: 2200 ns, At safepoint: 23100 ns, Leaving safepoint: 3400 ns, Total: 28700 ns, Threads: 1 runnable, 66 total
[28.857s][info][gc,phases   ] GC(10) Y: Concurrent Relocate 1.364ms
[28.857s][info][gc,alloc    ] GC(10) Y:                         Mark Start        Mark End      Relocate Start    Relocate End   
[28.857s][info][gc,alloc    ] GC(10) Y: Allocation Stalls:          0                0                0                0         
[28.857s][info][gc,load     ] GC(10) Y: Load: 0.00 (0%) / 0.00 (0%) / 0.00 (0%)
[28.857s][info][gc,mmu      ] GC(10) Y: MMU: 2ms/98.3%, 5ms/99.3%, 10ms/99.5%, 20ms/99.7%, 50ms/99.9%, 100ms/99.9%
[28.857s][info][gc,marking  ] GC(10) Y: Mark: 4 stripe(s), 2 proactive flush(es), 1 terminate flush(es), 0 completion(s), 0 continuation(s) 
[28.857s][info][gc,nmethod  ] GC(10) Y: NMethods: 22831 registered, 8565 unregistered
[28.857s][info][gc,metaspace] GC(10) Y: Metaspace: 151M used, 153M committed, 1216M reserved
[28.857s][info][gc,reloc    ] GC(10) Y:                        Candidates     Selected     In-Place         Size        Empty    Relocated 
[28.857s][info][gc,reloc    ] GC(10) Y: Small Pages:                  478          103            0         956M         748M           0M 
[28.857s][info][gc,reloc    ] GC(10) Y: Medium Pages:                   0            0            0           0M           0M           0M 
[28.857s][info][gc,reloc    ] GC(10) Y: Large Pages:                    0            0            0           0M           0M           0M 
[28.857s][info][gc,reloc    ] GC(10) Y: Forwarding Usage: 0M
[28.857s][info][gc,reloc    ] GC(10) Y: Age Table:
[28.857s][info][gc,reloc    ] GC(10) Y:                    Live             Garbage             Small              Medium             Large        
[28.857s][info][gc,reloc    ] GC(10) Y: Eden               0M (0%)          949M (23%)        475 / 103            0 / 0              0 / 0        
[28.857s][info][gc,reloc    ] GC(10) Y: Survivor 1          -                 6M (0%)           3 / 0              0 / 0              0 / 0        
[28.857s][info][gc,heap     ] GC(10) Y: Min Capacity: 8M(0%)
[28.857s][info][gc,heap     ] GC(10) Y: Max Capacity: 4096M(100%)
[28.857s][info][gc,heap     ] GC(10) Y: Soft Max Capacity: 4096M(100%)
[28.857s][info][gc,heap     ] GC(10) Y: Heap Statistics:
[28.857s][info][gc,heap     ] GC(10) Y:                Mark Start          Mark End        Relocate Start      Relocate End           High               Low         
[28.857s][info][gc,heap     ] GC(10) Y:  Capacity:     3864M (94%)        3864M (94%)        3864M (94%)        3864M (94%)        3864M (94%)        3864M (94%)    
[28.857s][info][gc,heap     ] GC(10) Y:      Free:     2610M (64%)        2602M (64%)        3350M (82%)        3550M (87%)        3550M (87%)        2602M (64%)    
[28.858s][info][gc,heap     ] GC(10) Y:      Used:     1486M (36%)        1494M (36%)         746M (18%)         546M (13%)        1494M (36%)         546M (13%)    
[28.858s][info][gc,heap     ] GC(10) Y: Young Generation Statistics:
[28.858s][info][gc,heap     ] GC(10) Y:                Mark Start          Mark End        Relocate Start      Relocate End    
[28.858s][info][gc,heap     ] GC(10) Y:      Used:      956M (23%)         964M (24%)         216M (5%)            8M (0%)     
[28.858s][info][gc,heap     ] GC(10) Y:      Live:         -                 0M (0%)            0M (0%)            0M (0%)     
[28.858s][info][gc,heap     ] GC(10) Y:   Garbage:         -               955M (23%)         207M (5%)            0M (0%)     
[28.858s][info][gc,heap     ] GC(10) Y: Allocated:         -                 8M (0%)            8M (0%)            8M (0%)     
[28.858s][info][gc,heap     ] GC(10) Y: Reclaimed:         -                  -               748M (18%)         955M (23%)    
[28.858s][info][gc,heap     ] GC(10) Y:  Promoted:         -                  -                 0M (0%)            0M (0%)     
[28.858s][info][gc,heap     ] GC(10) Y: Compacted:         -                  -                  -                 0M (0%)     
[28.858s][info][gc,phases   ] GC(10) Y: Young Generation (Promote All) 1486M(36%)->546M(13%) 0.010s
[28.858s][info][gc,phases   ] GC(10) Y: Young Generation (Collect Roots)
[28.858s][info][gc,phases   ] GC(10) Y: Pause Mark Start (Major) 0.008ms
[28.858s][info][safepoint   ] Safepoint "ZMarkStartYoungAndOld", Time since last: 1778300 ns, Reaching safepoint: 2100 ns, At safepoint: 28500 ns, Leaving safepoint: 3600 ns, Total: 34200 ns, Threads: 1 runnable, 66 total
[28.864s][info][gc,phases   ] GC(10) Y: Concurrent Mark 5.926ms
[28.864s][info][gc,phases   ] GC(10) Y: Pause Mark End 0.007ms
[28.864s][info][safepoint   ] Safepoint "ZMarkEndYoung", Time since last: 5969600 ns, Reaching safepoint: 2100 ns, At safepoint: 26000 ns, Leaving safepoint: 3600 ns, Total: 31700 ns, Threads: 0 runnable, 66 total
[28.864s][info][gc,phases   ] GC(10) Y: Concurrent Mark Free 0.002ms
[28.864s][info][gc,phases   ] GC(10) Y: Concurrent Reset Relocation Set 0.001ms
[28.864s][info][gc,reloc    ] GC(10) Y: Using tenuring threshold: 1 (Computed)
[28.864s][info][gc,phases   ] GC(10) Y: Concurrent Select Relocation Set 0.117ms
[28.864s][info][gc,phases   ] GC(10) Y: Pause Relocate Start 0.005ms
[28.864s][info][safepoint   ] Safepoint "ZRelocateStartYoung", Time since last: 191200 ns, Reaching safepoint: 2000 ns, At safepoint: 14600 ns, Leaving safepoint: 1800 ns, Total: 18400 ns, Threads: 0 runnable, 66 total
[28.864s][info][gc,phases   ] GC(10) Y: Concurrent Relocate 0.102ms
[28.864s][info][gc,alloc    ] GC(10) Y:                         Mark Start        Mark End      Relocate Start    Relocate End   
[28.864s][info][gc,alloc    ] GC(10) Y: Allocation Stalls:          0                0                0                0         
[28.864s][info][gc,load     ] GC(10) Y: Load: 0.00 (0%) / 0.00 (0%) / 0.00 (0%)
[28.864s][info][gc,mmu      ] GC(10) Y: MMU: 2ms/98.3%, 5ms/99.3%, 10ms/99.5%, 20ms/99.7%, 50ms/99.9%, 100ms/99.9%
[28.864s][info][gc,marking  ] GC(10) Y: Mark: 4 stripe(s), 2 proactive flush(es), 1 terminate flush(es), 0 completion(s), 0 continuation(s) 
[28.864s][info][gc,nmethod  ] GC(10) Y: NMethods: 22832 registered, 8565 unregistered
[28.864s][info][gc,metaspace] GC(10) Y: Metaspace: 151M used, 153M committed, 1216M reserved
[28.864s][info][gc,reloc    ] GC(10) Y:                        Candidates     Selected     In-Place         Size        Empty    Relocated 
[28.864s][info][gc,reloc    ] GC(10) Y: Small Pages:                    4            1            0           8M           4M           0M 
[28.864s][info][gc,reloc    ] GC(10) Y: Medium Pages:                   0            0            0           0M           0M           0M 
[28.864s][info][gc,reloc    ] GC(10) Y: Large Pages:                    0            0            0           0M           0M           0M 
[28.864s][info][gc,reloc    ] GC(10) Y: Forwarding Usage: 0M
[28.864s][info][gc,reloc    ] GC(10) Y: Age Table:
[28.864s][info][gc,reloc    ] GC(10) Y:                    Live             Garbage             Small              Medium             Large        
[28.864s][info][gc,reloc    ] GC(10) Y: Eden               0M (0%)            7M (0%)           4 / 1              0 / 0              0 / 0        
[28.864s][info][gc,heap     ] GC(10) Y: Min Capacity: 8M(0%)
[28.864s][info][gc,heap     ] GC(10) Y: Max Capacity: 4096M(100%)
[28.864s][info][gc,heap     ] GC(10) Y: Soft Max Capacity: 4096M(100%)
[28.864s][info][gc,heap     ] GC(10) Y: Heap Statistics:
[28.864s][info][gc,heap     ] GC(10) Y:                Mark Start          Mark End        Relocate Start      Relocate End           High               Low         
[28.864s][info][gc,heap     ] GC(10) Y:  Capacity:     3864M (94%)        3864M (94%)        3864M (94%)        3864M (94%)        3864M (94%)        3864M (94%)    
[28.864s][info][gc,heap     ] GC(10) Y:      Free:     3550M (87%)        3544M (87%)        3548M (87%)        3548M (87%)        3550M (87%)        3544M (87%)    
[28.864s][info][gc,heap     ] GC(10) Y:      Used:      546M (13%)         552M (13%)         548M (13%)         548M (13%)         552M (13%)         546M (13%)    
[28.864s][info][gc,heap     ] GC(10) Y: Young Generation Statistics:
[28.864s][info][gc,heap     ] GC(10) Y:                Mark Start          Mark End        Relocate Start      Relocate End    
[28.864s][info][gc,heap     ] GC(10) Y:      Used:        8M (0%)           14M (0%)           10M (0%)           10M (0%)     
[28.864s][info][gc,heap     ] GC(10) Y:      Live:         -                 0M (0%)            0M (0%)            0M (0%)     
[28.864s][info][gc,heap     ] GC(10) Y:   Garbage:         -                 7M (0%)            3M (0%)            0M (0%)     
[28.864s][info][gc,heap     ] GC(10) Y: Allocated:         -                 6M (0%)            6M (0%)            9M (0%)     
[28.864s][info][gc,heap     ] GC(10) Y: Reclaimed:         -                  -                 4M (0%)            7M (0%)     
[28.864s][info][gc,heap     ] GC(10) Y:  Promoted:         -                  -                 0M (0%)            0M (0%)     
[28.864s][info][gc,heap     ] GC(10) Y: Compacted:         -                  -                  -                 0M (0%)     
[28.864s][info][gc,phases   ] GC(10) Y: Young Generation (Collect Roots) 546M(13%)->548M(13%) 0.006s
[28.864s][info][gc,phases   ] GC(10) O: Old Generation
[29.045s][info][gc,phases   ] GC(10) O: Concurrent Mark 180.779ms
[29.045s][info][gc,phases   ] GC(10) O: Pause Mark End 0.016ms
[29.045s][info][safepoint   ] Safepoint "ZMarkEndOld", Time since last: 181325000 ns, Reaching safepoint: 24600 ns, At safepoint: 42700 ns, Leaving safepoint: 3800 ns, Total: 71100 ns, Threads: 1 runnable, 66 total
[29.045s][info][gc,phases   ] GC(10) O: Concurrent Mark Free 0.002ms
[29.055s][info][gc,phases   ] GC(10) O: Concurrent Process Non-Strong 9.210ms
[29.055s][info][gc,phases   ] GC(10) O: Concurrent Reset Relocation Set 0.001ms
[29.055s][info][gc,phases   ] GC(10) O: Concurrent Select Relocation Set 0.850ms
[29.055s][info][gc,task     ] GC(10) O: Using 4 Workers for Old Generation
[29.060s][info][gc,task     ] GC(10) O: Using 4 Workers for Old Generation
[29.060s][info][gc,phases   ] GC(10) O: Concurrent Remap Roots 4.867ms
[29.060s][info][gc,phases   ] GC(10) O: Pause Relocate Start 0.009ms
[29.060s][info][safepoint   ] Safepoint "ZRelocateStartOld", Time since last: 15035300 ns, Reaching safepoint: 3800 ns, At safepoint: 30900 ns, Leaving safepoint: 2100 ns, Total: 36800 ns, Threads: 0 runnable, 66 total
[29.065s][info][gc,phases   ] GC(10) O: Concurrent Relocate 5.087ms
[29.065s][info][gc,alloc    ] GC(10) O:                         Mark Start        Mark End      Relocate Start    Relocate End   
[29.065s][info][gc,alloc    ] GC(10) O: Allocation Stalls:          0                0                0                0         
[29.065s][info][gc,load     ] GC(10) O: Load: 0.00 (0%) / 0.00 (0%) / 0.00 (0%)
[29.066s][info][gc,mmu      ] GC(10) O: MMU: 2ms/98.3%, 5ms/99.3%, 10ms/99.5%, 20ms/99.7%, 50ms/99.9%, 100ms/99.9%
[29.066s][info][gc,marking  ] GC(10) O: Mark: 4 stripe(s), 2 proactive flush(es), 1 terminate flush(es), 0 completion(s), 0 continuation(s) 
[29.066s][info][gc,nmethod  ] GC(10) O: NMethods: 22528 registered, 8877 unregistered
[29.066s][info][gc,metaspace] GC(10) O: Metaspace: 151M used, 153M committed, 1216M reserved
[29.066s][info][gc,ref      ] GC(10) O:                       Encountered   Discovered     Enqueued 
[29.066s][info][gc,ref      ] GC(10) O: Soft References:             5375            0            0 
[29.066s][info][gc,ref      ] GC(10) O: Weak References:            36612        11448           10 
[29.066s][info][gc,ref      ] GC(10) O: Final References:              55            0            0 
[29.066s][info][gc,ref      ] GC(10) O: Phantom References:          1249          373            5 
[29.066s][info][gc,reloc    ] GC(10) O:                        Candidates     Selected     In-Place         Size        Empty    Relocated 
[29.066s][info][gc,reloc    ] GC(10) O: Small Pages:                  247           12            0         494M           0M           2M 
[29.066s][info][gc,reloc    ] GC(10) O: Medium Pages:                   1            0            0          32M           0M           0M 
[29.066s][info][gc,reloc    ] GC(10) O: Large Pages:                    1            0            0          12M           0M           0M 
[29.066s][info][gc,reloc    ] GC(10) O: Forwarding Usage: 6M
[29.066s][info][gc,heap     ] GC(10) O: Min Capacity: 8M(0%)
[29.066s][info][gc,heap     ] GC(10) O: Max Capacity: 4096M(100%)
[29.066s][info][gc,heap     ] GC(10) O: Soft Max Capacity: 4096M(100%)
[29.066s][info][gc,heap     ] GC(10) O: Heap Statistics:
[29.066s][info][gc,heap     ] GC(10) O:                Mark Start          Mark End        Relocate Start      Relocate End           High               Low         
[29.066s][info][gc,heap     ] GC(10) O:  Capacity:     3864M (94%)        3864M (94%)        3864M (94%)        3864M (94%)        3864M (94%)        3864M (94%)    
[29.066s][info][gc,heap     ] GC(10) O:      Free:     3550M (87%)        3508M (86%)        3504M (86%)        3524M (86%)        3550M (87%)        3494M (85%)    
[29.066s][info][gc,heap     ] GC(10) O:      Used:      546M (13%)         588M (14%)         592M (14%)         572M (14%)         602M (15%)         546M (13%)    
[29.066s][info][gc,heap     ] GC(10) O: Old Generation Statistics:
[29.066s][info][gc,heap     ] GC(10) O:                Mark Start          Mark End        Relocate Start      Relocate End    
[29.066s][info][gc,heap     ] GC(10) O:      Used:      538M (13%)         538M (13%)         538M (13%)         518M (13%)    
[29.066s][info][gc,heap     ] GC(10) O:      Live:         -               487M (12%)         487M (12%)         487M (12%)    
[29.066s][info][gc,heap     ] GC(10) O:   Garbage:         -                50M (1%)           50M (1%)           23M (1%)     
[29.066s][info][gc,heap     ] GC(10) O: Allocated:         -                 0M (0%)            0M (0%)            6M (0%)     
[29.066s][info][gc,heap     ] GC(10) O: Reclaimed:         -                  -                 0M (0%)           26M (1%)     
[29.066s][info][gc,heap     ] GC(10) O: Compacted:         -                  -                  -                19M (0%)     
[29.066s][info][gc,phases   ] GC(10) O: Old Generation 548M(13%)->572M(14%) 0.201s
[29.066s][info][gc          ] GC(10) Major Collection (System.gc()) 1486M(36%)->572M(14%) 0.219s
[34.067s][info][gc          ] GC(11) Major Collection (System.gc())
[34.067s][info][gc,task     ] GC(11) Using 4 Workers for Young Generation
[34.067s][info][gc,task     ] GC(11) Using 4 Workers for Old Generation
[34.067s][info][gc,phases   ] GC(11) Y: Young Generation (Promote All)
[34.067s][info][gc,phases   ] GC(11) Y: Pause Mark Start 0.013ms
[34.067s][info][safepoint   ] Safepoint "ZMarkStartYoung", Time since last: 5006498000 ns, Reaching safepoint: 16200 ns, At safepoint: 35400 ns, Leaving safepoint: 5400 ns, Total: 57000 ns, Threads: 1 runnable, 62 total
[34.075s][info][gc,phases   ] GC(11) Y: Concurrent Mark 7.836ms
[34.075s][info][gc,phases   ] GC(11) Y: Pause Mark End 0.009ms
[34.075s][info][safepoint   ] Safepoint "ZMarkEndYoung", Time since last: 7893600 ns, Reaching safepoint: 13200 ns, At safepoint: 28100 ns, Leaving safepoint: 3600 ns, Total: 44900 ns, Threads: 1 runnable, 62 total
[34.075s][info][gc,phases   ] GC(11) Y: Concurrent Mark Free 0.003ms
[34.075s][info][gc,phases   ] GC(11) Y: Concurrent Reset Relocation Set 0.000ms
[34.075s][info][gc,reloc    ] GC(11) Y: Using tenuring threshold: 0 (Promote All)
[34.075s][info][gc,phases   ] GC(11) Y: Concurrent Select Relocation Set 0.285ms
[34.075s][info][gc,phases   ] GC(11) Y: Pause Relocate Start 0.006ms
[34.075s][info][safepoint   ] Safepoint "ZRelocateStartYoung", Time since last: 367400 ns, Reaching safepoint: 2000 ns, At safepoint: 38000 ns, Leaving safepoint: 3600 ns, Total: 43600 ns, Threads: 1 runnable, 62 total
[34.076s][info][gc,phases   ] GC(11) Y: Concurrent Relocate 0.247ms
[34.076s][info][gc,alloc    ] GC(11) Y:                         Mark Start        Mark End      Relocate Start    Relocate End   
[34.076s][info][gc,alloc    ] GC(11) Y: Allocation Stalls:          0                0                0                0         
[34.076s][info][gc,load     ] GC(11) Y: Load: 0.00 (0%) / 0.00 (0%) / 0.00 (0%)
[34.076s][info][gc,mmu      ] GC(11) Y: MMU: 2ms/98.3%, 5ms/99.3%, 10ms/99.5%, 20ms/99.7%, 50ms/99.9%, 100ms/99.9%
[34.076s][info][gc,marking  ] GC(11) Y: Mark: 4 stripe(s), 2 proactive flush(es), 1 terminate flush(es), 0 completion(s), 0 continuation(s) 
[34.076s][info][gc,nmethod  ] GC(11) Y: NMethods: 22866 registered, 8877 unregistered
[34.076s][info][gc,metaspace] GC(11) Y: Metaspace: 152M used, 153M committed, 1216M reserved
[34.076s][info][gc,reloc    ] GC(11) Y:                        Candidates     Selected     In-Place         Size        Empty    Relocated 
[34.076s][info][gc,reloc    ] GC(11) Y: Small Pages:                  464           76            0         928M         774M           0M 
[34.076s][info][gc,reloc    ] GC(11) Y: Medium Pages:                   0            0            0           0M           0M           0M 
[34.076s][info][gc,reloc    ] GC(11) Y: Large Pages:                    0            0            0           0M           0M           0M 
[34.076s][info][gc,reloc    ] GC(11) Y: Forwarding Usage: 0M
[34.076s][info][gc,reloc    ] GC(11) Y: Age Table:
[34.076s][info][gc,reloc    ] GC(11) Y:                    Live             Garbage             Small              Medium             Large        
[34.076s][info][gc,reloc    ] GC(11) Y: Eden               0M (0%)          923M (23%)        462 / 75             0 / 0              0 / 0        
[34.076s][info][gc,reloc    ] GC(11) Y: Survivor 1         0M (0%)            3M (0%)           2 / 1              0 / 0              0 / 0        
[34.076s][info][gc,heap     ] GC(11) Y: Min Capacity: 8M(0%)
[34.076s][info][gc,heap     ] GC(11) Y: Max Capacity: 4096M(100%)
[34.076s][info][gc,heap     ] GC(11) Y: Soft Max Capacity: 4096M(100%)
[34.076s][info][gc,heap     ] GC(11) Y: Heap Statistics:
[34.076s][info][gc,heap     ] GC(11) Y:                Mark Start          Mark End        Relocate Start      Relocate End           High               Low         
[34.076s][info][gc,heap     ] GC(11) Y:  Capacity:     3864M (94%)        3864M (94%)        3864M (94%)        3864M (94%)        3864M (94%)        3864M (94%)    
[34.076s][info][gc,heap     ] GC(11) Y:      Free:     2650M (65%)        2640M (64%)        3414M (83%)        3558M (87%)        3558M (87%)        2640M (64%)    
[34.076s][info][gc,heap     ] GC(11) Y:      Used:     1446M (35%)        1456M (36%)         682M (17%)         538M (13%)        1456M (36%)         538M (13%)    
[34.076s][info][gc,heap     ] GC(11) Y: Young Generation Statistics:
[34.076s][info][gc,heap     ] GC(11) Y:                Mark Start          Mark End        Relocate Start      Relocate End    
[34.076s][info][gc,heap     ] GC(11) Y:      Used:      928M (23%)         938M (23%)         164M (4%)           10M (0%)     
[34.076s][info][gc,heap     ] GC(11) Y:      Live:         -                 0M (0%)            0M (0%)            0M (0%)     
[34.076s][info][gc,heap     ] GC(11) Y:   Garbage:         -               927M (23%)         153M (4%)            0M (0%)     
[34.076s][info][gc,heap     ] GC(11) Y: Allocated:         -                10M (0%)           10M (0%)           10M (0%)     
[34.076s][info][gc,heap     ] GC(11) Y: Reclaimed:         -                  -               774M (19%)         927M (23%)    
[34.076s][info][gc,heap     ] GC(11) Y:  Promoted:         -                  -                 0M (0%)            0M (0%)     
[34.076s][info][gc,heap     ] GC(11) Y: Compacted:         -                  -                  -                 0M (0%)     
[34.076s][info][gc,phases   ] GC(11) Y: Young Generation (Promote All) 1446M(35%)->538M(13%) 0.009s
[34.076s][info][gc,phases   ] GC(11) Y: Young Generation (Collect Roots)
[34.076s][info][gc,phases   ] GC(11) Y: Pause Mark Start (Major) 0.008ms
[34.076s][info][safepoint   ] Safepoint "ZMarkStartYoungAndOld", Time since last: 539200 ns, Reaching safepoint: 1900 ns, At safepoint: 25300 ns, Leaving safepoint: 3500 ns, Total: 30700 ns, Threads: 0 runnable, 62 total
[34.081s][info][gc,phases   ] GC(11) Y: Concurrent Mark 5.420ms
[34.081s][info][gc,phases   ] GC(11) Y: Pause Mark End 0.008ms
[34.081s][info][safepoint   ] Safepoint "ZMarkEndYoung", Time since last: 5461400 ns, Reaching safepoint: 2600 ns, At safepoint: 31800 ns, Leaving safepoint: 2400 ns, Total: 36800 ns, Threads: 0 runnable, 62 total
[34.081s][info][gc,phases   ] GC(11) Y: Concurrent Mark Free 0.001ms
[34.081s][info][gc,phases   ] GC(11) Y: Concurrent Reset Relocation Set 0.001ms
[34.081s][info][gc,reloc    ] GC(11) Y: Using tenuring threshold: 1 (Computed)
[34.081s][info][gc,phases   ] GC(11) Y: Concurrent Select Relocation Set 0.109ms
[34.082s][info][gc,phases   ] GC(11) Y: Pause Relocate Start 0.005ms
[34.082s][info][safepoint   ] Safepoint "ZRelocateStartYoung", Time since last: 180900 ns, Reaching safepoint: 2100 ns, At safepoint: 22800 ns, Leaving safepoint: 3500 ns, Total: 28400 ns, Threads: 1 runnable, 62 total
[34.082s][info][gc,phases   ] GC(11) Y: Concurrent Relocate 0.069ms
[34.082s][info][gc,alloc    ] GC(11) Y:                         Mark Start        Mark End      Relocate Start    Relocate End   
[34.082s][info][gc,alloc    ] GC(11) Y: Allocation Stalls:          0                0                0                0         
[34.082s][info][gc,load     ] GC(11) Y: Load: 0.00 (0%) / 0.00 (0%) / 0.00 (0%)
[34.082s][info][gc,mmu      ] GC(11) Y: MMU: 2ms/98.3%, 5ms/99.3%, 10ms/99.5%, 20ms/99.7%, 50ms/99.9%, 100ms/99.9%
[34.082s][info][gc,marking  ] GC(11) Y: Mark: 4 stripe(s), 2 proactive flush(es), 1 terminate flush(es), 0 completion(s), 0 continuation(s) 
[34.082s][info][gc,nmethod  ] GC(11) Y: NMethods: 22866 registered, 8877 unregistered
[34.082s][info][gc,metaspace] GC(11) Y: Metaspace: 152M used, 153M committed, 1216M reserved
[34.082s][info][gc,reloc    ] GC(11) Y:                        Candidates     Selected     In-Place         Size        Empty    Relocated 
[34.082s][info][gc,reloc    ] GC(11) Y: Small Pages:                    5            3            0          10M           2M           0M 
[34.082s][info][gc,reloc    ] GC(11) Y: Medium Pages:                   0            0            0           0M           0M           0M 
[34.082s][info][gc,reloc    ] GC(11) Y: Large Pages:                    0            0            0           0M           0M           0M 
[34.082s][info][gc,reloc    ] GC(11) Y: Forwarding Usage: 0M
[34.082s][info][gc,reloc    ] GC(11) Y: Age Table:
[34.082s][info][gc,reloc    ] GC(11) Y:                    Live             Garbage             Small              Medium             Large        
[34.082s][info][gc,reloc    ] GC(11) Y: Eden               0M (0%)            9M (0%)           5 / 3              0 / 0              0 / 0        
[34.082s][info][gc,heap     ] GC(11) Y: Min Capacity: 8M(0%)
[34.082s][info][gc,heap     ] GC(11) Y: Max Capacity: 4096M(100%)
[34.082s][info][gc,heap     ] GC(11) Y: Soft Max Capacity: 4096M(100%)
[34.082s][info][gc,heap     ] GC(11) Y: Heap Statistics:
[34.082s][info][gc,heap     ] GC(11) Y:                Mark Start          Mark End        Relocate Start      Relocate End           High               Low         
[34.082s][info][gc,heap     ] GC(11) Y:  Capacity:     3864M (94%)        3864M (94%)        3864M (94%)        3864M (94%)        3864M (94%)        3864M (94%)    
[34.082s][info][gc,heap     ] GC(11) Y:      Free:     3558M (87%)        3548M (87%)        3550M (87%)        3550M (87%)        3558M (87%)        3542M (86%)    
[34.082s][info][gc,heap     ] GC(11) Y:      Used:      538M (13%)         548M (13%)         546M (13%)         546M (13%)         554M (14%)         538M (13%)    
[34.082s][info][gc,heap     ] GC(11) Y: Young Generation Statistics:
[34.082s][info][gc,heap     ] GC(11) Y:                Mark Start          Mark End        Relocate Start      Relocate End    
[34.082s][info][gc,heap     ] GC(11) Y:      Used:       10M (0%)           20M (0%)           18M (0%)           18M (0%)     
[34.082s][info][gc,heap     ] GC(11) Y:      Live:         -                 0M (0%)            0M (0%)            0M (0%)     
[34.082s][info][gc,heap     ] GC(11) Y:   Garbage:         -                 9M (0%)            7M (0%)            0M (0%)     
[34.082s][info][gc,heap     ] GC(11) Y: Allocated:         -                10M (0%)           10M (0%)           17M (0%)     
[34.082s][info][gc,heap     ] GC(11) Y: Reclaimed:         -                  -                 2M (0%)            9M (0%)     
[34.082s][info][gc,heap     ] GC(11) Y:  Promoted:         -                  -                 0M (0%)            0M (0%)     
[34.082s][info][gc,heap     ] GC(11) Y: Compacted:         -                  -                  -                 0M (0%)     
[34.082s][info][gc,phases   ] GC(11) Y: Young Generation (Collect Roots) 538M(13%)->546M(13%) 0.006s
[34.082s][info][gc,phases   ] GC(11) O: Old Generation
[34.255s][info][gc,phases   ] GC(11) O: Concurrent Mark 172.956ms
[34.255s][info][gc,phases   ] GC(11) O: Pause Mark End 0.015ms
[34.255s][info][safepoint   ] Safepoint "ZMarkEndOld", Time since last: 173324900 ns, Reaching safepoint: 3600 ns, At safepoint: 35900 ns, Leaving safepoint: 4000 ns, Total: 43500 ns, Threads: 0 runnable, 62 total
[34.255s][info][gc,phases   ] GC(11) O: Concurrent Mark Free 0.004ms
[34.264s][info][gc,phases   ] GC(11) O: Concurrent Process Non-Strong 8.784ms
[34.264s][info][gc,phases   ] GC(11) O: Concurrent Reset Relocation Set 0.001ms
[34.265s][info][gc,phases   ] GC(11) O: Concurrent Select Relocation Set 1.280ms
[34.265s][info][gc,task     ] GC(11) O: Using 4 Workers for Old Generation
[34.270s][info][gc,task     ] GC(11) O: Using 4 Workers for Old Generation
[34.270s][info][gc,phases   ] GC(11) O: Concurrent Remap Roots 5.352ms
[34.270s][info][gc,phases   ] GC(11) O: Pause Relocate Start 0.011ms
[34.270s][info][safepoint   ] Safepoint "ZRelocateStartOld", Time since last: 15535600 ns, Reaching safepoint: 14600 ns, At safepoint: 31200 ns, Leaving safepoint: 5200 ns, Total: 51000 ns, Threads: 1 runnable, 62 total
[34.278s][info][gc,phases   ] GC(11) O: Concurrent Relocate 7.634ms
[34.278s][info][gc,alloc    ] GC(11) O:                         Mark Start        Mark End      Relocate Start    Relocate End   
[34.278s][info][gc,alloc    ] GC(11) O: Allocation Stalls:          0                0                0                0         
[34.278s][info][gc,load     ] GC(11) O: Load: 0.00 (0%) / 0.00 (0%) / 0.00 (0%)
[34.278s][info][gc,mmu      ] GC(11) O: MMU: 2ms/98.3%, 5ms/99.3%, 10ms/99.5%, 20ms/99.7%, 50ms/99.9%, 100ms/99.9%
[34.278s][info][gc,marking  ] GC(11) O: Mark: 4 stripe(s), 4 proactive flush(es), 1 terminate flush(es), 0 completion(s), 0 continuation(s) 
[34.278s][info][gc,nmethod  ] GC(11) O: NMethods: 22762 registered, 8981 unregistered
[34.278s][info][gc,metaspace] GC(11) O: Metaspace: 152M used, 153M committed, 1216M reserved
[34.278s][info][gc,ref      ] GC(11) O:                       Encountered   Discovered     Enqueued 
[34.278s][info][gc,ref      ] GC(11) O: Soft References:             5375            0            0 
[34.278s][info][gc,ref      ] GC(11) O: Weak References:            36609        13086            2 
[34.278s][info][gc,ref      ] GC(11) O: Final References:              55            1            0 
[34.278s][info][gc,ref      ] GC(11) O: Phantom References:          1254          997           10 
[34.278s][info][gc,reloc    ] GC(11) O:                        Candidates     Selected     In-Place         Size        Empty    Relocated 
[34.278s][info][gc,reloc    ] GC(11) O: Small Pages:                  242            8            0         484M           0M           3M 
[34.278s][info][gc,reloc    ] GC(11) O: Medium Pages:                   1            0            0          32M           0M           0M 
[34.278s][info][gc,reloc    ] GC(11) O: Large Pages:                    1            0            0          12M           0M           0M 
[34.278s][info][gc,reloc    ] GC(11) O: Forwarding Usage: 9M
[34.278s][info][gc,heap     ] GC(11) O: Min Capacity: 8M(0%)
[34.278s][info][gc,heap     ] GC(11) O: Max Capacity: 4096M(100%)
[34.278s][info][gc,heap     ] GC(11) O: Soft Max Capacity: 4096M(100%)
[34.278s][info][gc,heap     ] GC(11) O: Heap Statistics:
[34.278s][info][gc,heap     ] GC(11) O:                Mark Start          Mark End        Relocate Start      Relocate End           High               Low         
[34.278s][info][gc,heap     ] GC(11) O:  Capacity:     3864M (94%)        3864M (94%)        3864M (94%)        3864M (94%)        3864M (94%)        3864M (94%)    
[34.278s][info][gc,heap     ] GC(11) O:      Free:     3558M (87%)        3516M (86%)        3512M (86%)        3520M (86%)        3558M (87%)        3500M (85%)    
[34.278s][info][gc,heap     ] GC(11) O:      Used:      538M (13%)         580M (14%)         584M (14%)         576M (14%)         596M (15%)         538M (13%)    
[34.278s][info][gc,heap     ] GC(11) O: Old Generation Statistics:
[34.278s][info][gc,heap     ] GC(11) O:                Mark Start          Mark End        Relocate Start      Relocate End    
[34.278s][info][gc,heap     ] GC(11) O:      Used:      528M (13%)         528M (13%)         528M (13%)         520M (13%)    
[34.278s][info][gc,heap     ] GC(11) O:      Live:         -               487M (12%)         487M (12%)         487M (12%)    
[34.278s][info][gc,heap     ] GC(11) O:   Garbage:         -                40M (1%)           40M (1%)           20M (1%)     
[34.278s][info][gc,heap     ] GC(11) O: Allocated:         -                 0M (0%)            0M (0%)           11M (0%)     
[34.278s][info][gc,heap     ] GC(11) O: Reclaimed:         -                  -                 0M (0%)           19M (0%)     
[34.278s][info][gc,heap     ] GC(11) O: Compacted:         -                  -                  -                24M (1%)     
[34.278s][info][gc,phases   ] GC(11) O: Old Generation 546M(13%)->576M(14%) 0.196s
[34.278s][info][gc          ] GC(11) Major Collection (System.gc()) 1446M(35%)->576M(14%) 0.212s
[36.941s][info][gc          ] GC(12) Minor Collection (Allocation Rate)
[36.941s][info][gc,task     ] GC(12) Using 1 Workers for Young Generation
[36.941s][info][gc,phases   ] GC(12) y: Young Generation
[36.941s][info][gc,phases   ] GC(12) y: Pause Mark Start 0.015ms
[36.941s][info][safepoint   ] Safepoint "ZMarkStartYoung", Time since last: 2670123700 ns, Reaching safepoint: 16700 ns, At safepoint: 42000 ns, Leaving safepoint: 4900 ns, Total: 63600 ns, Threads: 1 runnable, 62 total
[36.957s][info][gc,phases   ] GC(12) y: Concurrent Mark 16.092ms
[36.957s][info][gc,phases   ] GC(12) y: Pause Mark End 0.011ms
[36.957s][info][safepoint   ] Safepoint "ZMarkEndYoung", Time since last: 16146500 ns, Reaching safepoint: 13200 ns, At safepoint: 35600 ns, Leaving safepoint: 4000 ns, Total: 52800 ns, Threads: 1 runnable, 62 total
[36.957s][info][gc,phases   ] GC(12) y: Concurrent Mark Free 0.001ms
[36.957s][info][gc,phases   ] GC(12) y: Concurrent Reset Relocation Set 0.001ms
[36.957s][info][gc,reloc    ] GC(12) y: Using tenuring threshold: 2 (Computed)
[36.957s][info][gc,phases   ] GC(12) y: Concurrent Select Relocation Set 0.174ms
[36.957s][info][gc,phases   ] GC(12) y: Pause Relocate Start 0.005ms
[36.957s][info][safepoint   ] Safepoint "ZRelocateStartYoung", Time since last: 251000 ns, Reaching safepoint: 13100 ns, At safepoint: 27900 ns, Leaving safepoint: 6600 ns, Total: 47600 ns, Threads: 1 runnable, 62 total
[36.957s][info][gc,phases   ] GC(12) y: Concurrent Relocate 0.311ms
[36.958s][info][gc,alloc    ] GC(12) y:                         Mark Start        Mark End      Relocate Start    Relocate End   
[36.958s][info][gc,alloc    ] GC(12) y: Allocation Stalls:          0                0                0                0         
[36.958s][info][gc,load     ] GC(12) y: Load: 0.00 (0%) / 0.00 (0%) / 0.00 (0%)
[36.958s][info][gc,mmu      ] GC(12) y: MMU: 2ms/98.3%, 5ms/99.3%, 10ms/99.5%, 20ms/99.7%, 50ms/99.9%, 100ms/99.9%
[36.958s][info][gc,marking  ] GC(12) y: Mark: 1 stripe(s), 2 proactive flush(es), 1 terminate flush(es), 0 completion(s), 0 continuation(s) 
[36.958s][info][gc,nmethod  ] GC(12) y: NMethods: 22844 registered, 8981 unregistered
[36.958s][info][gc,metaspace] GC(12) y: Metaspace: 152M used, 153M committed, 1216M reserved
[36.958s][info][gc,reloc    ] GC(12) y:                        Candidates     Selected     In-Place         Size        Empty    Relocated 
[36.958s][info][gc,reloc    ] GC(12) y: Small Pages:                  261           50            0         522M         420M           0M 
[36.958s][info][gc,reloc    ] GC(12) y: Medium Pages:                   0            0            0           0M           0M           0M 
[36.958s][info][gc,reloc    ] GC(12) y: Large Pages:                    0            0            0           0M           0M           0M 
[36.958s][info][gc,reloc    ] GC(12) y: Forwarding Usage: 0M
[36.958s][info][gc,reloc    ] GC(12) y: Age Table:
[36.958s][info][gc,reloc    ] GC(12) y:                    Live             Garbage             Small              Medium             Large        
[36.958s][info][gc,reloc    ] GC(12) y: Eden               0M (0%)          513M (13%)        257 / 49             0 / 0              0 / 0        
[36.958s][info][gc,reloc    ] GC(12) y: Survivor 1         0M (0%)            7M (0%)           4 / 1              0 / 0              0 / 0        
[36.958s][info][gc,heap     ] GC(12) y: Min Capacity: 8M(0%)
[36.958s][info][gc,heap     ] GC(12) y: Max Capacity: 4096M(100%)
[36.958s][info][gc,heap     ] GC(12) y: Soft Max Capacity: 4096M(100%)
[36.958s][info][gc,heap     ] GC(12) y: Heap Statistics:
[36.958s][info][gc,heap     ] GC(12) y:                Mark Start          Mark End        Relocate Start      Relocate End           High               Low         
[36.958s][info][gc,heap     ] GC(12) y:  Capacity:     3864M (94%)        3864M (94%)        3864M (94%)        3864M (94%)        3864M (94%)        3864M (94%)    
[36.958s][info][gc,heap     ] GC(12) y:      Free:     3054M (75%)        3046M (74%)        3466M (85%)        3564M (87%)        3564M (87%)        3046M (74%)    
[36.958s][info][gc,heap     ] GC(12) y:      Used:     1042M (25%)        1050M (26%)         630M (15%)         532M (13%)        1050M (26%)         532M (13%)    
[36.958s][info][gc,heap     ] GC(12) y: Young Generation Statistics:
[36.958s][info][gc,heap     ] GC(12) y:                Mark Start          Mark End        Relocate Start      Relocate End    
[36.958s][info][gc,heap     ] GC(12) y:      Used:      522M (13%)         530M (13%)         110M (3%)           12M (0%)     
[36.958s][info][gc,heap     ] GC(12) y:      Live:         -                 0M (0%)            0M (0%)            0M (0%)     
[36.958s][info][gc,heap     ] GC(12) y:   Garbage:         -               521M (13%)         101M (2%)            0M (0%)     
[36.958s][info][gc,heap     ] GC(12) y: Allocated:         -                 8M (0%)            8M (0%)           11M (0%)     
[36.958s][info][gc,heap     ] GC(12) y: Reclaimed:         -                  -               420M (10%)         521M (13%)    
[36.958s][info][gc,heap     ] GC(12) y:  Promoted:         -                  -                 0M (0%)            0M (0%)     
[36.958s][info][gc,heap     ] GC(12) y: Compacted:         -                  -                  -                 0M (0%)     
[36.958s][info][gc,phases   ] GC(12) y: Young Generation 1042M(25%)->532M(13%) 0.017s
[36.958s][info][gc          ] GC(12) Minor Collection (Allocation Rate) 1042M(25%)->532M(13%) 0.017s
[39.280s][info][gc          ] GC(13) Major Collection (System.gc())
[39.280s][info][gc,task     ] GC(13) Using 4 Workers for Young Generation
[39.280s][info][gc,task     ] GC(13) Using 4 Workers for Old Generation
[39.280s][info][gc,phases   ] GC(13) Y: Young Generation (Promote All)
[39.280s][info][gc,phases   ] GC(13) Y: Pause Mark Start 0.017ms
[39.280s][info][safepoint   ] Safepoint "ZMarkStartYoung", Time since last: 2322463800 ns, Reaching safepoint: 6200 ns, At safepoint: 48200 ns, Leaving safepoint: 3500 ns, Total: 57900 ns, Threads: 0 runnable, 62 total
[39.287s][info][gc,phases   ] GC(13) Y: Concurrent Mark 7.004ms
[39.287s][info][gc,phases   ] GC(13) Y: Pause Mark End 0.009ms
[39.287s][info][safepoint   ] Safepoint "ZMarkEndYoung", Time since last: 7053200 ns, Reaching safepoint: 2400 ns, At safepoint: 19100 ns, Leaving safepoint: 3400 ns, Total: 24900 ns, Threads: 0 runnable, 62 total
[39.287s][info][gc,phases   ] GC(13) Y: Concurrent Mark Free 0.002ms
[39.287s][info][gc,phases   ] GC(13) Y: Concurrent Reset Relocation Set 0.001ms
[39.287s][info][gc,reloc    ] GC(13) Y: Using tenuring threshold: 0 (Promote All)
[39.287s][info][gc,phases   ] GC(13) Y: Concurrent Select Relocation Set 0.184ms
[39.287s][info][gc,phases   ] GC(13) Y: Pause Relocate Start 0.006ms
[39.287s][info][safepoint   ] Safepoint "ZRelocateStartYoung", Time since last: 253800 ns, Reaching safepoint: 99300 ns, At safepoint: 25500 ns, Leaving safepoint: 3400 ns, Total: 128200 ns, Threads: 1 runnable, 62 total
[39.287s][info][gc,phases   ] GC(13) Y: Concurrent Relocate 0.237ms
[39.287s][info][gc,alloc    ] GC(13) Y:                         Mark Start        Mark End      Relocate Start    Relocate End   
[39.287s][info][gc,alloc    ] GC(13) Y: Allocation Stalls:          0                0                0                0         
[39.287s][info][gc,load     ] GC(13) Y: Load: 0.00 (0%) / 0.00 (0%) / 0.00 (0%)
[39.287s][info][gc,mmu      ] GC(13) Y: MMU: 2ms/98.3%, 5ms/99.3%, 10ms/99.5%, 20ms/99.7%, 50ms/99.9%, 100ms/99.9%
[39.287s][info][gc,marking  ] GC(13) Y: Mark: 4 stripe(s), 2 proactive flush(es), 1 terminate flush(es), 0 completion(s), 0 continuation(s) 
[39.287s][info][gc,nmethod  ] GC(13) Y: NMethods: 22925 registered, 8981 unregistered
[39.287s][info][gc,metaspace] GC(13) Y: Metaspace: 152M used, 153M committed, 1216M reserved
[39.287s][info][gc,reloc    ] GC(13) Y:                        Candidates     Selected     In-Place         Size        Empty    Relocated 
[39.287s][info][gc,reloc    ] GC(13) Y: Small Pages:                  217           53            0         434M         326M           0M 
[39.287s][info][gc,reloc    ] GC(13) Y: Medium Pages:                   0            0            0           0M           0M           0M 
[39.287s][info][gc,reloc    ] GC(13) Y: Large Pages:                    0            0            0           0M           0M           0M 
[39.288s][info][gc,reloc    ] GC(13) Y: Forwarding Usage: 0M
[39.288s][info][gc,reloc    ] GC(13) Y: Age Table:
[39.288s][info][gc,reloc    ] GC(13) Y:                    Live             Garbage             Small              Medium             Large        
[39.288s][info][gc,reloc    ] GC(13) Y: Eden               0M (0%)          429M (10%)        215 / 52             0 / 0              0 / 0        
[39.288s][info][gc,reloc    ] GC(13) Y: Survivor 1         0M (0%)            1M (0%)           1 / 1              0 / 0              0 / 0        
[39.288s][info][gc,reloc    ] GC(13) Y: Survivor 2         0M (0%)            1M (0%)           1 / 0              0 / 0              0 / 0        
[39.288s][info][gc,heap     ] GC(13) Y: Min Capacity: 8M(0%)
[39.288s][info][gc,heap     ] GC(13) Y: Max Capacity: 4096M(100%)
[39.288s][info][gc,heap     ] GC(13) Y: Soft Max Capacity: 4096M(100%)
[39.288s][info][gc,heap     ] GC(13) Y: Heap Statistics:
[39.288s][info][gc,heap     ] GC(13) Y:                Mark Start          Mark End        Relocate Start      Relocate End           High               Low         
[39.288s][info][gc,heap     ] GC(13) Y:  Capacity:     3864M (94%)        3864M (94%)        3864M (94%)        3864M (94%)        3864M (94%)        3864M (94%)    
[39.288s][info][gc,heap     ] GC(13) Y:      Free:     3142M (77%)        3136M (77%)        3462M (85%)        3562M (87%)        3562M (87%)        3136M (77%)    
[39.288s][info][gc,heap     ] GC(13) Y:      Used:      954M (23%)         960M (23%)         634M (15%)         534M (13%)         960M (23%)         534M (13%)    
[39.288s][info][gc,heap     ] GC(13) Y: Young Generation Statistics:
[39.288s][info][gc,heap     ] GC(13) Y:                Mark Start          Mark End        Relocate Start      Relocate End    
[39.288s][info][gc,heap     ] GC(13) Y:      Used:      434M (11%)         440M (11%)         114M (3%)            6M (0%)     
[39.288s][info][gc,heap     ] GC(13) Y:      Live:         -                 0M (0%)            0M (0%)            0M (0%)     
[39.288s][info][gc,heap     ] GC(13) Y:   Garbage:         -               433M (11%)         107M (3%)            0M (0%)     
[39.288s][info][gc,heap     ] GC(13) Y: Allocated:         -                 6M (0%)            6M (0%)            6M (0%)     
[39.288s][info][gc,heap     ] GC(13) Y: Reclaimed:         -                  -               326M (8%)          433M (11%)    
[39.288s][info][gc,heap     ] GC(13) Y:  Promoted:         -                  -                 0M (0%)            0M (0%)     
[39.288s][info][gc,heap     ] GC(13) Y: Compacted:         -                  -                  -                 0M (0%)     
[39.288s][info][gc,phases   ] GC(13) Y: Young Generation (Promote All) 954M(23%)->534M(13%) 0.008s
[39.288s][info][gc,phases   ] GC(13) Y: Young Generation (Collect Roots)
[39.288s][info][gc,phases   ] GC(13) Y: Pause Mark Start (Major) 0.008ms
[39.288s][info][safepoint   ] Safepoint "ZMarkStartYoungAndOld", Time since last: 535200 ns, Reaching safepoint: 2000 ns, At safepoint: 27600 ns, Leaving safepoint: 3500 ns, Total: 33100 ns, Threads: 0 runnable, 62 total
[39.293s][info][gc,phases   ] GC(13) Y: Concurrent Mark 5.259ms
[39.293s][info][gc,phases   ] GC(13) Y: Pause Mark End 0.007ms
[39.293s][info][safepoint   ] Safepoint "ZMarkEndYoung", Time since last: 5299900 ns, Reaching safepoint: 1600 ns, At safepoint: 25200 ns, Leaving safepoint: 3400 ns, Total: 30200 ns, Threads: 0 runnable, 62 total
[39.293s][info][gc,phases   ] GC(13) Y: Concurrent Mark Free 0.001ms
[39.293s][info][gc,phases   ] GC(13) Y: Concurrent Reset Relocation Set 0.001ms
[39.293s][info][gc,reloc    ] GC(13) Y: Using tenuring threshold: 1 (Computed)
[39.293s][info][gc,phases   ] GC(13) Y: Concurrent Select Relocation Set 0.097ms
[39.293s][info][gc,phases   ] GC(13) Y: Pause Relocate Start 0.006ms
[39.293s][info][safepoint   ] Safepoint "ZRelocateStartYoung", Time since last: 173000 ns, Reaching safepoint: 2000 ns, At safepoint: 25100 ns, Leaving safepoint: 3500 ns, Total: 30600 ns, Threads: 0 runnable, 62 total
[39.293s][info][gc,phases   ] GC(13) Y: Concurrent Relocate 0.047ms
[39.293s][info][gc,alloc    ] GC(13) Y:                         Mark Start        Mark End      Relocate Start    Relocate End   
[39.293s][info][gc,alloc    ] GC(13) Y: Allocation Stalls:          0                0                0                0         
[39.293s][info][gc,load     ] GC(13) Y: Load: 0.00 (0%) / 0.00 (0%) / 0.00 (0%)
[39.293s][info][gc,mmu      ] GC(13) Y: MMU: 2ms/98.3%, 5ms/99.3%, 10ms/99.5%, 20ms/99.7%, 50ms/99.9%, 100ms/99.9%
[39.293s][info][gc,marking  ] GC(13) Y: Mark: 4 stripe(s), 3 proactive flush(es), 1 terminate flush(es), 0 completion(s), 0 continuation(s) 
[39.293s][info][gc,nmethod  ] GC(13) Y: NMethods: 22926 registered, 8981 unregistered
[39.293s][info][gc,metaspace] GC(13) Y: Metaspace: 152M used, 153M committed, 1216M reserved
[39.293s][info][gc,reloc    ] GC(13) Y:                        Candidates     Selected     In-Place         Size        Empty    Relocated 
[39.293s][info][gc,reloc    ] GC(13) Y: Small Pages:                    3            0            0           6M           4M           0M 
[39.293s][info][gc,reloc    ] GC(13) Y: Medium Pages:                   0            0            0           0M           0M           0M 
[39.293s][info][gc,reloc    ] GC(13) Y: Large Pages:                    0            0            0           0M           0M           0M 
[39.293s][info][gc,reloc    ] GC(13) Y: Forwarding Usage: 0M
[39.293s][info][gc,reloc    ] GC(13) Y: Age Table:
[39.293s][info][gc,reloc    ] GC(13) Y:                    Live             Garbage             Small              Medium             Large        
[39.293s][info][gc,reloc    ] GC(13) Y: Eden               0M (0%)            5M (0%)           3 / 0              0 / 0              0 / 0        
[39.293s][info][gc,heap     ] GC(13) Y: Min Capacity: 8M(0%)
[39.293s][info][gc,heap     ] GC(13) Y: Max Capacity: 4096M(100%)
[39.293s][info][gc,heap     ] GC(13) Y: Soft Max Capacity: 4096M(100%)
[39.293s][info][gc,heap     ] GC(13) Y: Heap Statistics:
[39.293s][info][gc,heap     ] GC(13) Y:                Mark Start          Mark End        Relocate Start      Relocate End           High               Low         
[39.294s][info][gc,heap     ] GC(13) Y:  Capacity:     3864M (94%)        3864M (94%)        3864M (94%)        3864M (94%)        3864M (94%)        3864M (94%)    
[39.294s][info][gc,heap     ] GC(13) Y:      Free:     3562M (87%)        3556M (87%)        3560M (87%)        3560M (87%)        3562M (87%)        3556M (87%)    
[39.294s][info][gc,heap     ] GC(13) Y:      Used:      534M (13%)         540M (13%)         536M (13%)         536M (13%)         540M (13%)         534M (13%)    
[39.294s][info][gc,heap     ] GC(13) Y: Young Generation Statistics:
[39.294s][info][gc,heap     ] GC(13) Y:                Mark Start          Mark End        Relocate Start      Relocate End    
[39.294s][info][gc,heap     ] GC(13) Y:      Used:        6M (0%)           12M (0%)            8M (0%)            8M (0%)     
[39.294s][info][gc,heap     ] GC(13) Y:      Live:         -                 0M (0%)            0M (0%)            0M (0%)     
[39.294s][info][gc,heap     ] GC(13) Y:   Garbage:         -                 5M (0%)            1M (0%)            1M (0%)     
[39.294s][info][gc,heap     ] GC(13) Y: Allocated:         -                 6M (0%)            6M (0%)            6M (0%)     
[39.294s][info][gc,heap     ] GC(13) Y: Reclaimed:         -                  -                 4M (0%)            4M (0%)     
[39.294s][info][gc,heap     ] GC(13) Y:  Promoted:         -                  -                 0M (0%)            0M (0%)     
[39.294s][info][gc,heap     ] GC(13) Y: Compacted:         -                  -                  -                 0M (0%)     
[39.294s][info][gc,phases   ] GC(13) Y: Young Generation (Collect Roots) 534M(13%)->536M(13%) 0.006s
[39.294s][info][gc,phases   ] GC(13) O: Old Generation
[39.460s][info][gc,phases   ] GC(13) O: Concurrent Mark 166.328ms
[39.460s][info][gc,phases   ] GC(13) O: Pause Mark End 0.014ms
[39.460s][info][safepoint   ] Safepoint "ZMarkEndOld", Time since last: 166750900 ns, Reaching safepoint: 3800 ns, At safepoint: 35900 ns, Leaving safepoint: 2300 ns, Total: 42000 ns, Threads: 0 runnable, 62 total
[39.460s][info][gc,phases   ] GC(13) O: Concurrent Mark Free 0.002ms
[39.481s][info][gc,phases   ] GC(13) O: Concurrent Process Non-Strong 20.767ms
[39.481s][info][gc,phases   ] GC(13) O: Concurrent Reset Relocation Set 0.001ms
[39.481s][info][gc,phases   ] GC(13) O: Concurrent Select Relocation Set 0.484ms
[39.481s][info][gc,task     ] GC(13) O: Using 4 Workers for Old Generation
[39.485s][info][gc,task     ] GC(13) O: Using 4 Workers for Old Generation
[39.485s][info][gc,phases   ] GC(13) O: Concurrent Remap Roots 3.627ms
[39.485s][info][gc,phases   ] GC(13) O: Pause Relocate Start 0.011ms
[39.485s][info][safepoint   ] Safepoint "ZRelocateStartOld", Time since last: 24987900 ns, Reaching safepoint: 3400 ns, At safepoint: 31900 ns, Leaving safepoint: 3900 ns, Total: 39200 ns, Threads: 0 runnable, 62 total
[39.486s][info][gc,phases   ] GC(13) O: Concurrent Relocate 1.043ms
[39.486s][info][gc,alloc    ] GC(13) O:                         Mark Start        Mark End      Relocate Start    Relocate End   
[39.486s][info][gc,alloc    ] GC(13) O: Allocation Stalls:          0                0                0                0         
[39.486s][info][gc,load     ] GC(13) O: Load: 0.00 (0%) / 0.00 (0%) / 0.00 (0%)
[39.486s][info][gc,mmu      ] GC(13) O: MMU: 2ms/98.3%, 5ms/99.3%, 10ms/99.5%, 20ms/99.7%, 50ms/99.9%, 100ms/99.9%
[39.486s][info][gc,marking  ] GC(13) O: Mark: 4 stripe(s), 2 proactive flush(es), 1 terminate flush(es), 0 completion(s), 0 continuation(s) 
[39.486s][info][gc,nmethod  ] GC(13) O: NMethods: 6624 registered, 0 unregistered
[39.486s][info][gc,metaspace] GC(13) O: Metaspace: 152M used, 153M committed, 1216M reserved
[39.486s][info][gc,ref      ] GC(13) O:                       Encountered   Discovered     Enqueued 
[39.486s][info][gc,ref      ] GC(13) O: Soft References:             5375            0            0 
[39.486s][info][gc,ref      ] GC(13) O: Weak References:            36606         4348            0 
[39.486s][info][gc,ref      ] GC(13) O: Final References:              55            0            0 
[39.486s][info][gc,ref      ] GC(13) O: Phantom References:          1252          964            8 
[39.486s][info][gc,reloc    ] GC(13) O:                        Candidates     Selected     In-Place         Size        Empty    Relocated 
[39.486s][info][gc,reloc    ] GC(13) O: Small Pages:                  242            8            0         484M           2M           1M 
[39.486s][info][gc,reloc    ] GC(13) O: Medium Pages:                   1            0            0          32M           0M           0M 
[39.486s][info][gc,reloc    ] GC(13) O: Large Pages:                    1            0            0          12M           0M           0M 
[39.486s][info][gc,reloc    ] GC(13) O: Forwarding Usage: 1M
[39.486s][info][gc,heap     ] GC(13) O: Min Capacity: 8M(0%)
[39.486s][info][gc,heap     ] GC(13) O: Max Capacity: 4096M(100%)
[39.486s][info][gc,heap     ] GC(13) O: Soft Max Capacity: 4096M(100%)
[39.486s][info][gc,heap     ] GC(13) O: Heap Statistics:
[39.486s][info][gc,heap     ] GC(13) O:                Mark Start          Mark End        Relocate Start      Relocate End           High               Low         
[39.486s][info][gc,heap     ] GC(13) O:  Capacity:     3864M (94%)        3864M (94%)        3864M (94%)        3864M (94%)        3864M (94%)        3864M (94%)    
[39.486s][info][gc,heap     ] GC(13) O:      Free:     3562M (87%)        3526M (86%)        3520M (86%)        3528M (86%)        3562M (87%)        3508M (86%)    
[39.486s][info][gc,heap     ] GC(13) O:      Used:      534M (13%)         570M (14%)         576M (14%)         568M (14%)         588M (14%)         534M (13%)    
[39.486s][info][gc,heap     ] GC(13) O: Old Generation Statistics:
[39.486s][info][gc,heap     ] GC(13) O:                Mark Start          Mark End        Relocate Start      Relocate End    
[39.486s][info][gc,heap     ] GC(13) O:      Used:      528M (13%)         528M (13%)         526M (13%)         518M (13%)    
[39.486s][info][gc,heap     ] GC(13) O:      Live:         -               487M (12%)         487M (12%)         487M (12%)    
[39.486s][info][gc,heap     ] GC(13) O:   Garbage:         -                40M (1%)           38M (1%)           21M (1%)     
[39.486s][info][gc,heap     ] GC(13) O: Allocated:         -                 0M (0%)            0M (0%)            9M (0%)     
[39.486s][info][gc,heap     ] GC(13) O: Reclaimed:         -                  -                 2M (0%)           19M (0%)     
[39.486s][info][gc,heap     ] GC(13) O: Compacted:         -                  -                  -                 2M (0%)     
[39.486s][info][gc,phases   ] GC(13) O: Old Generation 536M(13%)->568M(14%) 0.193s
[39.486s][info][gc          ] GC(13) Major Collection (System.gc()) 954M(23%)->568M(14%) 0.207s
[44.488s][info][gc          ] GC(14) Major Collection (System.gc())
[44.488s][info][gc,task     ] GC(14) Using 4 Workers for Young Generation
[44.488s][info][gc,task     ] GC(14) Using 4 Workers for Old Generation
[44.488s][info][gc,phases   ] GC(14) Y: Young Generation (Promote All)
[44.488s][info][gc,phases   ] GC(14) Y: Pause Mark Start 0.012ms
[44.488s][info][safepoint   ] Safepoint "ZMarkStartYoung", Time since last: 5002938000 ns, Reaching safepoint: 5700 ns, At safepoint: 34900 ns, Leaving safepoint: 3900 ns, Total: 44500 ns, Threads: 0 runnable, 64 total
[44.493s][info][gc,phases   ] GC(14) Y: Concurrent Mark 4.508ms
[44.493s][info][gc,phases   ] GC(14) Y: Pause Mark End 0.009ms
[44.493s][info][safepoint   ] Safepoint "ZMarkEndYoung", Time since last: 4553800 ns, Reaching safepoint: 2500 ns, At safepoint: 29300 ns, Leaving safepoint: 3700 ns, Total: 35500 ns, Threads: 0 runnable, 64 total
[44.493s][info][gc,phases   ] GC(14) Y: Concurrent Mark Free 0.002ms
[44.493s][info][gc,phases   ] GC(14) Y: Concurrent Reset Relocation Set 0.000ms
[44.493s][info][gc,reloc    ] GC(14) Y: Using tenuring threshold: 0 (Promote All)
[44.493s][info][gc,phases   ] GC(14) Y: Concurrent Select Relocation Set 0.255ms
[44.493s][info][gc,phases   ] GC(14) Y: Pause Relocate Start 0.006ms
[44.493s][info][safepoint   ] Safepoint "ZRelocateStartYoung", Time since last: 333500 ns, Reaching safepoint: 2000 ns, At safepoint: 25400 ns, Leaving safepoint: 2200 ns, Total: 29600 ns, Threads: 0 runnable, 64 total
[44.493s][info][gc,phases   ] GC(14) Y: Concurrent Relocate 0.313ms
[44.493s][info][gc,alloc    ] GC(14) Y:                         Mark Start        Mark End      Relocate Start    Relocate End   
[44.493s][info][gc,alloc    ] GC(14) Y: Allocation Stalls:          0                0                0                0         
[44.493s][info][gc,load     ] GC(14) Y: Load: 0.00 (0%) / 0.00 (0%) / 0.00 (0%)
[44.493s][info][gc,mmu      ] GC(14) Y: MMU: 2ms/98.3%, 5ms/99.3%, 10ms/99.5%, 20ms/99.7%, 50ms/99.9%, 100ms/99.9%
[44.493s][info][gc,marking  ] GC(14) Y: Mark: 4 stripe(s), 2 proactive flush(es), 1 terminate flush(es), 0 completion(s), 0 continuation(s) 
[44.493s][info][gc,nmethod  ] GC(14) Y: NMethods: 7014 registered, 0 unregistered
[44.493s][info][gc,metaspace] GC(14) Y: Metaspace: 152M used, 153M committed, 1216M reserved
[44.493s][info][gc,reloc    ] GC(14) Y:                        Candidates     Selected     In-Place         Size        Empty    Relocated 
[44.493s][info][gc,reloc    ] GC(14) Y: Small Pages:                  486           79            0         972M         812M           0M 
[44.493s][info][gc,reloc    ] GC(14) Y: Medium Pages:                   0            0            0           0M           0M           0M 
[44.493s][info][gc,reloc    ] GC(14) Y: Large Pages:                    0            0            0           0M           0M           0M 
[44.493s][info][gc,reloc    ] GC(14) Y: Forwarding Usage: 0M
[44.493s][info][gc,reloc    ] GC(14) Y: Age Table:
[44.493s][info][gc,reloc    ] GC(14) Y:                    Live             Garbage             Small              Medium             Large        
[44.493s][info][gc,reloc    ] GC(14) Y: Eden               0M (0%)          969M (24%)        485 / 79             0 / 0              0 / 0        
[44.493s][info][gc,reloc    ] GC(14) Y: Survivor 1          -                 2M (0%)           1 / 0              0 / 0              0 / 0        
[44.493s][info][gc,heap     ] GC(14) Y: Min Capacity: 8M(0%)
[44.493s][info][gc,heap     ] GC(14) Y: Max Capacity: 4096M(100%)
[44.493s][info][gc,heap     ] GC(14) Y: Soft Max Capacity: 4096M(100%)
[44.493s][info][gc,heap     ] GC(14) Y: Heap Statistics:
[44.493s][info][gc,heap     ] GC(14) Y:                Mark Start          Mark End        Relocate Start      Relocate End           High               Low         
[44.494s][info][gc,heap     ] GC(14) Y:  Capacity:     3864M (94%)        3864M (94%)        3864M (94%)        3864M (94%)        3864M (94%)        3864M (94%)    
[44.494s][info][gc,heap     ] GC(14) Y:      Free:     2606M (64%)        2600M (63%)        3412M (83%)        3562M (87%)        3562M (87%)        2600M (63%)    
[44.494s][info][gc,heap     ] GC(14) Y:      Used:     1490M (36%)        1496M (37%)         684M (17%)         534M (13%)        1496M (37%)         534M (13%)    
[44.494s][info][gc,heap     ] GC(14) Y: Young Generation Statistics:
[44.494s][info][gc,heap     ] GC(14) Y:                Mark Start          Mark End        Relocate Start      Relocate End    
[44.494s][info][gc,heap     ] GC(14) Y:      Used:      972M (24%)         978M (24%)         166M (4%)            6M (0%)     
[44.494s][info][gc,heap     ] GC(14) Y:      Live:         -                 0M (0%)            0M (0%)            0M (0%)     
[44.494s][info][gc,heap     ] GC(14) Y:   Garbage:         -               971M (24%)         159M (4%)            0M (0%)     
[44.494s][info][gc,heap     ] GC(14) Y: Allocated:         -                 6M (0%)            6M (0%)            6M (0%)     
[44.494s][info][gc,heap     ] GC(14) Y: Reclaimed:         -                  -               812M (20%)         971M (24%)    
[44.494s][info][gc,heap     ] GC(14) Y:  Promoted:         -                  -                 0M (0%)            0M (0%)     
[44.494s][info][gc,heap     ] GC(14) Y: Compacted:         -                  -                  -                 0M (0%)     
[44.494s][info][gc,phases   ] GC(14) Y: Young Generation (Promote All) 1490M(36%)->534M(13%) 0.005s
[44.494s][info][gc,phases   ] GC(14) Y: Young Generation (Collect Roots)
[44.494s][info][gc,phases   ] GC(14) Y: Pause Mark Start (Major) 0.009ms
[44.494s][info][safepoint   ] Safepoint "ZMarkStartYoungAndOld", Time since last: 606000 ns, Reaching safepoint: 12800 ns, At safepoint: 31700 ns, Leaving safepoint: 4300 ns, Total: 48800 ns, Threads: 1 runnable, 64 total
[44.498s][info][gc,phases   ] GC(14) Y: Concurrent Mark 4.293ms
[44.498s][info][gc,phases   ] GC(14) Y: Pause Mark End 0.008ms
[44.498s][info][safepoint   ] Safepoint "ZMarkEndYoung", Time since last: 4339600 ns, Reaching safepoint: 2200 ns, At safepoint: 28700 ns, Leaving safepoint: 2300 ns, Total: 33200 ns, Threads: 0 runnable, 64 total
[44.498s][info][gc,phases   ] GC(14) Y: Concurrent Mark Free 0.001ms
[44.498s][info][gc,phases   ] GC(14) Y: Concurrent Reset Relocation Set 0.001ms
[44.498s][info][gc,reloc    ] GC(14) Y: Using tenuring threshold: 1 (Computed)
[44.498s][info][gc,phases   ] GC(14) Y: Concurrent Select Relocation Set 0.108ms
[44.498s][info][gc,phases   ] GC(14) Y: Pause Relocate Start 0.008ms
[44.498s][info][safepoint   ] Safepoint "ZRelocateStartYoung", Time since last: 178900 ns, Reaching safepoint: 2800 ns, At safepoint: 32000 ns, Leaving safepoint: 3200 ns, Total: 38000 ns, Threads: 0 runnable, 64 total
[44.498s][info][gc,phases   ] GC(14) Y: Concurrent Relocate 0.077ms
[44.498s][info][gc,alloc    ] GC(14) Y:                         Mark Start        Mark End      Relocate Start    Relocate End   
[44.498s][info][gc,alloc    ] GC(14) Y: Allocation Stalls:          0                0                0                0         
[44.498s][info][gc,load     ] GC(14) Y: Load: 0.00 (0%) / 0.00 (0%) / 0.00 (0%)
[44.498s][info][gc,mmu      ] GC(14) Y: MMU: 2ms/98.3%, 5ms/99.3%, 10ms/99.5%, 20ms/99.7%, 50ms/99.9%, 100ms/99.9%
[44.498s][info][gc,marking  ] GC(14) Y: Mark: 4 stripe(s), 2 proactive flush(es), 1 terminate flush(es), 0 completion(s), 0 continuation(s) 
[44.498s][info][gc,nmethod  ] GC(14) Y: NMethods: 7014 registered, 0 unregistered
[44.498s][info][gc,metaspace] GC(14) Y: Metaspace: 152M used, 153M committed, 1216M reserved
[44.498s][info][gc,reloc    ] GC(14) Y:                        Candidates     Selected     In-Place         Size        Empty    Relocated 
[44.498s][info][gc,reloc    ] GC(14) Y: Small Pages:                    3            1            0           6M           2M           0M 
[44.498s][info][gc,reloc    ] GC(14) Y: Medium Pages:                   0            0            0           0M           0M           0M 
[44.498s][info][gc,reloc    ] GC(14) Y: Large Pages:                    0            0            0           0M           0M           0M 
[44.498s][info][gc,reloc    ] GC(14) Y: Forwarding Usage: 0M
[44.498s][info][gc,reloc    ] GC(14) Y: Age Table:
[44.498s][info][gc,reloc    ] GC(14) Y:                    Live             Garbage             Small              Medium             Large        
[44.498s][info][gc,reloc    ] GC(14) Y: Eden               0M (0%)            5M (0%)           3 / 1              0 / 0              0 / 0        
[44.498s][info][gc,heap     ] GC(14) Y: Min Capacity: 8M(0%)
[44.498s][info][gc,heap     ] GC(14) Y: Max Capacity: 4096M(100%)
[44.498s][info][gc,heap     ] GC(14) Y: Soft Max Capacity: 4096M(100%)
[44.499s][info][gc,heap     ] GC(14) Y: Heap Statistics:
[44.499s][info][gc,heap     ] GC(14) Y:                Mark Start          Mark End        Relocate Start      Relocate End           High               Low         
[44.499s][info][gc,heap     ] GC(14) Y:  Capacity:     3864M (94%)        3864M (94%)        3864M (94%)        3864M (94%)        3864M (94%)        3864M (94%)    
[44.499s][info][gc,heap     ] GC(14) Y:      Free:     3562M (87%)        3556M (87%)        3558M (87%)        3558M (87%)        3562M (87%)        3554M (87%)    
[44.499s][info][gc,heap     ] GC(14) Y:      Used:      534M (13%)         540M (13%)         538M (13%)         538M (13%)         542M (13%)         534M (13%)    
[44.499s][info][gc,heap     ] GC(14) Y: Young Generation Statistics:
[44.499s][info][gc,heap     ] GC(14) Y:                Mark Start          Mark End        Relocate Start      Relocate End    
[44.499s][info][gc,heap     ] GC(14) Y:      Used:        6M (0%)           12M (0%)           10M (0%)           10M (0%)     
[44.499s][info][gc,heap     ] GC(14) Y:      Live:         -                 0M (0%)            0M (0%)            0M (0%)     
[44.499s][info][gc,heap     ] GC(14) Y:   Garbage:         -                 5M (0%)            3M (0%)            0M (0%)     
[44.499s][info][gc,heap     ] GC(14) Y: Allocated:         -                 6M (0%)            6M (0%)            9M (0%)     
[44.499s][info][gc,heap     ] GC(14) Y: Reclaimed:         -                  -                 2M (0%)            5M (0%)     
[44.499s][info][gc,heap     ] GC(14) Y:  Promoted:         -                  -                 0M (0%)            0M (0%)     
[44.499s][info][gc,heap     ] GC(14) Y: Compacted:         -                  -                  -                 0M (0%)     
[44.499s][info][gc,phases   ] GC(14) Y: Young Generation (Collect Roots) 534M(13%)->538M(13%) 0.005s
[44.499s][info][gc,phases   ] GC(14) O: Old Generation
[44.670s][info][gc,phases   ] GC(14) O: Concurrent Mark 170.971ms
[44.670s][info][gc,phases   ] GC(14) O: Pause Mark End 0.016ms
[44.670s][info][safepoint   ] Safepoint "ZMarkEndOld", Time since last: 171378500 ns, Reaching safepoint: 4100 ns, At safepoint: 37000 ns, Leaving safepoint: 3900 ns, Total: 45000 ns, Threads: 0 runnable, 64 total
[44.670s][info][gc,phases   ] GC(14) O: Concurrent Mark Free 0.004ms
[44.674s][info][gc,phases   ] GC(14) O: Concurrent Process Non-Strong 3.876ms
[44.674s][info][gc,phases   ] GC(14) O: Concurrent Reset Relocation Set 0.001ms
[44.674s][info][gc,phases   ] GC(14) O: Concurrent Select Relocation Set 0.095ms
[44.674s][info][gc,task     ] GC(14) O: Using 4 Workers for Old Generation
[44.677s][info][gc,task     ] GC(14) O: Using 4 Workers for Old Generation
[44.677s][info][gc,phases   ] GC(14) O: Concurrent Remap Roots 3.519ms
[44.677s][info][gc,phases   ] GC(14) O: Pause Relocate Start 0.008ms
[44.677s][info][safepoint   ] Safepoint "ZRelocateStartOld", Time since last: 7596800 ns, Reaching safepoint: 2800 ns, At safepoint: 28400 ns, Leaving safepoint: 3600 ns, Total: 34800 ns, Threads: 0 runnable, 64 total
[44.678s][info][gc,phases   ] GC(14) O: Concurrent Relocate 1.165ms
[44.679s][info][gc,alloc    ] GC(14) O:                         Mark Start        Mark End      Relocate Start    Relocate End   
[44.679s][info][gc,alloc    ] GC(14) O: Allocation Stalls:          0                0                0                0         
[44.679s][info][gc,load     ] GC(14) O: Load: 0.00 (0%) / 0.00 (0%) / 0.00 (0%)
[44.679s][info][gc,mmu      ] GC(14) O: MMU: 2ms/98.3%, 5ms/99.3%, 10ms/99.5%, 20ms/99.7%, 50ms/99.9%, 100ms/99.9%
[44.679s][info][gc,marking  ] GC(14) O: Mark: 4 stripe(s), 2 proactive flush(es), 1 terminate flush(es), 0 completion(s), 0 continuation(s) 
[44.679s][info][gc,nmethod  ] GC(14) O: NMethods: 6909 registered, 106 unregistered
[44.679s][info][gc,metaspace] GC(14) O: Metaspace: 152M used, 153M committed, 1216M reserved
[44.679s][info][gc,ref      ] GC(14) O:                       Encountered   Discovered     Enqueued 
[44.679s][info][gc,ref      ] GC(14) O: Soft References:             5375            0            0 
[44.679s][info][gc,ref      ] GC(14) O: Weak References:            36608        15945            2 
[44.679s][info][gc,ref      ] GC(14) O: Final References:              55            1            0 
[44.679s][info][gc,ref      ] GC(14) O: Phantom References:          1249         1109            5 
[44.679s][info][gc,reloc    ] GC(14) O:                        Candidates     Selected     In-Place         Size        Empty    Relocated 
[44.679s][info][gc,reloc    ] GC(14) O: Small Pages:                  242            9            0         484M           0M           1M 
[44.679s][info][gc,reloc    ] GC(14) O: Medium Pages:                   1            0            0          32M           0M           0M 
[44.679s][info][gc,reloc    ] GC(14) O: Large Pages:                    1            0            0          12M           0M           0M 
[44.679s][info][gc,reloc    ] GC(14) O: Forwarding Usage: 1M
[44.679s][info][gc,heap     ] GC(14) O: Min Capacity: 8M(0%)
[44.679s][info][gc,heap     ] GC(14) O: Max Capacity: 4096M(100%)
[44.679s][info][gc,heap     ] GC(14) O: Soft Max Capacity: 4096M(100%)
[44.679s][info][gc,heap     ] GC(14) O: Heap Statistics:
[44.679s][info][gc,heap     ] GC(14) O:                Mark Start          Mark End        Relocate Start      Relocate End           High               Low         
[44.679s][info][gc,heap     ] GC(14) O:  Capacity:     3864M (94%)        3864M (94%)        3864M (94%)        3864M (94%)        3864M (94%)        3864M (94%)    
[44.679s][info][gc,heap     ] GC(14) O:      Free:     3562M (87%)        3520M (86%)        3518M (86%)        3530M (86%)        3562M (87%)        3508M (86%)    
[44.679s][info][gc,heap     ] GC(14) O:      Used:      534M (13%)         576M (14%)         578M (14%)         566M (14%)         588M (14%)         534M (13%)    
[44.679s][info][gc,heap     ] GC(14) O: Old Generation Statistics:
[44.679s][info][gc,heap     ] GC(14) O:                Mark Start          Mark End        Relocate Start      Relocate End    
[44.679s][info][gc,heap     ] GC(14) O:      Used:      528M (13%)         528M (13%)         528M (13%)         516M (13%)    
[44.679s][info][gc,heap     ] GC(14) O:      Live:         -               487M (12%)         487M (12%)         487M (12%)    
[44.679s][info][gc,heap     ] GC(14) O:   Garbage:         -                40M (1%)           40M (1%)           21M (1%)     
[44.679s][info][gc,heap     ] GC(14) O: Allocated:         -                 0M (0%)            0M (0%)            7M (0%)     
[44.679s][info][gc,heap     ] GC(14) O: Reclaimed:         -                  -                 0M (0%)           19M (0%)     
[44.679s][info][gc,heap     ] GC(14) O: Compacted:         -                  -                  -                 2M (0%)     
[44.679s][info][gc,phases   ] GC(14) O: Old Generation 538M(13%)->566M(14%) 0.180s
[44.679s][info][gc          ] GC(14) Major Collection (System.gc()) 1490M(36%)->566M(14%) 0.191s
[49.681s][info][gc          ] GC(15) Major Collection (System.gc())
[49.681s][info][gc,task     ] GC(15) Using 4 Workers for Young Generation
[49.681s][info][gc,task     ] GC(15) Using 4 Workers for Old Generation
[49.681s][info][gc,phases   ] GC(15) Y: Young Generation (Promote All)
[49.681s][info][gc,phases   ] GC(15) Y: Pause Mark Start 0.012ms
[49.681s][info][safepoint   ] Safepoint "ZMarkStartYoung", Time since last: 5003862100 ns, Reaching safepoint: 4800 ns, At safepoint: 34200 ns, Leaving safepoint: 2700 ns, Total: 41700 ns, Threads: 0 runnable, 62 total
[49.686s][info][gc,phases   ] GC(15) Y: Concurrent Mark 5.175ms
[49.686s][info][gc,phases   ] GC(15) Y: Pause Mark End 0.009ms
[49.686s][info][safepoint   ] Safepoint "ZMarkEndYoung", Time since last: 5217200 ns, Reaching safepoint: 3000 ns, At safepoint: 28100 ns, Leaving safepoint: 2000 ns, Total: 33100 ns, Threads: 0 runnable, 62 total
[49.686s][info][gc,phases   ] GC(15) Y: Concurrent Mark Free 0.002ms
[49.686s][info][gc,phases   ] GC(15) Y: Concurrent Reset Relocation Set 0.000ms
[49.687s][info][gc,reloc    ] GC(15) Y: Using tenuring threshold: 0 (Promote All)
[49.687s][info][gc,phases   ] GC(15) Y: Concurrent Select Relocation Set 0.227ms
[49.687s][info][gc,phases   ] GC(15) Y: Pause Relocate Start 0.006ms
[49.687s][info][safepoint   ] Safepoint "ZRelocateStartYoung", Time since last: 282200 ns, Reaching safepoint: 12300 ns, At safepoint: 25700 ns, Leaving safepoint: 2900 ns, Total: 40900 ns, Threads: 1 runnable, 62 total
[49.687s][info][gc,phases   ] GC(15) Y: Concurrent Relocate 0.476ms
[49.687s][info][gc,alloc    ] GC(15) Y:                         Mark Start        Mark End      Relocate Start    Relocate End   
[49.687s][info][gc,alloc    ] GC(15) Y: Allocation Stalls:          0                0                0                0         
[49.687s][info][gc,load     ] GC(15) Y: Load: 0.00 (0%) / 0.00 (0%) / 0.00 (0%)
[49.687s][info][gc,mmu      ] GC(15) Y: MMU: 2ms/98.3%, 5ms/99.3%, 10ms/99.5%, 20ms/99.7%, 50ms/99.9%, 100ms/99.9%
[49.687s][info][gc,marking  ] GC(15) Y: Mark: 4 stripe(s), 2 proactive flush(es), 1 terminate flush(es), 0 completion(s), 0 continuation(s) 
[49.687s][info][gc,nmethod  ] GC(15) Y: NMethods: 6963 registered, 106 unregistered
[49.687s][info][gc,metaspace] GC(15) Y: Metaspace: 152M used, 153M committed, 1216M reserved
[49.687s][info][gc,reloc    ] GC(15) Y:                        Candidates     Selected     In-Place         Size        Empty    Relocated 
[49.687s][info][gc,reloc    ] GC(15) Y: Small Pages:                  465           64            0         930M         800M           0M 
[49.687s][info][gc,reloc    ] GC(15) Y: Medium Pages:                   0            0            0           0M           0M           0M 
[49.687s][info][gc,reloc    ] GC(15) Y: Large Pages:                    0            0            0           0M           0M           0M 
[49.687s][info][gc,reloc    ] GC(15) Y: Forwarding Usage: 0M
[49.687s][info][gc,reloc    ] GC(15) Y: Age Table:
[49.687s][info][gc,reloc    ] GC(15) Y:                    Live             Garbage             Small              Medium             Large        
[49.687s][info][gc,reloc    ] GC(15) Y: Eden               0M (0%)          925M (23%)        463 / 63             0 / 0              0 / 0        
[49.687s][info][gc,reloc    ] GC(15) Y: Survivor 1         0M (0%)            3M (0%)           2 / 1              0 / 0              0 / 0        
[49.687s][info][gc,heap     ] GC(15) Y: Min Capacity: 8M(0%)
[49.687s][info][gc,heap     ] GC(15) Y: Max Capacity: 4096M(100%)
[49.687s][info][gc,heap     ] GC(15) Y: Soft Max Capacity: 4096M(100%)
[49.687s][info][gc,heap     ] GC(15) Y: Heap Statistics:
[49.687s][info][gc,heap     ] GC(15) Y:                Mark Start          Mark End        Relocate Start      Relocate End           High               Low         
[49.687s][info][gc,heap     ] GC(15) Y:  Capacity:     3864M (94%)        3864M (94%)        3864M (94%)        3864M (94%)        3864M (94%)        3864M (94%)    
[49.687s][info][gc,heap     ] GC(15) Y:      Free:     2650M (65%)        2644M (65%)        3444M (84%)        3566M (87%)        3566M (87%)        2644M (65%)    
[49.687s][info][gc,heap     ] GC(15) Y:      Used:     1446M (35%)        1452M (35%)         652M (16%)         530M (13%)        1452M (35%)         530M (13%)    
[49.687s][info][gc,heap     ] GC(15) Y: Young Generation Statistics:
[49.687s][info][gc,heap     ] GC(15) Y:                Mark Start          Mark End        Relocate Start      Relocate End    
[49.687s][info][gc,heap     ] GC(15) Y:      Used:      930M (23%)         936M (23%)         136M (3%)            6M (0%)     
[49.687s][info][gc,heap     ] GC(15) Y:      Live:         -                 0M (0%)            0M (0%)            0M (0%)     
[49.687s][info][gc,heap     ] GC(15) Y:   Garbage:         -               929M (23%)         129M (3%)            0M (0%)     
[49.687s][info][gc,heap     ] GC(15) Y: Allocated:         -                 6M (0%)            6M (0%)            6M (0%)     
[49.687s][info][gc,heap     ] GC(15) Y: Reclaimed:         -                  -               800M (20%)         929M (23%)    
[49.688s][info][gc,heap     ] GC(15) Y:  Promoted:         -                  -                 0M (0%)            0M (0%)     
[49.688s][info][gc,heap     ] GC(15) Y: Compacted:         -                  -                  -                 0M (0%)     
[49.688s][info][gc,phases   ] GC(15) Y: Young Generation (Promote All) 1446M(35%)->530M(13%) 0.006s
[49.688s][info][gc,phases   ] GC(15) Y: Young Generation (Collect Roots)
[49.688s][info][gc,phases   ] GC(15) Y: Pause Mark Start (Major) 0.008ms
[49.688s][info][safepoint   ] Safepoint "ZMarkStartYoungAndOld", Time since last: 764000 ns, Reaching safepoint: 12400 ns, At safepoint: 26500 ns, Leaving safepoint: 3500 ns, Total: 42400 ns, Threads: 1 runnable, 62 total
[49.692s][info][gc,phases   ] GC(15) Y: Concurrent Mark 4.422ms
[49.692s][info][gc,phases   ] GC(15) Y: Pause Mark End 0.006ms
[49.692s][info][safepoint   ] Safepoint "ZMarkEndYoung", Time since last: 4463000 ns, Reaching safepoint: 1900 ns, At safepoint: 16600 ns, Leaving safepoint: 3000 ns, Total: 21500 ns, Threads: 0 runnable, 62 total
[49.692s][info][gc,phases   ] GC(15) Y: Concurrent Mark Free 0.001ms
[49.692s][info][gc,phases   ] GC(15) Y: Concurrent Reset Relocation Set 0.001ms
[49.692s][info][gc,reloc    ] GC(15) Y: Using tenuring threshold: 1 (Computed)
[49.692s][info][gc,phases   ] GC(15) Y: Concurrent Select Relocation Set 0.122ms
[49.692s][info][gc,phases   ] GC(15) Y: Pause Relocate Start 0.006ms
[49.692s][info][safepoint   ] Safepoint "ZRelocateStartYoung", Time since last: 204900 ns, Reaching safepoint: 12200 ns, At safepoint: 20000 ns, Leaving safepoint: 3400 ns, Total: 35600 ns, Threads: 1 runnable, 62 total
[49.692s][info][gc,phases   ] GC(15) Y: Concurrent Relocate 0.043ms
[49.692s][info][gc,alloc    ] GC(15) Y:                         Mark Start        Mark End      Relocate Start    Relocate End   
[49.692s][info][gc,alloc    ] GC(15) Y: Allocation Stalls:          0                0                0                0         
[49.692s][info][gc,load     ] GC(15) Y: Load: 0.00 (0%) / 0.00 (0%) / 0.00 (0%)
[49.692s][info][gc,mmu      ] GC(15) Y: MMU: 2ms/98.3%, 5ms/99.3%, 10ms/99.5%, 20ms/99.7%, 50ms/99.9%, 100ms/99.9%
[49.692s][info][gc,marking  ] GC(15) Y: Mark: 4 stripe(s), 3 proactive flush(es), 1 terminate flush(es), 0 completion(s), 0 continuation(s) 
[49.692s][info][gc,nmethod  ] GC(15) Y: NMethods: 6963 registered, 106 unregistered
[49.692s][info][gc,metaspace] GC(15) Y: Metaspace: 152M used, 153M committed, 1216M reserved
[49.692s][info][gc,reloc    ] GC(15) Y:                        Candidates     Selected     In-Place         Size        Empty    Relocated 
[49.692s][info][gc,reloc    ] GC(15) Y: Small Pages:                    3            0            0           6M           4M           0M 
[49.692s][info][gc,reloc    ] GC(15) Y: Medium Pages:                   0            0            0           0M           0M           0M 
[49.692s][info][gc,reloc    ] GC(15) Y: Large Pages:                    0            0            0           0M           0M           0M 
[49.692s][info][gc,reloc    ] GC(15) Y: Forwarding Usage: 0M
[49.692s][info][gc,reloc    ] GC(15) Y: Age Table:
[49.692s][info][gc,reloc    ] GC(15) Y:                    Live             Garbage             Small              Medium             Large        
[49.692s][info][gc,reloc    ] GC(15) Y: Eden               0M (0%)            5M (0%)           3 / 0              0 / 0              0 / 0        
[49.693s][info][gc,heap     ] GC(15) Y: Min Capacity: 8M(0%)
[49.693s][info][gc,heap     ] GC(15) Y: Max Capacity: 4096M(100%)
[49.693s][info][gc,heap     ] GC(15) Y: Soft Max Capacity: 4096M(100%)
[49.693s][info][gc,heap     ] GC(15) Y: Heap Statistics:
[49.693s][info][gc,heap     ] GC(15) Y:                Mark Start          Mark End        Relocate Start      Relocate End           High               Low         
[49.693s][info][gc,heap     ] GC(15) Y:  Capacity:     3864M (94%)        3864M (94%)        3864M (94%)        3864M (94%)        3864M (94%)        3864M (94%)    
[49.693s][info][gc,heap     ] GC(15) Y:      Free:     3566M (87%)        3560M (87%)        3564M (87%)        3564M (87%)        3566M (87%)        3560M (87%)    
[49.693s][info][gc,heap     ] GC(15) Y:      Used:      530M (13%)         536M (13%)         532M (13%)         532M (13%)         536M (13%)         530M (13%)    
[49.693s][info][gc,heap     ] GC(15) Y: Young Generation Statistics:
[49.693s][info][gc,heap     ] GC(15) Y:                Mark Start          Mark End        Relocate Start      Relocate End    
[49.693s][info][gc,heap     ] GC(15) Y:      Used:        6M (0%)           12M (0%)            8M (0%)            8M (0%)     
[49.693s][info][gc,heap     ] GC(15) Y:      Live:         -                 0M (0%)            0M (0%)            0M (0%)     
[49.693s][info][gc,heap     ] GC(15) Y:   Garbage:         -                 5M (0%)            1M (0%)            1M (0%)     
[49.693s][info][gc,heap     ] GC(15) Y: Allocated:         -                 6M (0%)            6M (0%)            6M (0%)     
[49.693s][info][gc,heap     ] GC(15) Y: Reclaimed:         -                  -                 4M (0%)            4M (0%)     
[49.693s][info][gc,heap     ] GC(15) Y:  Promoted:         -                  -                 0M (0%)            0M (0%)     
[49.693s][info][gc,heap     ] GC(15) Y: Compacted:         -                  -                  -                 0M (0%)     
[49.693s][info][gc,phases   ] GC(15) Y: Young Generation (Collect Roots) 530M(13%)->532M(13%) 0.005s
[49.693s][info][gc,phases   ] GC(15) O: Old Generation
[49.843s][info][gc,phases   ] GC(15) O: Concurrent Mark 150.666ms
[49.843s][info][gc,phases   ] GC(15) O: Pause Mark End 0.014ms
[49.843s][info][safepoint   ] Safepoint "ZMarkEndOld", Time since last: 151028700 ns, Reaching safepoint: 2600 ns, At safepoint: 34800 ns, Leaving safepoint: 2400 ns, Total: 39800 ns, Threads: 0 runnable, 62 total
[49.843s][info][gc,phases   ] GC(15) O: Concurrent Mark Free 0.002ms
[49.847s][info][gc,phases   ] GC(15) O: Concurrent Process Non-Strong 3.545ms
[49.847s][info][gc,phases   ] GC(15) O: Concurrent Reset Relocation Set 0.001ms
[49.847s][info][gc,phases   ] GC(15) O: Concurrent Select Relocation Set 0.069ms
[49.847s][info][gc,task     ] GC(15) O: Using 4 Workers for Old Generation
[49.850s][info][gc,task     ] GC(15) O: Using 4 Workers for Old Generation
[49.850s][info][gc,phases   ] GC(15) O: Concurrent Remap Roots 3.062ms
[49.850s][info][gc,phases   ] GC(15) O: Pause Relocate Start 0.009ms
[49.850s][info][safepoint   ] Safepoint "ZRelocateStartOld", Time since last: 6768600 ns, Reaching safepoint: 2900 ns, At safepoint: 29100 ns, Leaving safepoint: 2400 ns, Total: 34400 ns, Threads: 0 runnable, 62 total
[49.851s][info][gc,phases   ] GC(15) O: Concurrent Relocate 1.252ms
[49.851s][info][gc,alloc    ] GC(15) O:                         Mark Start        Mark End      Relocate Start    Relocate End   
[49.852s][info][gc,alloc    ] GC(15) O: Allocation Stalls:          0                0                0                0         
[49.852s][info][gc,load     ] GC(15) O: Load: 0.00 (0%) / 0.00 (0%) / 0.00 (0%)
[49.852s][info][gc,mmu      ] GC(15) O: MMU: 2ms/98.3%, 5ms/99.3%, 10ms/99.5%, 20ms/99.7%, 50ms/99.9%, 100ms/99.9%
[49.852s][info][gc,marking  ] GC(15) O: Mark: 4 stripe(s), 4 proactive flush(es), 1 terminate flush(es), 0 completion(s), 0 continuation(s) 
[49.852s][info][gc,nmethod  ] GC(15) O: NMethods: 6940 registered, 130 unregistered
[49.852s][info][gc,metaspace] GC(15) O: Metaspace: 152M used, 153M committed, 1216M reserved
[49.852s][info][gc,ref      ] GC(15) O:                       Encountered   Discovered     Enqueued 
[49.852s][info][gc,ref      ] GC(15) O: Soft References:             5375            0            0 
[49.852s][info][gc,ref      ] GC(15) O: Weak References:            36606        19923            0 
[49.852s][info][gc,ref      ] GC(15) O: Final References:              55            1            0 
[49.852s][info][gc,ref      ] GC(15) O: Phantom References:          1250          989            6 
[49.852s][info][gc,reloc    ] GC(15) O:                        Candidates     Selected     In-Place         Size        Empty    Relocated 
[49.852s][info][gc,reloc    ] GC(15) O: Small Pages:                  240            7            0         480M           0M           1M 
[49.852s][info][gc,reloc    ] GC(15) O: Medium Pages:                   1            0            0          32M           0M           0M 
[49.852s][info][gc,reloc    ] GC(15) O: Large Pages:                    1            0            0          12M           0M           0M 
[49.852s][info][gc,reloc    ] GC(15) O: Forwarding Usage: 1M
[49.852s][info][gc,heap     ] GC(15) O: Min Capacity: 8M(0%)
[49.852s][info][gc,heap     ] GC(15) O: Max Capacity: 4096M(100%)
[49.852s][info][gc,heap     ] GC(15) O: Soft Max Capacity: 4096M(100%)
[49.852s][info][gc,heap     ] GC(15) O: Heap Statistics:
[49.852s][info][gc,heap     ] GC(15) O:                Mark Start          Mark End        Relocate Start      Relocate End           High               Low         
[49.852s][info][gc,heap     ] GC(15) O:  Capacity:     3864M (94%)        3864M (94%)        3864M (94%)        3864M (94%)        3864M (94%)        3864M (94%)    
[49.852s][info][gc,heap     ] GC(15) O:      Free:     3566M (87%)        3530M (86%)        3530M (86%)        3538M (86%)        3566M (87%)        3520M (86%)    
[49.852s][info][gc,heap     ] GC(15) O:      Used:      530M (13%)         566M (14%)         566M (14%)         558M (14%)         576M (14%)         530M (13%)    
[49.852s][info][gc,heap     ] GC(15) O: Old Generation Statistics:
[49.852s][info][gc,heap     ] GC(15) O:                Mark Start          Mark End        Relocate Start      Relocate End    
[49.852s][info][gc,heap     ] GC(15) O:      Used:      524M (13%)         524M (13%)         524M (13%)         516M (13%)    
[49.852s][info][gc,heap     ] GC(15) O:      Live:         -               487M (12%)         487M (12%)         487M (12%)    
[49.852s][info][gc,heap     ] GC(15) O:   Garbage:         -                36M (1%)           36M (1%)           21M (1%)     
[49.852s][info][gc,heap     ] GC(15) O: Allocated:         -                 0M (0%)            0M (0%)            7M (0%)     
[49.852s][info][gc,heap     ] GC(15) O: Reclaimed:         -                  -                 0M (0%)           15M (0%)     
[49.852s][info][gc,heap     ] GC(15) O: Compacted:         -                  -                  -                 2M (0%)     
[49.852s][info][gc,phases   ] GC(15) O: Old Generation 532M(13%)->558M(14%) 0.159s
[49.852s][info][gc          ] GC(15) Major Collection (System.gc()) 1446M(35%)->558M(14%) 0.171s
[54.852s][info][gc          ] GC(16) Major Collection (System.gc())
[54.852s][info][gc,task     ] GC(16) Using 4 Workers for Young Generation
[54.852s][info][gc,task     ] GC(16) Using 4 Workers for Old Generation
[54.852s][info][gc,phases   ] GC(16) Y: Young Generation (Promote All)
[54.852s][info][gc,phases   ] GC(16) Y: Pause Mark Start 0.012ms
[54.852s][info][safepoint   ] Safepoint "ZMarkStartYoung", Time since last: 5002248600 ns, Reaching safepoint: 4900 ns, At safepoint: 38700 ns, Leaving safepoint: 2800 ns, Total: 46400 ns, Threads: 0 runnable, 62 total
[54.858s][info][gc,phases   ] GC(16) Y: Concurrent Mark 5.262ms
[54.858s][info][gc,phases   ] GC(16) Y: Pause Mark End 0.008ms
[54.858s][info][safepoint   ] Safepoint "ZMarkEndYoung", Time since last: 5314100 ns, Reaching safepoint: 2200 ns, At safepoint: 28900 ns, Leaving safepoint: 2100 ns, Total: 33200 ns, Threads: 0 runnable, 62 total
[54.858s][info][gc,phases   ] GC(16) Y: Concurrent Mark Free 0.002ms
[54.858s][info][gc,phases   ] GC(16) Y: Concurrent Reset Relocation Set 0.000ms
[54.858s][info][gc,reloc    ] GC(16) Y: Using tenuring threshold: 0 (Promote All)
[54.858s][info][gc,phases   ] GC(16) Y: Concurrent Select Relocation Set 0.278ms
[54.858s][info][gc,phases   ] GC(16) Y: Pause Relocate Start 0.008ms
[54.858s][info][safepoint   ] Safepoint "ZRelocateStartYoung", Time since last: 360300 ns, Reaching safepoint: 23000 ns, At safepoint: 32100 ns, Leaving safepoint: 4500 ns, Total: 59600 ns, Threads: 1 runnable, 62 total
[54.859s][info][gc,phases   ] GC(16) Y: Concurrent Relocate 0.472ms
[54.859s][info][gc,alloc    ] GC(16) Y:                         Mark Start        Mark End      Relocate Start    Relocate End   
[54.859s][info][gc,alloc    ] GC(16) Y: Allocation Stalls:          0                0                0                0         
[54.859s][info][gc,load     ] GC(16) Y: Load: 0.00 (0%) / 0.00 (0%) / 0.00 (0%)
[54.859s][info][gc,mmu      ] GC(16) Y: MMU: 2ms/98.3%, 5ms/99.3%, 10ms/99.5%, 20ms/99.7%, 50ms/99.9%, 100ms/99.9%
[54.859s][info][gc,marking  ] GC(16) Y: Mark: 4 stripe(s), 2 proactive flush(es), 1 terminate flush(es), 0 completion(s), 0 continuation(s) 
[54.859s][info][gc,nmethod  ] GC(16) Y: NMethods: 6990 registered, 130 unregistered
[54.859s][info][gc,metaspace] GC(16) Y: Metaspace: 152M used, 153M committed, 1216M reserved
[54.859s][info][gc,reloc    ] GC(16) Y:                        Candidates     Selected     In-Place         Size        Empty    Relocated 
[54.859s][info][gc,reloc    ] GC(16) Y: Small Pages:                  481           75            0         962M         810M           0M 
[54.859s][info][gc,reloc    ] GC(16) Y: Medium Pages:                   0            0            0           0M           0M           0M 
[54.859s][info][gc,reloc    ] GC(16) Y: Large Pages:                    0            0            0           0M           0M           0M 
[54.859s][info][gc,reloc    ] GC(16) Y: Forwarding Usage: 0M
[54.859s][info][gc,reloc    ] GC(16) Y: Age Table:
[54.859s][info][gc,reloc    ] GC(16) Y:                    Live             Garbage             Small              Medium             Large        
[54.859s][info][gc,reloc    ] GC(16) Y: Eden               0M (0%)          959M (23%)        480 / 75             0 / 0              0 / 0        
[54.859s][info][gc,reloc    ] GC(16) Y: Survivor 1          -                 2M (0%)           1 / 0              0 / 0              0 / 0        
[54.859s][info][gc,heap     ] GC(16) Y: Min Capacity: 8M(0%)
[54.859s][info][gc,heap     ] GC(16) Y: Max Capacity: 4096M(100%)
[54.859s][info][gc,heap     ] GC(16) Y: Soft Max Capacity: 4096M(100%)
[54.859s][info][gc,heap     ] GC(16) Y: Heap Statistics:
[54.859s][info][gc,heap     ] GC(16) Y:                Mark Start          Mark End        Relocate Start      Relocate End           High               Low         
[54.859s][info][gc,heap     ] GC(16) Y:  Capacity:     3864M (94%)        3864M (94%)        3864M (94%)        3864M (94%)        3864M (94%)        3864M (94%)    
[54.859s][info][gc,heap     ] GC(16) Y:      Free:     2618M (64%)        2612M (64%)        3422M (84%)        3566M (87%)        3566M (87%)        2612M (64%)    
[54.859s][info][gc,heap     ] GC(16) Y:      Used:     1478M (36%)        1484M (36%)         674M (16%)         530M (13%)        1484M (36%)         530M (13%)    
[54.859s][info][gc,heap     ] GC(16) Y: Young Generation Statistics:
[54.859s][info][gc,heap     ] GC(16) Y:                Mark Start          Mark End        Relocate Start      Relocate End    
[54.859s][info][gc,heap     ] GC(16) Y:      Used:      962M (23%)         968M (24%)         158M (4%)            6M (0%)     
[54.859s][info][gc,heap     ] GC(16) Y:      Live:         -                 0M (0%)            0M (0%)            0M (0%)     
[54.859s][info][gc,heap     ] GC(16) Y:   Garbage:         -               961M (23%)         151M (4%)            0M (0%)     
[54.859s][info][gc,heap     ] GC(16) Y: Allocated:         -                 6M (0%)            6M (0%)            6M (0%)     
[54.859s][info][gc,heap     ] GC(16) Y: Reclaimed:         -                  -               810M (20%)         961M (23%)    
[54.859s][info][gc,heap     ] GC(16) Y:  Promoted:         -                  -                 0M (0%)            0M (0%)     
[54.859s][info][gc,heap     ] GC(16) Y: Compacted:         -                  -                  -                 0M (0%)     
[54.859s][info][gc,phases   ] GC(16) Y: Young Generation (Promote All) 1478M(36%)->530M(13%) 0.006s
[54.859s][info][gc,phases   ] GC(16) Y: Young Generation (Collect Roots)
[54.859s][info][gc,phases   ] GC(16) Y: Pause Mark Start (Major) 0.009ms
[54.859s][info][safepoint   ] Safepoint "ZMarkStartYoungAndOld", Time since last: 766400 ns, Reaching safepoint: 2000 ns, At safepoint: 28200 ns, Leaving safepoint: 16000 ns, Total: 46200 ns, Threads: 0 runnable, 62 total
[54.864s][info][gc,phases   ] GC(16) Y: Concurrent Mark 4.469ms
[54.864s][info][gc,phases   ] GC(16) Y: Pause Mark End 0.006ms
[54.864s][info][safepoint   ] Safepoint "ZMarkEndYoung", Time since last: 4519900 ns, Reaching safepoint: 1700 ns, At safepoint: 24500 ns, Leaving safepoint: 3400 ns, Total: 29600 ns, Threads: 0 runnable, 62 total
[54.864s][info][gc,phases   ] GC(16) Y: Concurrent Mark Free 0.001ms
[54.864s][info][gc,phases   ] GC(16) Y: Concurrent Reset Relocation Set 0.001ms
[54.864s][info][gc,reloc    ] GC(16) Y: Using tenuring threshold: 1 (Computed)
[54.864s][info][gc,phases   ] GC(16) Y: Concurrent Select Relocation Set 0.176ms
[54.864s][info][gc,phases   ] GC(16) Y: Pause Relocate Start 0.006ms
[54.864s][info][safepoint   ] Safepoint "ZRelocateStartYoung", Time since last: 250400 ns, Reaching safepoint: 2100 ns, At safepoint: 24200 ns, Leaving safepoint: 5100 ns, Total: 31400 ns, Threads: 0 runnable, 62 total
[54.864s][info][gc,phases   ] GC(16) Y: Concurrent Relocate 0.038ms
[54.864s][info][gc,alloc    ] GC(16) Y:                         Mark Start        Mark End      Relocate Start    Relocate End   
[54.864s][info][gc,alloc    ] GC(16) Y: Allocation Stalls:          0                0                0                0         
[54.864s][info][gc,load     ] GC(16) Y: Load: 0.00 (0%) / 0.00 (0%) / 0.00 (0%)
[54.864s][info][gc,mmu      ] GC(16) Y: MMU: 2ms/98.3%, 5ms/99.3%, 10ms/99.5%, 20ms/99.7%, 50ms/99.9%, 100ms/99.9%
[54.864s][info][gc,marking  ] GC(16) Y: Mark: 4 stripe(s), 3 proactive flush(es), 1 terminate flush(es), 0 completion(s), 0 continuation(s) 
[54.864s][info][gc,nmethod  ] GC(16) Y: NMethods: 6998 registered, 130 unregistered
[54.864s][info][gc,metaspace] GC(16) Y: Metaspace: 152M used, 153M committed, 1216M reserved
[54.864s][info][gc,reloc    ] GC(16) Y:                        Candidates     Selected     In-Place         Size        Empty    Relocated 
[54.864s][info][gc,reloc    ] GC(16) Y: Small Pages:                    3            0            0           6M           4M           0M 
[54.864s][info][gc,reloc    ] GC(16) Y: Medium Pages:                   0            0            0           0M           0M           0M 
[54.864s][info][gc,reloc    ] GC(16) Y: Large Pages:                    0            0            0           0M           0M           0M 
[54.864s][info][gc,reloc    ] GC(16) Y: Forwarding Usage: 0M
[54.864s][info][gc,reloc    ] GC(16) Y: Age Table:
[54.864s][info][gc,reloc    ] GC(16) Y:                    Live             Garbage             Small              Medium             Large        
[54.864s][info][gc,reloc    ] GC(16) Y: Eden               0M (0%)            5M (0%)           3 / 0              0 / 0              0 / 0        
[54.864s][info][gc,heap     ] GC(16) Y: Min Capacity: 8M(0%)
[54.864s][info][gc,heap     ] GC(16) Y: Max Capacity: 4096M(100%)
[54.864s][info][gc,heap     ] GC(16) Y: Soft Max Capacity: 4096M(100%)
[54.864s][info][gc,heap     ] GC(16) Y: Heap Statistics:
[54.864s][info][gc,heap     ] GC(16) Y:                Mark Start          Mark End        Relocate Start      Relocate End           High               Low         
[54.864s][info][gc,heap     ] GC(16) Y:  Capacity:     3864M (94%)        3864M (94%)        3864M (94%)        3864M (94%)        3864M (94%)        3864M (94%)    
[54.864s][info][gc,heap     ] GC(16) Y:      Free:     3566M (87%)        3560M (87%)        3564M (87%)        3564M (87%)        3566M (87%)        3560M (87%)    
[54.864s][info][gc,heap     ] GC(16) Y:      Used:      530M (13%)         536M (13%)         532M (13%)         532M (13%)         536M (13%)         530M (13%)    
[54.864s][info][gc,heap     ] GC(16) Y: Young Generation Statistics:
[54.864s][info][gc,heap     ] GC(16) Y:                Mark Start          Mark End        Relocate Start      Relocate End    
[54.864s][info][gc,heap     ] GC(16) Y:      Used:        6M (0%)           12M (0%)            8M (0%)            8M (0%)     
[54.864s][info][gc,heap     ] GC(16) Y:      Live:         -                 0M (0%)            0M (0%)            0M (0%)     
[54.864s][info][gc,heap     ] GC(16) Y:   Garbage:         -                 5M (0%)            1M (0%)            1M (0%)     
[54.864s][info][gc,heap     ] GC(16) Y: Allocated:         -                 6M (0%)            6M (0%)            6M (0%)     
[54.864s][info][gc,heap     ] GC(16) Y: Reclaimed:         -                  -                 4M (0%)            4M (0%)     
[54.864s][info][gc,heap     ] GC(16) Y:  Promoted:         -                  -                 0M (0%)            0M (0%)     
[54.864s][info][gc,heap     ] GC(16) Y: Compacted:         -                  -                  -                 0M (0%)     
[54.864s][info][gc,phases   ] GC(16) Y: Young Generation (Collect Roots) 530M(13%)->532M(13%) 0.005s
[54.864s][info][gc,phases   ] GC(16) O: Old Generation
[55.016s][info][gc,phases   ] GC(16) O: Concurrent Mark 151.383ms
[55.016s][info][gc,phases   ] GC(16) O: Pause Mark End 0.015ms
[55.016s][info][safepoint   ] Safepoint "ZMarkEndOld", Time since last: 151935600 ns, Reaching safepoint: 3200 ns, At safepoint: 26100 ns, Leaving safepoint: 3600 ns, Total: 32900 ns, Threads: 0 runnable, 62 total
[55.016s][info][gc,phases   ] GC(16) O: Concurrent Mark Free 0.002ms
[55.020s][info][gc,phases   ] GC(16) O: Concurrent Process Non-Strong 3.943ms
[55.020s][info][gc,phases   ] GC(16) O: Concurrent Reset Relocation Set 0.001ms
[55.020s][info][gc,phases   ] GC(16) O: Concurrent Select Relocation Set 0.392ms
[55.020s][info][gc,task     ] GC(16) O: Using 4 Workers for Old Generation
[55.023s][info][gc,task     ] GC(16) O: Using 4 Workers for Old Generation
[55.023s][info][gc,phases   ] GC(16) O: Concurrent Remap Roots 3.167ms
[55.023s][info][gc,phases   ] GC(16) O: Pause Relocate Start 0.008ms
[55.024s][info][safepoint   ] Safepoint "ZRelocateStartOld", Time since last: 7606400 ns, Reaching safepoint: 13700 ns, At safepoint: 28800 ns, Leaving safepoint: 3500 ns, Total: 46000 ns, Threads: 1 runnable, 62 total
[55.025s][info][gc,phases   ] GC(16) O: Concurrent Relocate 1.383ms
[55.025s][info][gc,alloc    ] GC(16) O:                         Mark Start        Mark End      Relocate Start    Relocate End   
[55.025s][info][gc,alloc    ] GC(16) O: Allocation Stalls:          0                0                0                0         
[55.025s][info][gc,load     ] GC(16) O: Load: 0.00 (0%) / 0.00 (0%) / 0.00 (0%)
[55.025s][info][gc,mmu      ] GC(16) O: MMU: 2ms/98.3%, 5ms/99.3%, 10ms/99.5%, 20ms/99.7%, 50ms/99.9%, 100ms/99.9%
[55.025s][info][gc,marking  ] GC(16) O: Mark: 4 stripe(s), 2 proactive flush(es), 1 terminate flush(es), 0 completion(s), 0 continuation(s) 
[55.025s][info][gc,nmethod  ] GC(16) O: NMethods: 6389 registered, 742 unregistered
[55.025s][info][gc,metaspace] GC(16) O: Metaspace: 152M used, 153M committed, 1216M reserved
[55.025s][info][gc,ref      ] GC(16) O:                       Encountered   Discovered     Enqueued 
[55.025s][info][gc,ref      ] GC(16) O: Soft References:             5375            0            0 
[55.025s][info][gc,ref      ] GC(16) O: Weak References:            36608        15620            2 
[55.025s][info][gc,ref      ] GC(16) O: Final References:              55            3            0 
[55.025s][info][gc,ref      ] GC(16) O: Phantom References:          1249          151            5 
[55.025s][info][gc,reloc    ] GC(16) O:                        Candidates     Selected     In-Place         Size        Empty    Relocated 
[55.025s][info][gc,reloc    ] GC(16) O: Small Pages:                  240            7            0         480M           0M           1M 
[55.025s][info][gc,reloc    ] GC(16) O: Medium Pages:                   1            0            0          32M           0M           0M 
[55.025s][info][gc,reloc    ] GC(16) O: Large Pages:                    1            0            0          12M           0M           0M 
[55.025s][info][gc,reloc    ] GC(16) O: Forwarding Usage: 1M
[55.025s][info][gc,heap     ] GC(16) O: Min Capacity: 8M(0%)
[55.025s][info][gc,heap     ] GC(16) O: Max Capacity: 4096M(100%)
[55.025s][info][gc,heap     ] GC(16) O: Soft Max Capacity: 4096M(100%)
[55.025s][info][gc,heap     ] GC(16) O: Heap Statistics:
[55.025s][info][gc,heap     ] GC(16) O:                Mark Start          Mark End        Relocate Start      Relocate End           High               Low         
[55.025s][info][gc,heap     ] GC(16) O:  Capacity:     3864M (94%)        3864M (94%)        3864M (94%)        3864M (94%)        3864M (94%)        3864M (94%)    
[55.025s][info][gc,heap     ] GC(16) O:      Free:     3566M (87%)        3532M (86%)        3530M (86%)        3534M (86%)        3566M (87%)        3520M (86%)    
[55.025s][info][gc,heap     ] GC(16) O:      Used:      530M (13%)         564M (14%)         566M (14%)         562M (14%)         576M (14%)         530M (13%)    
[55.025s][info][gc,heap     ] GC(16) O: Old Generation Statistics:
[55.025s][info][gc,heap     ] GC(16) O:                Mark Start          Mark End        Relocate Start      Relocate End    
[55.025s][info][gc,heap     ] GC(16) O:      Used:      524M (13%)         524M (13%)         524M (13%)         518M (13%)    
[55.025s][info][gc,heap     ] GC(16) O:      Live:         -               487M (12%)         487M (12%)         487M (12%)    
[55.025s][info][gc,heap     ] GC(16) O:   Garbage:         -                36M (1%)           36M (1%)           21M (1%)     
[55.025s][info][gc,heap     ] GC(16) O: Allocated:         -                 0M (0%)            0M (0%)            9M (0%)     
[55.025s][info][gc,heap     ] GC(16) O: Reclaimed:         -                  -                 0M (0%)           15M (0%)     
[55.025s][info][gc,heap     ] GC(16) O: Compacted:         -                  -                  -                 2M (0%)     
[55.025s][info][gc,phases   ] GC(16) O: Old Generation 532M(13%)->562M(14%) 0.161s
[55.025s][info][gc          ] GC(16) Major Collection (System.gc()) 1478M(36%)->562M(14%) 0.173s
[60.027s][info][gc          ] GC(17) Major Collection (System.gc())
[60.027s][info][gc,task     ] GC(17) Using 4 Workers for Young Generation
[60.027s][info][gc,task     ] GC(17) Using 4 Workers for Old Generation
[60.027s][info][gc,phases   ] GC(17) Y: Young Generation (Promote All)
[60.027s][info][gc,phases   ] GC(17) Y: Pause Mark Start 0.012ms
[60.027s][info][safepoint   ] Safepoint "ZMarkStartYoung", Time since last: 5003301200 ns, Reaching safepoint: 5000 ns, At safepoint: 31000 ns, Leaving safepoint: 2600 ns, Total: 38600 ns, Threads: 0 runnable, 62 total
[60.032s][info][gc,phases   ] GC(17) Y: Concurrent Mark 5.552ms
[60.033s][info][gc,phases   ] GC(17) Y: Pause Mark End 0.039ms
[60.033s][info][safepoint   ] Safepoint "ZMarkEndYoung", Time since last: 5597700 ns, Reaching safepoint: 52000 ns, At safepoint: 59100 ns, Leaving safepoint: 3300 ns, Total: 114400 ns, Threads: 1 runnable, 62 total
[60.033s][info][gc,phases   ] GC(17) Y: Concurrent Mark Free 0.001ms
[60.033s][info][gc,phases   ] GC(17) Y: Concurrent Reset Relocation Set 0.000ms
[60.033s][info][gc,reloc    ] GC(17) Y: Using tenuring threshold: 0 (Promote All)
[60.033s][info][gc,phases   ] GC(17) Y: Concurrent Select Relocation Set 0.283ms
[60.033s][info][gc,phases   ] GC(17) Y: Pause Relocate Start 0.006ms
[60.033s][info][safepoint   ] Safepoint "ZRelocateStartYoung", Time since last: 354100 ns, Reaching safepoint: 2000 ns, At safepoint: 25600 ns, Leaving safepoint: 3000 ns, Total: 30600 ns, Threads: 0 runnable, 62 total
[60.034s][info][gc,phases   ] GC(17) Y: Concurrent Relocate 0.853ms
[60.034s][info][gc,alloc    ] GC(17) Y:                         Mark Start        Mark End      Relocate Start    Relocate End   
[60.034s][info][gc,alloc    ] GC(17) Y: Allocation Stalls:          0                0                0                0         
[60.034s][info][gc,load     ] GC(17) Y: Load: 0.00 (0%) / 0.00 (0%) / 0.00 (0%)
[60.034s][info][gc,mmu      ] GC(17) Y: MMU: 2ms/97.7%, 5ms/99.1%, 10ms/99.4%, 20ms/99.7%, 50ms/99.9%, 100ms/99.9%
[60.034s][info][gc,marking  ] GC(17) Y: Mark: 4 stripe(s), 2 proactive flush(es), 1 terminate flush(es), 0 completion(s), 0 continuation(s) 
[60.034s][info][gc,nmethod  ] GC(17) Y: NMethods: 6441 registered, 742 unregistered
[60.034s][info][gc,metaspace] GC(17) Y: Metaspace: 152M used, 153M committed, 1216M reserved
[60.034s][info][gc,reloc    ] GC(17) Y:                        Candidates     Selected     In-Place         Size        Empty    Relocated 
[60.034s][info][gc,reloc    ] GC(17) Y: Small Pages:                  467           73            0         934M         786M           0M 
[60.034s][info][gc,reloc    ] GC(17) Y: Medium Pages:                   0            0            0           0M           0M           0M 
[60.034s][info][gc,reloc    ] GC(17) Y: Large Pages:                    0            0            0           0M           0M           0M 
[60.034s][info][gc,reloc    ] GC(17) Y: Forwarding Usage: 0M
[60.034s][info][gc,reloc    ] GC(17) Y: Age Table:
[60.034s][info][gc,reloc    ] GC(17) Y:                    Live             Garbage             Small              Medium             Large        
[60.034s][info][gc,reloc    ] GC(17) Y: Eden               0M (0%)          931M (23%)        466 / 73             0 / 0              0 / 0        
[60.034s][info][gc,reloc    ] GC(17) Y: Survivor 1          -                 2M (0%)           1 / 0              0 / 0              0 / 0        
[60.034s][info][gc,heap     ] GC(17) Y: Min Capacity: 8M(0%)
[60.034s][info][gc,heap     ] GC(17) Y: Max Capacity: 4096M(100%)
[60.034s][info][gc,heap     ] GC(17) Y: Soft Max Capacity: 4096M(100%)
[60.034s][info][gc,heap     ] GC(17) Y: Heap Statistics:
[60.034s][info][gc,heap     ] GC(17) Y:                Mark Start          Mark End        Relocate Start      Relocate End           High               Low         
[60.034s][info][gc,heap     ] GC(17) Y:  Capacity:     3864M (94%)        3864M (94%)        3864M (94%)        3864M (94%)        3864M (94%)        3864M (94%)    
[60.034s][info][gc,heap     ] GC(17) Y:      Free:     2644M (65%)        2638M (64%)        3424M (84%)        3562M (87%)        3562M (87%)        2638M (64%)    
[60.034s][info][gc,heap     ] GC(17) Y:      Used:     1452M (35%)        1458M (36%)         672M (16%)         534M (13%)        1458M (36%)         534M (13%)    
[60.034s][info][gc,heap     ] GC(17) Y: Young Generation Statistics:
[60.034s][info][gc,heap     ] GC(17) Y:                Mark Start          Mark End        Relocate Start      Relocate End    
[60.034s][info][gc,heap     ] GC(17) Y:      Used:      934M (23%)         940M (23%)         154M (4%)            6M (0%)     
[60.034s][info][gc,heap     ] GC(17) Y:      Live:         -                 0M (0%)            0M (0%)            0M (0%)     
[60.034s][info][gc,heap     ] GC(17) Y:   Garbage:         -               933M (23%)         147M (4%)            0M (0%)     
[60.034s][info][gc,heap     ] GC(17) Y: Allocated:         -                 6M (0%)            6M (0%)            6M (0%)     
[60.034s][info][gc,heap     ] GC(17) Y: Reclaimed:         -                  -               786M (19%)         933M (23%)    
[60.034s][info][gc,heap     ] GC(17) Y:  Promoted:         -                  -                 0M (0%)            0M (0%)     
[60.034s][info][gc,heap     ] GC(17) Y: Compacted:         -                  -                  -                 0M (0%)     
[60.034s][info][gc,phases   ] GC(17) Y: Young Generation (Promote All) 1452M(35%)->534M(13%) 0.007s
[60.034s][info][gc,phases   ] GC(17) Y: Young Generation (Collect Roots)
[60.034s][info][gc,phases   ] GC(17) Y: Pause Mark Start (Major) 0.008ms
[60.034s][info][safepoint   ] Safepoint "ZMarkStartYoungAndOld", Time since last: 1352500 ns, Reaching safepoint: 2100 ns, At safepoint: 27300 ns, Leaving safepoint: 2000 ns, Total: 31400 ns, Threads: 0 runnable, 62 total
[60.039s][info][gc,phases   ] GC(17) Y: Concurrent Mark 4.269ms
[60.039s][info][gc,phases   ] GC(17) Y: Pause Mark End 0.009ms
[60.039s][info][safepoint   ] Safepoint "ZMarkEndYoung", Time since last: 4315400 ns, Reaching safepoint: 2800 ns, At safepoint: 31200 ns, Leaving safepoint: 2700 ns, Total: 36700 ns, Threads: 0 runnable, 62 total
[60.039s][info][gc,phases   ] GC(17) Y: Concurrent Mark Free 0.001ms
[60.039s][info][gc,phases   ] GC(17) Y: Concurrent Reset Relocation Set 0.001ms
[60.039s][info][gc,reloc    ] GC(17) Y: Using tenuring threshold: 1 (Computed)
[60.039s][info][gc,phases   ] GC(17) Y: Concurrent Select Relocation Set 0.148ms
[60.039s][info][gc,phases   ] GC(17) Y: Pause Relocate Start 0.008ms
[60.039s][info][safepoint   ] Safepoint "ZRelocateStartYoung", Time since last: 211600 ns, Reaching safepoint: 2300 ns, At safepoint: 59900 ns, Leaving safepoint: 4700 ns, Total: 66900 ns, Threads: 0 runnable, 62 total
[60.039s][info][gc,phases   ] GC(17) Y: Concurrent Relocate 0.035ms
[60.039s][info][gc,alloc    ] GC(17) Y:                         Mark Start        Mark End      Relocate Start    Relocate End   
[60.039s][info][gc,alloc    ] GC(17) Y: Allocation Stalls:          0                0                0                0         
[60.039s][info][gc,load     ] GC(17) Y: Load: 0.00 (0%) / 0.00 (0%) / 0.00 (0%)
[60.039s][info][gc,mmu      ] GC(17) Y: MMU: 2ms/97.3%, 5ms/98.9%, 10ms/99.3%, 20ms/99.6%, 50ms/99.8%, 100ms/99.9%
[60.039s][info][gc,marking  ] GC(17) Y: Mark: 4 stripe(s), 3 proactive flush(es), 1 terminate flush(es), 0 completion(s), 0 continuation(s) 
[60.039s][info][gc,nmethod  ] GC(17) Y: NMethods: 6441 registered, 742 unregistered
[60.039s][info][gc,metaspace] GC(17) Y: Metaspace: 152M used, 153M committed, 1216M reserved
[60.039s][info][gc,reloc    ] GC(17) Y:                        Candidates     Selected     In-Place         Size        Empty    Relocated 
[60.039s][info][gc,reloc    ] GC(17) Y: Small Pages:                    3            0            0           6M           4M           0M 
[60.039s][info][gc,reloc    ] GC(17) Y: Medium Pages:                   0            0            0           0M           0M           0M 
[60.039s][info][gc,reloc    ] GC(17) Y: Large Pages:                    0            0            0           0M           0M           0M 
[60.039s][info][gc,reloc    ] GC(17) Y: Forwarding Usage: 0M
[60.039s][info][gc,reloc    ] GC(17) Y: Age Table:
[60.039s][info][gc,reloc    ] GC(17) Y:                    Live             Garbage             Small              Medium             Large        
[60.039s][info][gc,reloc    ] GC(17) Y: Eden               0M (0%)            5M (0%)           3 / 0              0 / 0              0 / 0        
[60.039s][info][gc,heap     ] GC(17) Y: Min Capacity: 8M(0%)
[60.039s][info][gc,heap     ] GC(17) Y: Max Capacity: 4096M(100%)
[60.039s][info][gc,heap     ] GC(17) Y: Soft Max Capacity: 4096M(100%)
[60.039s][info][gc,heap     ] GC(17) Y: Heap Statistics:
[60.039s][info][gc,heap     ] GC(17) Y:                Mark Start          Mark End        Relocate Start      Relocate End           High               Low         
[60.039s][info][gc,heap     ] GC(17) Y:  Capacity:     3864M (94%)        3864M (94%)        3864M (94%)        3864M (94%)        3864M (94%)        3864M (94%)    
[60.039s][info][gc,heap     ] GC(17) Y:      Free:     3562M (87%)        3556M (87%)        3560M (87%)        3560M (87%)        3562M (87%)        3556M (87%)    
[60.039s][info][gc,heap     ] GC(17) Y:      Used:      534M (13%)         540M (13%)         536M (13%)         536M (13%)         540M (13%)         534M (13%)    
[60.039s][info][gc,heap     ] GC(17) Y: Young Generation Statistics:
[60.039s][info][gc,heap     ] GC(17) Y:                Mark Start          Mark End        Relocate Start      Relocate End    
[60.039s][info][gc,heap     ] GC(17) Y:      Used:        6M (0%)           12M (0%)            8M (0%)            8M (0%)     
[60.039s][info][gc,heap     ] GC(17) Y:      Live:         -                 0M (0%)            0M (0%)            0M (0%)     
[60.039s][info][gc,heap     ] GC(17) Y:   Garbage:         -                 5M (0%)            1M (0%)            1M (0%)     
[60.039s][info][gc,heap     ] GC(17) Y: Allocated:         -                 6M (0%)            6M (0%)            6M (0%)     
[60.039s][info][gc,heap     ] GC(17) Y: Reclaimed:         -                  -                 4M (0%)            4M (0%)     
[60.039s][info][gc,heap     ] GC(17) Y:  Promoted:         -                  -                 0M (0%)            0M (0%)     
[60.039s][info][gc,heap     ] GC(17) Y: Compacted:         -                  -                  -                 0M (0%)     
[60.039s][info][gc,phases   ] GC(17) Y: Young Generation (Collect Roots) 534M(13%)->536M(13%) 0.005s
[60.039s][info][gc,phases   ] GC(17) O: Old Generation
[60.194s][info][gc,phases   ] GC(17) O: Concurrent Mark 155.007ms
[60.194s][info][gc,phases   ] GC(17) O: Pause Mark End 0.013ms
[60.194s][info][safepoint   ] Safepoint "ZMarkEndOld", Time since last: 155388200 ns, Reaching safepoint: 3100 ns, At safepoint: 33300 ns, Leaving safepoint: 4000 ns, Total: 40400 ns, Threads: 1 runnable, 62 total
[60.194s][info][gc,phases   ] GC(17) O: Concurrent Mark Free 0.002ms
[60.198s][info][gc,phases   ] GC(17) O: Concurrent Process Non-Strong 3.365ms
[60.198s][info][gc,phases   ] GC(17) O: Concurrent Reset Relocation Set 0.001ms
[60.198s][info][gc,phases   ] GC(17) O: Concurrent Select Relocation Set 0.272ms
[60.198s][info][gc,task     ] GC(17) O: Using 4 Workers for Old Generation
[60.201s][info][gc,task     ] GC(17) O: Using 4 Workers for Old Generation
[60.202s][info][gc,phases   ] GC(17) O: Concurrent Remap Roots 3.405ms
[60.202s][info][gc,phases   ] GC(17) O: Pause Relocate Start 0.010ms
[60.202s][info][safepoint   ] Safepoint "ZRelocateStartOld", Time since last: 7136200 ns, Reaching safepoint: 13100 ns, At safepoint: 30300 ns, Leaving safepoint: 3800 ns, Total: 47200 ns, Threads: 1 runnable, 62 total
[60.203s][info][gc,phases   ] GC(17) O: Concurrent Relocate 1.228ms
[60.203s][info][gc,alloc    ] GC(17) O:                         Mark Start        Mark End      Relocate Start    Relocate End   
[60.203s][info][gc,alloc    ] GC(17) O: Allocation Stalls:          0                0                0                0         
[60.203s][info][gc,load     ] GC(17) O: Load: 0.00 (0%) / 0.00 (0%) / 0.00 (0%)
[60.203s][info][gc,mmu      ] GC(17) O: MMU: 2ms/97.3%, 5ms/98.9%, 10ms/99.3%, 20ms/99.6%, 50ms/99.8%, 100ms/99.9%
[60.203s][info][gc,marking  ] GC(17) O: Mark: 4 stripe(s), 5 proactive flush(es), 1 terminate flush(es), 0 completion(s), 0 continuation(s) 
[60.203s][info][gc,nmethod  ] GC(17) O: NMethods: 6420 registered, 768 unregistered
[60.203s][info][gc,metaspace] GC(17) O: Metaspace: 152M used, 153M committed, 1216M reserved
[60.203s][info][gc,ref      ] GC(17) O:                       Encountered   Discovered     Enqueued 
[60.203s][info][gc,ref      ] GC(17) O: Soft References:             5375            0            0 
[60.203s][info][gc,ref      ] GC(17) O: Weak References:            36606        19901            0 
[60.203s][info][gc,ref      ] GC(17) O: Final References:              55            0            0 
[60.203s][info][gc,ref      ] GC(17) O: Phantom References:          1253          770            9 
[60.203s][info][gc,reloc    ] GC(17) O:                        Candidates     Selected     In-Place         Size        Empty    Relocated 
[60.203s][info][gc,reloc    ] GC(17) O: Small Pages:                  242            9            0         484M           0M           2M 
[60.203s][info][gc,reloc    ] GC(17) O: Medium Pages:                   1            0            0          32M           0M           0M 
[60.203s][info][gc,reloc    ] GC(17) O: Large Pages:                    1            0            0          12M           0M           0M 
[60.203s][info][gc,reloc    ] GC(17) O: Forwarding Usage: 1M
[60.203s][info][gc,heap     ] GC(17) O: Min Capacity: 8M(0%)
[60.203s][info][gc,heap     ] GC(17) O: Max Capacity: 4096M(100%)
[60.203s][info][gc,heap     ] GC(17) O: Soft Max Capacity: 4096M(100%)
[60.203s][info][gc,heap     ] GC(17) O: Heap Statistics:
[60.203s][info][gc,heap     ] GC(17) O:                Mark Start          Mark End        Relocate Start      Relocate End           High               Low         
[60.203s][info][gc,heap     ] GC(17) O:  Capacity:     3864M (94%)        3864M (94%)        3864M (94%)        3864M (94%)        3864M (94%)        3864M (94%)    
[60.203s][info][gc,heap     ] GC(17) O:      Free:     3562M (87%)        3526M (86%)        3524M (86%)        3536M (86%)        3562M (87%)        3514M (86%)    
[60.203s][info][gc,heap     ] GC(17) O:      Used:      534M (13%)         570M (14%)         572M (14%)         560M (14%)         582M (14%)         534M (13%)    
[60.203s][info][gc,heap     ] GC(17) O: Old Generation Statistics:
[60.203s][info][gc,heap     ] GC(17) O:                Mark Start          Mark End        Relocate Start      Relocate End    
[60.203s][info][gc,heap     ] GC(17) O:      Used:      528M (13%)         528M (13%)         528M (13%)         516M (13%)    
[60.203s][info][gc,heap     ] GC(17) O:      Live:         -               487M (12%)         487M (12%)         487M (12%)    
[60.203s][info][gc,heap     ] GC(17) O:   Garbage:         -                40M (1%)           40M (1%)           21M (1%)     
[60.203s][info][gc,heap     ] GC(17) O: Allocated:         -                 0M (0%)            0M (0%)            6M (0%)     
[60.203s][info][gc,heap     ] GC(17) O: Reclaimed:         -                  -                 0M (0%)           18M (0%)     
[60.203s][info][gc,heap     ] GC(17) O: Compacted:         -                  -                  -                 3M (0%)     
[60.203s][info][gc,phases   ] GC(17) O: Old Generation 536M(13%)->560M(14%) 0.164s
[60.203s][info][gc          ] GC(17) Major Collection (System.gc()) 1452M(35%)->560M(14%) 0.176s
[65.204s][info][gc          ] GC(18) Major Collection (System.gc())
[65.204s][info][gc,task     ] GC(18) Using 4 Workers for Young Generation
[65.204s][info][gc,task     ] GC(18) Using 4 Workers for Old Generation
[65.204s][info][gc,phases   ] GC(18) Y: Young Generation (Promote All)
[65.204s][info][gc,phases   ] GC(18) Y: Pause Mark Start 0.011ms
[65.204s][info][safepoint   ] Safepoint "ZMarkStartYoung", Time since last: 5002787600 ns, Reaching safepoint: 25600 ns, At safepoint: 33700 ns, Leaving safepoint: 3000 ns, Total: 62300 ns, Threads: 1 runnable, 62 total
[65.210s][info][gc,phases   ] GC(18) Y: Concurrent Mark 5.524ms
[65.210s][info][gc,phases   ] GC(18) Y: Pause Mark End 0.009ms
[65.210s][info][safepoint   ] Safepoint "ZMarkEndYoung", Time since last: 5572500 ns, Reaching safepoint: 2800 ns, At safepoint: 29300 ns, Leaving safepoint: 3600 ns, Total: 35700 ns, Threads: 0 runnable, 62 total
[65.210s][info][gc,phases   ] GC(18) Y: Concurrent Mark Free 0.002ms
[65.210s][info][gc,phases   ] GC(18) Y: Concurrent Reset Relocation Set 0.000ms
[65.210s][info][gc,reloc    ] GC(18) Y: Using tenuring threshold: 0 (Promote All)
[65.210s][info][gc,phases   ] GC(18) Y: Concurrent Select Relocation Set 0.260ms
[65.210s][info][gc,phases   ] GC(18) Y: Pause Relocate Start 0.006ms
[65.210s][info][safepoint   ] Safepoint "ZRelocateStartYoung", Time since last: 334100 ns, Reaching safepoint: 1900 ns, At safepoint: 26100 ns, Leaving safepoint: 2200 ns, Total: 30200 ns, Threads: 0 runnable, 62 total
[65.211s][info][gc,phases   ] GC(18) Y: Concurrent Relocate 0.915ms
[65.211s][info][gc,alloc    ] GC(18) Y:                         Mark Start        Mark End      Relocate Start    Relocate End   
[65.211s][info][gc,alloc    ] GC(18) Y: Allocation Stalls:          0                0                0                0         
[65.211s][info][gc,load     ] GC(18) Y: Load: 0.00 (0%) / 0.00 (0%) / 0.00 (0%)
[65.211s][info][gc,mmu      ] GC(18) Y: MMU: 2ms/97.3%, 5ms/98.9%, 10ms/99.3%, 20ms/99.6%, 50ms/99.8%, 100ms/99.9%
[65.211s][info][gc,marking  ] GC(18) Y: Mark: 4 stripe(s), 2 proactive flush(es), 1 terminate flush(es), 0 completion(s), 0 continuation(s) 
[65.211s][info][gc,nmethod  ] GC(18) Y: NMethods: 6478 registered, 768 unregistered
[65.211s][info][gc,metaspace] GC(18) Y: Metaspace: 152M used, 153M committed, 1216M reserved
[65.211s][info][gc,reloc    ] GC(18) Y:                        Candidates     Selected     In-Place         Size        Empty    Relocated 
[65.211s][info][gc,reloc    ] GC(18) Y: Small Pages:                  468           77            0         936M         780M           0M 
[65.211s][info][gc,reloc    ] GC(18) Y: Medium Pages:                   0            0            0           0M           0M           0M 
[65.211s][info][gc,reloc    ] GC(18) Y: Large Pages:                    0            0            0           0M           0M           0M 
[65.211s][info][gc,reloc    ] GC(18) Y: Forwarding Usage: 0M
[65.211s][info][gc,reloc    ] GC(18) Y: Age Table:
[65.211s][info][gc,reloc    ] GC(18) Y:                    Live             Garbage             Small              Medium             Large        
[65.211s][info][gc,reloc    ] GC(18) Y: Eden               0M (0%)          933M (23%)        467 / 77             0 / 0              0 / 0        
[65.211s][info][gc,reloc    ] GC(18) Y: Survivor 1          -                 2M (0%)           1 / 0              0 / 0              0 / 0        
[65.211s][info][gc,heap     ] GC(18) Y: Min Capacity: 8M(0%)
[65.211s][info][gc,heap     ] GC(18) Y: Max Capacity: 4096M(100%)
[65.211s][info][gc,heap     ] GC(18) Y: Soft Max Capacity: 4096M(100%)
[65.211s][info][gc,heap     ] GC(18) Y: Heap Statistics:
[65.211s][info][gc,heap     ] GC(18) Y:                Mark Start          Mark End        Relocate Start      Relocate End           High               Low         
[65.211s][info][gc,heap     ] GC(18) Y:  Capacity:     3864M (94%)        3864M (94%)        3864M (94%)        3864M (94%)        3864M (94%)        3864M (94%)    
[65.212s][info][gc,heap     ] GC(18) Y:      Free:     2644M (65%)        2636M (64%)        3416M (83%)        3562M (87%)        3562M (87%)        2636M (64%)    
[65.212s][info][gc,heap     ] GC(18) Y:      Used:     1452M (35%)        1460M (36%)         680M (17%)         534M (13%)        1460M (36%)         534M (13%)    
[65.212s][info][gc,heap     ] GC(18) Y: Young Generation Statistics:
[65.212s][info][gc,heap     ] GC(18) Y:                Mark Start          Mark End        Relocate Start      Relocate End    
[65.212s][info][gc,heap     ] GC(18) Y:      Used:      936M (23%)         944M (23%)         164M (4%)            8M (0%)     
[65.212s][info][gc,heap     ] GC(18) Y:      Live:         -                 0M (0%)            0M (0%)            0M (0%)     
[65.212s][info][gc,heap     ] GC(18) Y:   Garbage:         -               935M (23%)         155M (4%)            0M (0%)     
[65.212s][info][gc,heap     ] GC(18) Y: Allocated:         -                 8M (0%)            8M (0%)            8M (0%)     
[65.212s][info][gc,heap     ] GC(18) Y: Reclaimed:         -                  -               780M (19%)         935M (23%)    
[65.212s][info][gc,heap     ] GC(18) Y:  Promoted:         -                  -                 0M (0%)            0M (0%)     
[65.212s][info][gc,heap     ] GC(18) Y: Compacted:         -                  -                  -                 0M (0%)     
[65.212s][info][gc,phases   ] GC(18) Y: Young Generation (Promote All) 1452M(35%)->534M(13%) 0.007s
[65.212s][info][gc,phases   ] GC(18) Y: Young Generation (Collect Roots)
[65.212s][info][gc,phases   ] GC(18) Y: Pause Mark Start (Major) 0.008ms
[65.212s][info][safepoint   ] Safepoint "ZMarkStartYoungAndOld", Time since last: 1208000 ns, Reaching safepoint: 2100 ns, At safepoint: 26800 ns, Leaving safepoint: 2000 ns, Total: 30900 ns, Threads: 0 runnable, 62 total
[65.216s][info][gc,phases   ] GC(18) Y: Concurrent Mark 4.305ms
[65.216s][info][gc,phases   ] GC(18) Y: Pause Mark End 0.007ms
[65.216s][info][safepoint   ] Safepoint "ZMarkEndYoung", Time since last: 4348500 ns, Reaching safepoint: 1600 ns, At safepoint: 25800 ns, Leaving safepoint: 2200 ns, Total: 29600 ns, Threads: 0 runnable, 62 total
[65.216s][info][gc,phases   ] GC(18) Y: Concurrent Mark Free 0.001ms
[65.216s][info][gc,phases   ] GC(18) Y: Concurrent Reset Relocation Set 0.001ms
[65.216s][info][gc,reloc    ] GC(18) Y: Using tenuring threshold: 1 (Computed)
[65.216s][info][gc,phases   ] GC(18) Y: Concurrent Select Relocation Set 0.137ms
[65.216s][info][gc,phases   ] GC(18) Y: Pause Relocate Start 0.004ms
[65.216s][info][safepoint   ] Safepoint "ZRelocateStartYoung", Time since last: 211100 ns, Reaching safepoint: 1000 ns, At safepoint: 14300 ns, Leaving safepoint: 1800 ns, Total: 17100 ns, Threads: 0 runnable, 62 total
[65.216s][info][gc,phases   ] GC(18) Y: Concurrent Relocate 0.073ms
[65.216s][info][gc,alloc    ] GC(18) Y:                         Mark Start        Mark End      Relocate Start    Relocate End   
[65.216s][info][gc,alloc    ] GC(18) Y: Allocation Stalls:          0                0                0                0         
[65.216s][info][gc,load     ] GC(18) Y: Load: 0.00 (0%) / 0.00 (0%) / 0.00 (0%)
[65.216s][info][gc,mmu      ] GC(18) Y: MMU: 2ms/97.3%, 5ms/98.9%, 10ms/99.3%, 20ms/99.6%, 50ms/99.8%, 100ms/99.9%
[65.216s][info][gc,marking  ] GC(18) Y: Mark: 4 stripe(s), 3 proactive flush(es), 1 terminate flush(es), 0 completion(s), 0 continuation(s) 
[65.216s][info][gc,nmethod  ] GC(18) Y: NMethods: 6478 registered, 768 unregistered
[65.216s][info][gc,metaspace] GC(18) Y: Metaspace: 152M used, 153M committed, 1216M reserved
[65.216s][info][gc,reloc    ] GC(18) Y:                        Candidates     Selected     In-Place         Size        Empty    Relocated 
[65.216s][info][gc,reloc    ] GC(18) Y: Small Pages:                    4            1            0           8M           4M           0M 
[65.216s][info][gc,reloc    ] GC(18) Y: Medium Pages:                   0            0            0           0M           0M           0M 
[65.216s][info][gc,reloc    ] GC(18) Y: Large Pages:                    0            0            0           0M           0M           0M 
[65.216s][info][gc,reloc    ] GC(18) Y: Forwarding Usage: 0M
[65.216s][info][gc,reloc    ] GC(18) Y: Age Table:
[65.216s][info][gc,reloc    ] GC(18) Y:                    Live             Garbage             Small              Medium             Large        
[65.216s][info][gc,reloc    ] GC(18) Y: Eden               0M (0%)            7M (0%)           4 / 1              0 / 0              0 / 0        
[65.216s][info][gc,heap     ] GC(18) Y: Min Capacity: 8M(0%)
[65.216s][info][gc,heap     ] GC(18) Y: Max Capacity: 4096M(100%)
[65.216s][info][gc,heap     ] GC(18) Y: Soft Max Capacity: 4096M(100%)
[65.216s][info][gc,heap     ] GC(18) Y: Heap Statistics:
[65.216s][info][gc,heap     ] GC(18) Y:                Mark Start          Mark End        Relocate Start      Relocate End           High               Low         
[65.216s][info][gc,heap     ] GC(18) Y:  Capacity:     3864M (94%)        3864M (94%)        3864M (94%)        3864M (94%)        3864M (94%)        3864M (94%)    
[65.216s][info][gc,heap     ] GC(18) Y:      Free:     3562M (87%)        3556M (87%)        3560M (87%)        3560M (87%)        3562M (87%)        3556M (87%)    
[65.217s][info][gc,heap     ] GC(18) Y:      Used:      534M (13%)         540M (13%)         536M (13%)         536M (13%)         540M (13%)         534M (13%)    
[65.217s][info][gc,heap     ] GC(18) Y: Young Generation Statistics:
[65.217s][info][gc,heap     ] GC(18) Y:                Mark Start          Mark End        Relocate Start      Relocate End    
[65.217s][info][gc,heap     ] GC(18) Y:      Used:        8M (0%)           14M (0%)           10M (0%)           10M (0%)     
[65.217s][info][gc,heap     ] GC(18) Y:      Live:         -                 0M (0%)            0M (0%)            0M (0%)     
[65.217s][info][gc,heap     ] GC(18) Y:   Garbage:         -                 7M (0%)            3M (0%)            0M (0%)     
[65.217s][info][gc,heap     ] GC(18) Y: Allocated:         -                 6M (0%)            6M (0%)            9M (0%)     
[65.217s][info][gc,heap     ] GC(18) Y: Reclaimed:         -                  -                 4M (0%)            7M (0%)     
[65.217s][info][gc,heap     ] GC(18) Y:  Promoted:         -                  -                 0M (0%)            0M (0%)     
[65.217s][info][gc,heap     ] GC(18) Y: Compacted:         -                  -                  -                 0M (0%)     
[65.217s][info][gc,phases   ] GC(18) Y: Young Generation (Collect Roots) 534M(13%)->536M(13%) 0.005s
[65.217s][info][gc,phases   ] GC(18) O: Old Generation
[65.397s][info][gc,phases   ] GC(18) O: Concurrent Mark 180.506ms
[65.397s][info][gc,phases   ] GC(18) O: Pause Mark End 0.017ms
[65.397s][info][safepoint   ] Safepoint "ZMarkEndOld", Time since last: 180896500 ns, Reaching safepoint: 3900 ns, At safepoint: 41400 ns, Leaving safepoint: 2600 ns, Total: 47900 ns, Threads: 0 runnable, 62 total
[65.397s][info][gc,phases   ] GC(18) O: Concurrent Mark Free 0.002ms
[65.403s][info][gc,phases   ] GC(18) O: Concurrent Process Non-Strong 5.740ms
[65.403s][info][gc,phases   ] GC(18) O: Concurrent Reset Relocation Set 0.001ms
[65.403s][info][gc,phases   ] GC(18) O: Concurrent Select Relocation Set 0.325ms
[65.403s][info][gc,task     ] GC(18) O: Using 4 Workers for Old Generation
[65.407s][info][gc,task     ] GC(18) O: Using 4 Workers for Old Generation
[65.407s][info][gc,phases   ] GC(18) O: Concurrent Remap Roots 3.354ms
[65.407s][info][gc,phases   ] GC(18) O: Pause Relocate Start 0.009ms
[65.407s][info][safepoint   ] Safepoint "ZRelocateStartOld", Time since last: 9544800 ns, Reaching safepoint: 3900 ns, At safepoint: 29900 ns, Leaving safepoint: 3600 ns, Total: 37400 ns, Threads: 0 runnable, 62 total
[65.410s][info][gc,phases   ] GC(18) O: Concurrent Relocate 2.831ms
[65.410s][info][gc,alloc    ] GC(18) O:                         Mark Start        Mark End      Relocate Start    Relocate End   
[65.410s][info][gc,alloc    ] GC(18) O: Allocation Stalls:          0                0                0                0         
[65.410s][info][gc,load     ] GC(18) O: Load: 0.00 (0%) / 0.00 (0%) / 0.00 (0%)
[65.410s][info][gc,mmu      ] GC(18) O: MMU: 2ms/97.3%, 5ms/98.9%, 10ms/99.3%, 20ms/99.6%, 50ms/99.8%, 100ms/99.9%
[65.410s][info][gc,marking  ] GC(18) O: Mark: 4 stripe(s), 10 proactive flush(es), 1 terminate flush(es), 0 completion(s), 0 continuation(s) 
[65.410s][info][gc,nmethod  ] GC(18) O: NMethods: 5570 registered, 1676 unregistered
[65.410s][info][gc,metaspace] GC(18) O: Metaspace: 152M used, 153M committed, 1216M reserved
[65.410s][info][gc,ref      ] GC(18) O:                       Encountered   Discovered     Enqueued 
[65.410s][info][gc,ref      ] GC(18) O: Soft References:             5375            0            0 
[65.410s][info][gc,ref      ] GC(18) O: Weak References:            36606        13854            0 
[65.410s][info][gc,ref      ] GC(18) O: Final References:              55            0            0 
[65.410s][info][gc,ref      ] GC(18) O: Phantom References:          1251          743            7 
[65.410s][info][gc,reloc    ] GC(18) O:                        Candidates     Selected     In-Place         Size        Empty    Relocated 
[65.410s][info][gc,reloc    ] GC(18) O: Small Pages:                  241            8            0         482M           0M           2M 
[65.410s][info][gc,reloc    ] GC(18) O: Medium Pages:                   1            0            0          32M           0M           0M 
[65.410s][info][gc,reloc    ] GC(18) O: Large Pages:                    1            0            0          12M           0M           0M 
[65.410s][info][gc,reloc    ] GC(18) O: Forwarding Usage: 1M
[65.410s][info][gc,heap     ] GC(18) O: Min Capacity: 8M(0%)
[65.410s][info][gc,heap     ] GC(18) O: Max Capacity: 4096M(100%)
[65.410s][info][gc,heap     ] GC(18) O: Soft Max Capacity: 4096M(100%)
[65.410s][info][gc,heap     ] GC(18) O: Heap Statistics:
[65.410s][info][gc,heap     ] GC(18) O:                Mark Start          Mark End        Relocate Start      Relocate End           High               Low         
[65.410s][info][gc,heap     ] GC(18) O:  Capacity:     3864M (94%)        3864M (94%)        3864M (94%)        3864M (94%)        3864M (94%)        3864M (94%)    
[65.410s][info][gc,heap     ] GC(18) O:      Free:     3562M (87%)        3522M (86%)        3522M (86%)        3528M (86%)        3562M (87%)        3512M (86%)    
[65.410s][info][gc,heap     ] GC(18) O:      Used:      534M (13%)         574M (14%)         574M (14%)         568M (14%)         584M (14%)         534M (13%)    
[65.410s][info][gc,heap     ] GC(18) O: Old Generation Statistics:
[65.410s][info][gc,heap     ] GC(18) O:                Mark Start          Mark End        Relocate Start      Relocate End    
[65.410s][info][gc,heap     ] GC(18) O:      Used:      526M (13%)         526M (13%)         526M (13%)         518M (13%)    
[65.410s][info][gc,heap     ] GC(18) O:      Live:         -               487M (12%)         487M (12%)         487M (12%)    
[65.410s][info][gc,heap     ] GC(18) O:   Garbage:         -                38M (1%)           38M (1%)           21M (1%)     
[65.410s][info][gc,heap     ] GC(18) O: Allocated:         -                 0M (0%)            0M (0%)            8M (0%)     
[65.410s][info][gc,heap     ] GC(18) O: Reclaimed:         -                  -                 0M (0%)           16M (0%)     
[65.410s][info][gc,heap     ] GC(18) O: Compacted:         -                  -                  -                 3M (0%)     
[65.410s][info][gc,phases   ] GC(18) O: Old Generation 536M(13%)->568M(14%) 0.193s
[65.410s][info][gc          ] GC(18) Major Collection (System.gc()) 1452M(35%)->568M(14%) 0.206s
[70.412s][info][gc          ] GC(19) Major Collection (System.gc())
[70.412s][info][gc,task     ] GC(19) Using 4 Workers for Young Generation
[70.412s][info][gc,task     ] GC(19) Using 4 Workers for Old Generation
[70.412s][info][gc,phases   ] GC(19) Y: Young Generation (Promote All)
[70.412s][info][gc,phases   ] GC(19) Y: Pause Mark Start 0.012ms
[70.412s][info][safepoint   ] Safepoint "ZMarkStartYoung", Time since last: 5004842300 ns, Reaching safepoint: 15700 ns, At safepoint: 35100 ns, Leaving safepoint: 4400 ns, Total: 55200 ns, Threads: 1 runnable, 62 total
[70.417s][info][gc,phases   ] GC(19) Y: Concurrent Mark 5.191ms
[70.417s][info][gc,phases   ] GC(19) Y: Pause Mark End 0.008ms
[70.417s][info][safepoint   ] Safepoint "ZMarkEndYoung", Time since last: 5235700 ns, Reaching safepoint: 1900 ns, At safepoint: 27800 ns, Leaving safepoint: 3600 ns, Total: 33300 ns, Threads: 0 runnable, 62 total
[70.417s][info][gc,phases   ] GC(19) Y: Concurrent Mark Free 0.002ms
[70.417s][info][gc,phases   ] GC(19) Y: Concurrent Reset Relocation Set 0.001ms
[70.417s][info][gc,reloc    ] GC(19) Y: Using tenuring threshold: 0 (Promote All)
[70.417s][info][gc,phases   ] GC(19) Y: Concurrent Select Relocation Set 0.325ms
[70.417s][info][gc,phases   ] GC(19) Y: Pause Relocate Start 0.007ms
[70.417s][info][safepoint   ] Safepoint "ZRelocateStartYoung", Time since last: 401400 ns, Reaching safepoint: 12400 ns, At safepoint: 25500 ns, Leaving safepoint: 5000 ns, Total: 42900 ns, Threads: 1 runnable, 62 total
[70.418s][info][gc,phases   ] GC(19) Y: Concurrent Relocate 0.802ms
[70.418s][info][gc,alloc    ] GC(19) Y:                         Mark Start        Mark End      Relocate Start    Relocate End   
[70.418s][info][gc,alloc    ] GC(19) Y: Allocation Stalls:          0                0                0                0         
[70.418s][info][gc,load     ] GC(19) Y: Load: 0.00 (0%) / 0.00 (0%) / 0.00 (0%)
[70.418s][info][gc,mmu      ] GC(19) Y: MMU: 2ms/97.3%, 5ms/98.9%, 10ms/99.3%, 20ms/99.6%, 50ms/99.8%, 100ms/99.9%
[70.418s][info][gc,marking  ] GC(19) Y: Mark: 4 stripe(s), 2 proactive flush(es), 1 terminate flush(es), 0 completion(s), 0 continuation(s) 
[70.418s][info][gc,nmethod  ] GC(19) Y: NMethods: 5615 registered, 1676 unregistered
[70.418s][info][gc,metaspace] GC(19) Y: Metaspace: 152M used, 153M committed, 1216M reserved
[70.418s][info][gc,reloc    ] GC(19) Y:                        Candidates     Selected     In-Place         Size        Empty    Relocated 
[70.418s][info][gc,reloc    ] GC(19) Y: Small Pages:                  488           56            0         976M         862M           0M 
[70.418s][info][gc,reloc    ] GC(19) Y: Medium Pages:                   0            0            0           0M           0M           0M 
[70.418s][info][gc,reloc    ] GC(19) Y: Large Pages:                    0            0            0           0M           0M           0M 
[70.418s][info][gc,reloc    ] GC(19) Y: Forwarding Usage: 0M
[70.418s][info][gc,reloc    ] GC(19) Y: Age Table:
[70.418s][info][gc,reloc    ] GC(19) Y:                    Live             Garbage             Small              Medium             Large        
[70.418s][info][gc,reloc    ] GC(19) Y: Eden               0M (0%)          971M (24%)        486 / 56             0 / 0              0 / 0        
[70.418s][info][gc,reloc    ] GC(19) Y: Survivor 1          -                 4M (0%)           2 / 0              0 / 0              0 / 0        
[70.418s][info][gc,heap     ] GC(19) Y: Min Capacity: 8M(0%)
[70.418s][info][gc,heap     ] GC(19) Y: Max Capacity: 4096M(100%)
[70.418s][info][gc,heap     ] GC(19) Y: Soft Max Capacity: 4096M(100%)
[70.418s][info][gc,heap     ] GC(19) Y: Heap Statistics:
[70.418s][info][gc,heap     ] GC(19) Y:                Mark Start          Mark End        Relocate Start      Relocate End           High               Low         
[70.418s][info][gc,heap     ] GC(19) Y:  Capacity:     3864M (94%)        3864M (94%)        3864M (94%)        3864M (94%)        3864M (94%)        3864M (94%)    
[70.418s][info][gc,heap     ] GC(19) Y:      Free:     2602M (64%)        2596M (63%)        3456M (84%)        3558M (87%)        3558M (87%)        2596M (63%)    
[70.418s][info][gc,heap     ] GC(19) Y:      Used:     1494M (36%)        1500M (37%)         640M (16%)         538M (13%)        1500M (37%)         538M (13%)    
[70.418s][info][gc,heap     ] GC(19) Y: Young Generation Statistics:
[70.418s][info][gc,heap     ] GC(19) Y:                Mark Start          Mark End        Relocate Start      Relocate End    
[70.418s][info][gc,heap     ] GC(19) Y:      Used:      976M (24%)         982M (24%)         122M (3%)            8M (0%)     
[70.418s][info][gc,heap     ] GC(19) Y:      Live:         -                 0M (0%)            0M (0%)            0M (0%)     
[70.418s][info][gc,heap     ] GC(19) Y:   Garbage:         -               975M (24%)         113M (3%)            0M (0%)     
[70.418s][info][gc,heap     ] GC(19) Y: Allocated:         -                 6M (0%)            8M (0%)            8M (0%)     
[70.418s][info][gc,heap     ] GC(19) Y: Reclaimed:         -                  -               862M (21%)         975M (24%)    
[70.418s][info][gc,heap     ] GC(19) Y:  Promoted:         -                  -                 0M (0%)            0M (0%)     
[70.418s][info][gc,heap     ] GC(19) Y: Compacted:         -                  -                  -                 0M (0%)     
[70.418s][info][gc,phases   ] GC(19) Y: Young Generation (Promote All) 1494M(36%)->538M(13%) 0.007s
[70.418s][info][gc,phases   ] GC(19) Y: Young Generation (Collect Roots)
[70.419s][info][gc,phases   ] GC(19) Y: Pause Mark Start (Major) 0.007ms
[70.419s][info][safepoint   ] Safepoint "ZMarkStartYoungAndOld", Time since last: 1103000 ns, Reaching safepoint: 12400 ns, At safepoint: 26500 ns, Leaving safepoint: 4300 ns, Total: 43200 ns, Threads: 2 runnable, 62 total
[70.422s][info][gc,phases   ] GC(19) Y: Concurrent Mark 3.746ms
[70.422s][info][gc,phases   ] GC(19) Y: Pause Mark End 0.007ms
[70.422s][info][safepoint   ] Safepoint "ZMarkEndYoung", Time since last: 3786900 ns, Reaching safepoint: 1600 ns, At safepoint: 26000 ns, Leaving safepoint: 3300 ns, Total: 30900 ns, Threads: 1 runnable, 62 total
[70.422s][info][gc,phases   ] GC(19) Y: Concurrent Mark Free 0.001ms
[70.422s][info][gc,phases   ] GC(19) Y: Concurrent Reset Relocation Set 0.001ms
[70.422s][info][gc,reloc    ] GC(19) Y: Using tenuring threshold: 1 (Computed)
[70.423s][info][gc,phases   ] GC(19) Y: Concurrent Select Relocation Set 0.125ms
[70.423s][info][gc,phases   ] GC(19) Y: Pause Relocate Start 0.005ms
[70.423s][info][safepoint   ] Safepoint "ZRelocateStartYoung", Time since last: 194400 ns, Reaching safepoint: 1500 ns, At safepoint: 19900 ns, Leaving safepoint: 3300 ns, Total: 24700 ns, Threads: 0 runnable, 62 total
[70.423s][info][gc,phases   ] GC(19) Y: Concurrent Relocate 0.098ms
[70.423s][info][gc,alloc    ] GC(19) Y:                         Mark Start        Mark End      Relocate Start    Relocate End   
[70.423s][info][gc,alloc    ] GC(19) Y: Allocation Stalls:          0                0                0                0         
[70.423s][info][gc,load     ] GC(19) Y: Load: 0.00 (0%) / 0.00 (0%) / 0.00 (0%)
[70.423s][info][gc,mmu      ] GC(19) Y: MMU: 2ms/97.3%, 5ms/98.9%, 10ms/99.3%, 20ms/99.6%, 50ms/99.8%, 100ms/99.9%
[70.423s][info][gc,marking  ] GC(19) Y: Mark: 4 stripe(s), 2 proactive flush(es), 1 terminate flush(es), 0 completion(s), 0 continuation(s) 
[70.423s][info][gc,nmethod  ] GC(19) Y: NMethods: 5615 registered, 1676 unregistered
[70.423s][info][gc,metaspace] GC(19) Y: Metaspace: 152M used, 153M committed, 1216M reserved
[70.423s][info][gc,reloc    ] GC(19) Y:                        Candidates     Selected     In-Place         Size        Empty    Relocated 
[70.423s][info][gc,reloc    ] GC(19) Y: Small Pages:                    4            1            0           8M           4M           0M 
[70.423s][info][gc,reloc    ] GC(19) Y: Medium Pages:                   0            0            0           0M           0M           0M 
[70.423s][info][gc,reloc    ] GC(19) Y: Large Pages:                    0            0            0           0M           0M           0M 
[70.423s][info][gc,reloc    ] GC(19) Y: Forwarding Usage: 0M
[70.423s][info][gc,reloc    ] GC(19) Y: Age Table:
[70.423s][info][gc,reloc    ] GC(19) Y:                    Live             Garbage             Small              Medium             Large        
[70.423s][info][gc,reloc    ] GC(19) Y: Eden               0M (0%)            7M (0%)           4 / 1              0 / 0              0 / 0        
[70.423s][info][gc,heap     ] GC(19) Y: Min Capacity: 8M(0%)
[70.423s][info][gc,heap     ] GC(19) Y: Max Capacity: 4096M(100%)
[70.423s][info][gc,heap     ] GC(19) Y: Soft Max Capacity: 4096M(100%)
[70.423s][info][gc,heap     ] GC(19) Y: Heap Statistics:
[70.423s][info][gc,heap     ] GC(19) Y:                Mark Start          Mark End        Relocate Start      Relocate End           High               Low         
[70.423s][info][gc,heap     ] GC(19) Y:  Capacity:     3864M (94%)        3864M (94%)        3864M (94%)        3864M (94%)        3864M (94%)        3864M (94%)    
[70.423s][info][gc,heap     ] GC(19) Y:      Free:     3558M (87%)        3546M (87%)        3550M (87%)        3550M (87%)        3558M (87%)        3546M (87%)    
[70.423s][info][gc,heap     ] GC(19) Y:      Used:      538M (13%)         550M (13%)         546M (13%)         546M (13%)         550M (13%)         538M (13%)    
[70.423s][info][gc,heap     ] GC(19) Y: Young Generation Statistics:
[70.423s][info][gc,heap     ] GC(19) Y:                Mark Start          Mark End        Relocate Start      Relocate End    
[70.423s][info][gc,heap     ] GC(19) Y:      Used:        8M (0%)           20M (0%)           16M (0%)           16M (0%)     
[70.423s][info][gc,heap     ] GC(19) Y:      Live:         -                 0M (0%)            0M (0%)            0M (0%)     
[70.423s][info][gc,heap     ] GC(19) Y:   Garbage:         -                 7M (0%)            3M (0%)            0M (0%)     
[70.423s][info][gc,heap     ] GC(19) Y: Allocated:         -                12M (0%)           12M (0%)           15M (0%)     
[70.423s][info][gc,heap     ] GC(19) Y: Reclaimed:         -                  -                 4M (0%)            7M (0%)     
[70.423s][info][gc,heap     ] GC(19) Y:  Promoted:         -                  -                 0M (0%)            0M (0%)     
[70.423s][info][gc,heap     ] GC(19) Y: Compacted:         -                  -                  -                 0M (0%)     
[70.423s][info][gc,phases   ] GC(19) Y: Young Generation (Collect Roots) 538M(13%)->546M(13%) 0.004s
[70.423s][info][gc,phases   ] GC(19) O: Old Generation
[70.590s][info][gc,phases   ] GC(19) O: Concurrent Mark 166.940ms
[70.590s][info][gc,phases   ] GC(19) O: Pause Mark End 0.017ms
[70.590s][info][safepoint   ] Safepoint "ZMarkEndOld", Time since last: 167413900 ns, Reaching safepoint: 15700 ns, At safepoint: 40000 ns, Leaving safepoint: 4000 ns, Total: 59700 ns, Threads: 1 runnable, 62 total
[70.590s][info][gc,phases   ] GC(19) O: Concurrent Mark Free 0.003ms
[70.594s][info][gc,phases   ] GC(19) O: Concurrent Process Non-Strong 3.418ms
[70.594s][info][gc,phases   ] GC(19) O: Concurrent Reset Relocation Set 0.001ms
[70.594s][info][gc,phases   ] GC(19) O: Concurrent Select Relocation Set 0.150ms
[70.594s][info][gc,task     ] GC(19) O: Using 4 Workers for Old Generation
[70.597s][info][gc,task     ] GC(19) O: Using 4 Workers for Old Generation
[70.597s][info][gc,phases   ] GC(19) O: Concurrent Remap Roots 3.025ms
[70.597s][info][gc,phases   ] GC(19) O: Pause Relocate Start 0.008ms
[70.597s][info][safepoint   ] Safepoint "ZRelocateStartOld", Time since last: 6711000 ns, Reaching safepoint: 2700 ns, At safepoint: 28600 ns, Leaving safepoint: 3500 ns, Total: 34800 ns, Threads: 0 runnable, 62 total
[70.598s][info][gc,phases   ] GC(19) O: Concurrent Relocate 1.452ms
[70.598s][info][gc,alloc    ] GC(19) O:                         Mark Start        Mark End      Relocate Start    Relocate End   
[70.598s][info][gc,alloc    ] GC(19) O: Allocation Stalls:          0                0                0                0         
[70.598s][info][gc,load     ] GC(19) O: Load: 0.00 (0%) / 0.00 (0%) / 0.00 (0%)
[70.598s][info][gc,mmu      ] GC(19) O: MMU: 2ms/97.3%, 5ms/98.9%, 10ms/99.3%, 20ms/99.6%, 50ms/99.8%, 100ms/99.9%
[70.598s][info][gc,marking  ] GC(19) O: Mark: 4 stripe(s), 4 proactive flush(es), 1 terminate flush(es), 0 completion(s), 0 continuation(s) 
[70.598s][info][gc,nmethod  ] GC(19) O: NMethods: 5595 registered, 1697 unregistered
[70.598s][info][gc,metaspace] GC(19) O: Metaspace: 152M used, 153M committed, 1216M reserved
[70.598s][info][gc,ref      ] GC(19) O:                       Encountered   Discovered     Enqueued 
[70.598s][info][gc,ref      ] GC(19) O: Soft References:             5375            0            0 
[70.598s][info][gc,ref      ] GC(19) O: Weak References:            36607         9381            0 
[70.598s][info][gc,ref      ] GC(19) O: Final References:              55            1            0 
[70.598s][info][gc,ref      ] GC(19) O: Phantom References:          1249          177            5 
[70.598s][info][gc,reloc    ] GC(19) O:                        Candidates     Selected     In-Place         Size        Empty    Relocated 
[70.598s][info][gc,reloc    ] GC(19) O: Small Pages:                  243           10            0         486M           0M           1M 
[70.598s][info][gc,reloc    ] GC(19) O: Medium Pages:                   1            0            0          32M           0M           0M 
[70.598s][info][gc,reloc    ] GC(19) O: Large Pages:                    1            0            0          12M           0M           0M 
[70.598s][info][gc,reloc    ] GC(19) O: Forwarding Usage: 1M
[70.598s][info][gc,heap     ] GC(19) O: Min Capacity: 8M(0%)
[70.598s][info][gc,heap     ] GC(19) O: Max Capacity: 4096M(100%)
[70.598s][info][gc,heap     ] GC(19) O: Soft Max Capacity: 4096M(100%)
[70.598s][info][gc,heap     ] GC(19) O: Heap Statistics:
[70.598s][info][gc,heap     ] GC(19) O:                Mark Start          Mark End        Relocate Start      Relocate End           High               Low         
[70.598s][info][gc,heap     ] GC(19) O:  Capacity:     3864M (94%)        3864M (94%)        3864M (94%)        3864M (94%)        3864M (94%)        3864M (94%)    
[70.598s][info][gc,heap     ] GC(19) O:      Free:     3558M (87%)        3522M (86%)        3518M (86%)        3530M (86%)        3558M (87%)        3506M (86%)    
[70.598s][info][gc,heap     ] GC(19) O:      Used:      538M (13%)         574M (14%)         578M (14%)         566M (14%)         590M (14%)         538M (13%)    
[70.598s][info][gc,heap     ] GC(19) O: Old Generation Statistics:
[70.598s][info][gc,heap     ] GC(19) O:                Mark Start          Mark End        Relocate Start      Relocate End    
[70.599s][info][gc,heap     ] GC(19) O:      Used:      530M (13%)         530M (13%)         530M (13%)         518M (13%)    
[70.599s][info][gc,heap     ] GC(19) O:      Live:         -               487M (12%)         487M (12%)         487M (12%)    
[70.599s][info][gc,heap     ] GC(19) O:   Garbage:         -                42M (1%)           42M (1%)           21M (1%)     
[70.599s][info][gc,heap     ] GC(19) O: Allocated:         -                 0M (0%)            0M (0%)            8M (0%)     
[70.599s][info][gc,heap     ] GC(19) O: Reclaimed:         -                  -                 0M (0%)           20M (1%)     
[70.599s][info][gc,heap     ] GC(19) O: Compacted:         -                  -                  -                 3M (0%)     
[70.599s][info][gc,phases   ] GC(19) O: Old Generation 546M(13%)->566M(14%) 0.175s
[70.599s][info][gc          ] GC(19) Major Collection (System.gc()) 1494M(36%)->566M(14%) 0.187s
[75.600s][info][gc          ] GC(20) Major Collection (System.gc())
[75.600s][info][gc,task     ] GC(20) Using 4 Workers for Young Generation
[75.600s][info][gc,task     ] GC(20) Using 4 Workers for Old Generation
[75.601s][info][gc,phases   ] GC(20) Y: Young Generation (Promote All)
[75.601s][info][gc,phases   ] GC(20) Y: Pause Mark Start 0.014ms
[75.601s][info][safepoint   ] Safepoint "ZMarkStartYoung", Time since last: 5003757500 ns, Reaching safepoint: 18900 ns, At safepoint: 42100 ns, Leaving safepoint: 11200 ns, Total: 72200 ns, Threads: 1 runnable, 65 total
[75.606s][info][gc,phases   ] GC(20) Y: Concurrent Mark 5.527ms
[75.606s][info][gc,phases   ] GC(20) Y: Pause Mark End 0.009ms
[75.606s][info][safepoint   ] Safepoint "ZMarkEndYoung", Time since last: 5571900 ns, Reaching safepoint: 12400 ns, At safepoint: 28100 ns, Leaving safepoint: 3600 ns, Total: 44100 ns, Threads: 1 runnable, 66 total
[75.606s][info][gc,phases   ] GC(20) Y: Concurrent Mark Free 0.002ms
[75.606s][info][gc,phases   ] GC(20) Y: Concurrent Reset Relocation Set 0.001ms
[75.606s][info][gc,reloc    ] GC(20) Y: Using tenuring threshold: 0 (Promote All)
[75.607s][info][gc,phases   ] GC(20) Y: Concurrent Select Relocation Set 0.245ms
[75.607s][info][gc,phases   ] GC(20) Y: Pause Relocate Start 0.006ms
[75.607s][info][safepoint   ] Safepoint "ZRelocateStartYoung", Time since last: 319600 ns, Reaching safepoint: 2000 ns, At safepoint: 24500 ns, Leaving safepoint: 2000 ns, Total: 28500 ns, Threads: 0 runnable, 66 total
[75.607s][info][gc,phases   ] GC(20) Y: Concurrent Relocate 0.712ms
[75.607s][info][gc,alloc    ] GC(20) Y:                         Mark Start        Mark End      Relocate Start    Relocate End   
[75.607s][info][gc,alloc    ] GC(20) Y: Allocation Stalls:          0                0                0                0         
[75.607s][info][gc,load     ] GC(20) Y: Load: 0.00 (0%) / 0.00 (0%) / 0.00 (0%)
[75.607s][info][gc,mmu      ] GC(20) Y: MMU: 2ms/97.3%, 5ms/98.9%, 10ms/99.3%, 20ms/99.6%, 50ms/99.8%, 100ms/99.9%
[75.607s][info][gc,marking  ] GC(20) Y: Mark: 4 stripe(s), 3 proactive flush(es), 1 terminate flush(es), 0 completion(s), 0 continuation(s) 
[75.607s][info][gc,nmethod  ] GC(20) Y: NMethods: 5671 registered, 1697 unregistered
[75.607s][info][gc,metaspace] GC(20) Y: Metaspace: 152M used, 153M committed, 1216M reserved
[75.607s][info][gc,reloc    ] GC(20) Y:                        Candidates     Selected     In-Place         Size        Empty    Relocated 
[75.607s][info][gc,reloc    ] GC(20) Y: Small Pages:                  489           69            0         978M         838M           0M 
[75.607s][info][gc,reloc    ] GC(20) Y: Medium Pages:                   0            0            0           0M           0M           0M 
[75.607s][info][gc,reloc    ] GC(20) Y: Large Pages:                    0            0            0           0M           0M           0M 
[75.607s][info][gc,reloc    ] GC(20) Y: Forwarding Usage: 0M
[75.607s][info][gc,reloc    ] GC(20) Y: Age Table:
[75.607s][info][gc,reloc    ] GC(20) Y:                    Live             Garbage             Small              Medium             Large        
[75.607s][info][gc,reloc    ] GC(20) Y: Eden               0M (0%)          973M (24%)        487 / 68             0 / 0              0 / 0        
[75.607s][info][gc,reloc    ] GC(20) Y: Survivor 1         0M (0%)            3M (0%)           2 / 1              0 / 0              0 / 0        
[75.607s][info][gc,heap     ] GC(20) Y: Min Capacity: 8M(0%)
[75.607s][info][gc,heap     ] GC(20) Y: Max Capacity: 4096M(100%)
[75.607s][info][gc,heap     ] GC(20) Y: Soft Max Capacity: 4096M(100%)
[75.607s][info][gc,heap     ] GC(20) Y: Heap Statistics:
[75.607s][info][gc,heap     ] GC(20) Y:                Mark Start          Mark End        Relocate Start      Relocate End           High               Low         
[75.607s][info][gc,heap     ] GC(20) Y:  Capacity:     3864M (94%)        3864M (94%)        3864M (94%)        3864M (94%)        3864M (94%)        3864M (94%)    
[75.607s][info][gc,heap     ] GC(20) Y:      Free:     2600M (63%)        2594M (63%)        3432M (84%)        3562M (87%)        3562M (87%)        2594M (63%)    
[75.607s][info][gc,heap     ] GC(20) Y:      Used:     1496M (37%)        1502M (37%)         664M (16%)         534M (13%)        1502M (37%)         534M (13%)    
[75.607s][info][gc,heap     ] GC(20) Y: Young Generation Statistics:
[75.607s][info][gc,heap     ] GC(20) Y:                Mark Start          Mark End        Relocate Start      Relocate End    
[75.608s][info][gc,heap     ] GC(20) Y:      Used:      978M (24%)         984M (24%)         146M (4%)            6M (0%)     
[75.608s][info][gc,heap     ] GC(20) Y:      Live:         -                 0M (0%)            0M (0%)            0M (0%)     
[75.608s][info][gc,heap     ] GC(20) Y:   Garbage:         -               977M (24%)         139M (3%)            0M (0%)     
[75.608s][info][gc,heap     ] GC(20) Y: Allocated:         -                 6M (0%)            6M (0%)            6M (0%)     
[75.608s][info][gc,heap     ] GC(20) Y: Reclaimed:         -                  -               838M (20%)         977M (24%)    
[75.608s][info][gc,heap     ] GC(20) Y:  Promoted:         -                  -                 0M (0%)            0M (0%)     
[75.608s][info][gc,heap     ] GC(20) Y: Compacted:         -                  -                  -                 0M (0%)     
[75.608s][info][gc,phases   ] GC(20) Y: Young Generation (Promote All) 1496M(37%)->534M(13%) 0.007s
[75.608s][info][gc,phases   ] GC(20) Y: Young Generation (Collect Roots)
[75.608s][info][gc,phases   ] GC(20) Y: Pause Mark Start (Major) 0.007ms
[75.608s][info][safepoint   ] Safepoint "ZMarkStartYoungAndOld", Time since last: 997600 ns, Reaching safepoint: 12200 ns, At safepoint: 26600 ns, Leaving safepoint: 3500 ns, Total: 42300 ns, Threads: 1 runnable, 66 total
[75.612s][info][gc,phases   ] GC(20) Y: Concurrent Mark 4.040ms
[75.612s][info][gc,phases   ] GC(20) Y: Pause Mark End 0.007ms
[75.612s][info][safepoint   ] Safepoint "ZMarkEndYoung", Time since last: 4093800 ns, Reaching safepoint: 26200 ns, At safepoint: 26000 ns, Leaving safepoint: 3400 ns, Total: 55600 ns, Threads: 1 runnable, 66 total
[75.612s][info][gc,phases   ] GC(20) Y: Concurrent Mark Free 0.001ms
[75.612s][info][gc,phases   ] GC(20) Y: Concurrent Reset Relocation Set 0.001ms
[75.612s][info][gc,reloc    ] GC(20) Y: Using tenuring threshold: 1 (Computed)
[75.612s][info][gc,phases   ] GC(20) Y: Concurrent Select Relocation Set 0.120ms
[75.612s][info][gc,phases   ] GC(20) Y: Pause Relocate Start 0.007ms
[75.612s][info][safepoint   ] Safepoint "ZRelocateStartYoung", Time since last: 197300 ns, Reaching safepoint: 2200 ns, At safepoint: 26500 ns, Leaving safepoint: 3900 ns, Total: 32600 ns, Threads: 0 runnable, 66 total
[75.612s][info][gc,phases   ] GC(20) Y: Concurrent Relocate 0.039ms
[75.612s][info][gc,alloc    ] GC(20) Y:                         Mark Start        Mark End      Relocate Start    Relocate End   
[75.612s][info][gc,alloc    ] GC(20) Y: Allocation Stalls:          0                0                0                0         
[75.612s][info][gc,load     ] GC(20) Y: Load: 0.00 (0%) / 0.00 (0%) / 0.00 (0%)
[75.612s][info][gc,mmu      ] GC(20) Y: MMU: 2ms/97.3%, 5ms/98.9%, 10ms/99.3%, 20ms/99.6%, 50ms/99.8%, 100ms/99.9%
[75.612s][info][gc,marking  ] GC(20) Y: Mark: 4 stripe(s), 3 proactive flush(es), 1 terminate flush(es), 0 completion(s), 0 continuation(s) 
[75.612s][info][gc,nmethod  ] GC(20) Y: NMethods: 5671 registered, 1697 unregistered
[75.612s][info][gc,metaspace] GC(20) Y: Metaspace: 152M used, 153M committed, 1216M reserved
[75.612s][info][gc,reloc    ] GC(20) Y:                        Candidates     Selected     In-Place         Size        Empty    Relocated 
[75.612s][info][gc,reloc    ] GC(20) Y: Small Pages:                    3            0            0           6M           4M           0M 
[75.612s][info][gc,reloc    ] GC(20) Y: Medium Pages:                   0            0            0           0M           0M           0M 
[75.612s][info][gc,reloc    ] GC(20) Y: Large Pages:                    0            0            0           0M           0M           0M 
[75.612s][info][gc,reloc    ] GC(20) Y: Forwarding Usage: 0M
[75.612s][info][gc,reloc    ] GC(20) Y: Age Table:
[75.612s][info][gc,reloc    ] GC(20) Y:                    Live             Garbage             Small              Medium             Large        
[75.612s][info][gc,reloc    ] GC(20) Y: Eden               0M (0%)            5M (0%)           3 / 0              0 / 0              0 / 0        
[75.612s][info][gc,heap     ] GC(20) Y: Min Capacity: 8M(0%)
[75.612s][info][gc,heap     ] GC(20) Y: Max Capacity: 4096M(100%)
[75.612s][info][gc,heap     ] GC(20) Y: Soft Max Capacity: 4096M(100%)
[75.612s][info][gc,heap     ] GC(20) Y: Heap Statistics:
[75.612s][info][gc,heap     ] GC(20) Y:                Mark Start          Mark End        Relocate Start      Relocate End           High               Low         
[75.612s][info][gc,heap     ] GC(20) Y:  Capacity:     3864M (94%)        3864M (94%)        3864M (94%)        3864M (94%)        3864M (94%)        3864M (94%)    
[75.612s][info][gc,heap     ] GC(20) Y:      Free:     3562M (87%)        3554M (87%)        3558M (87%)        3558M (87%)        3562M (87%)        3554M (87%)    
[75.612s][info][gc,heap     ] GC(20) Y:      Used:      534M (13%)         542M (13%)         538M (13%)         538M (13%)         542M (13%)         534M (13%)    
[75.612s][info][gc,heap     ] GC(20) Y: Young Generation Statistics:
[75.612s][info][gc,heap     ] GC(20) Y:                Mark Start          Mark End        Relocate Start      Relocate End    
[75.612s][info][gc,heap     ] GC(20) Y:      Used:        6M (0%)           14M (0%)           10M (0%)           10M (0%)     
[75.612s][info][gc,heap     ] GC(20) Y:      Live:         -                 0M (0%)            0M (0%)            0M (0%)     
[75.612s][info][gc,heap     ] GC(20) Y:   Garbage:         -                 5M (0%)            1M (0%)            1M (0%)     
[75.612s][info][gc,heap     ] GC(20) Y: Allocated:         -                 8M (0%)            8M (0%)            8M (0%)     
[75.612s][info][gc,heap     ] GC(20) Y: Reclaimed:         -                  -                 4M (0%)            4M (0%)     
[75.612s][info][gc,heap     ] GC(20) Y:  Promoted:         -                  -                 0M (0%)            0M (0%)     
[75.612s][info][gc,heap     ] GC(20) Y: Compacted:         -                  -                  -                 0M (0%)     
[75.612s][info][gc,phases   ] GC(20) Y: Young Generation (Collect Roots) 534M(13%)->538M(13%) 0.005s
[75.612s][info][gc,phases   ] GC(20) O: Old Generation
[75.775s][info][gc,phases   ] GC(20) O: Concurrent Mark 162.124ms
[75.775s][info][gc,phases   ] GC(20) O: Pause Mark End 0.015ms
[75.775s][info][safepoint   ] Safepoint "ZMarkEndOld", Time since last: 162567000 ns, Reaching safepoint: 14200 ns, At safepoint: 36600 ns, Leaving safepoint: 3900 ns, Total: 54700 ns, Threads: 1 runnable, 66 total
[75.775s][info][gc,phases   ] GC(20) O: Concurrent Mark Free 0.001ms
[75.779s][info][gc,phases   ] GC(20) O: Concurrent Process Non-Strong 3.881ms
[75.779s][info][gc,phases   ] GC(20) O: Concurrent Reset Relocation Set 0.001ms
[75.779s][info][gc,phases   ] GC(20) O: Concurrent Select Relocation Set 0.081ms
[75.779s][info][gc,task     ] GC(20) O: Using 4 Workers for Old Generation
[75.782s][info][gc,task     ] GC(20) O: Using 4 Workers for Old Generation
[75.782s][info][gc,phases   ] GC(20) O: Concurrent Remap Roots 3.032ms
[75.782s][info][gc,phases   ] GC(20) O: Pause Relocate Start 0.009ms
[75.782s][info][safepoint   ] Safepoint "ZRelocateStartOld", Time since last: 7120900 ns, Reaching safepoint: 3000 ns, At safepoint: 28600 ns, Leaving safepoint: 3800 ns, Total: 35400 ns, Threads: 0 runnable, 66 total
[75.783s][info][gc,phases   ] GC(20) O: Concurrent Relocate 1.264ms
[75.783s][info][gc,alloc    ] GC(20) O:                         Mark Start        Mark End      Relocate Start    Relocate End   
[75.783s][info][gc,alloc    ] GC(20) O: Allocation Stalls:          0                0                0                0         
[75.783s][info][gc,load     ] GC(20) O: Load: 0.00 (0%) / 0.00 (0%) / 0.00 (0%)
[75.783s][info][gc,mmu      ] GC(20) O: MMU: 2ms/97.3%, 5ms/98.9%, 10ms/99.3%, 20ms/99.6%, 50ms/99.8%, 100ms/99.9%
[75.783s][info][gc,marking  ] GC(20) O: Mark: 4 stripe(s), 2 proactive flush(es), 1 terminate flush(es), 0 completion(s), 0 continuation(s) 
[75.783s][info][gc,nmethod  ] GC(20) O: NMethods: 5017 registered, 2355 unregistered
[75.783s][info][gc,metaspace] GC(20) O: Metaspace: 152M used, 153M committed, 1216M reserved
[75.783s][info][gc,ref      ] GC(20) O:                       Encountered   Discovered     Enqueued 
[75.783s][info][gc,ref      ] GC(20) O: Soft References:             5375            0            0 
[75.783s][info][gc,ref      ] GC(20) O: Weak References:            36609        18959            1 
[75.783s][info][gc,ref      ] GC(20) O: Final References:              55            0            0 
[75.783s][info][gc,ref      ] GC(20) O: Phantom References:          1252          347            8 
[75.783s][info][gc,reloc    ] GC(20) O:                        Candidates     Selected     In-Place         Size        Empty    Relocated 
[75.783s][info][gc,reloc    ] GC(20) O: Small Pages:                  242            9            0         484M           0M           2M 
[75.783s][info][gc,reloc    ] GC(20) O: Medium Pages:                   1            0            0          32M           0M           0M 
[75.783s][info][gc,reloc    ] GC(20) O: Large Pages:                    1            0            0          12M           0M           0M 
[75.783s][info][gc,reloc    ] GC(20) O: Forwarding Usage: 1M
[75.783s][info][gc,heap     ] GC(20) O: Min Capacity: 8M(0%)
[75.783s][info][gc,heap     ] GC(20) O: Max Capacity: 4096M(100%)
[75.783s][info][gc,heap     ] GC(20) O: Soft Max Capacity: 4096M(100%)
[75.783s][info][gc,heap     ] GC(20) O: Heap Statistics:
[75.783s][info][gc,heap     ] GC(20) O:                Mark Start          Mark End        Relocate Start      Relocate End           High               Low         
[75.783s][info][gc,heap     ] GC(20) O:  Capacity:     3864M (94%)        3864M (94%)        3864M (94%)        3864M (94%)        3864M (94%)        3864M (94%)    
[75.783s][info][gc,heap     ] GC(20) O:      Free:     3562M (87%)        3522M (86%)        3520M (86%)        3530M (86%)        3562M (87%)        3510M (86%)    
[75.783s][info][gc,heap     ] GC(20) O:      Used:      534M (13%)         574M (14%)         576M (14%)         566M (14%)         586M (14%)         534M (13%)    
[75.783s][info][gc,heap     ] GC(20) O: Old Generation Statistics:
[75.783s][info][gc,heap     ] GC(20) O:                Mark Start          Mark End        Relocate Start      Relocate End    
[75.783s][info][gc,heap     ] GC(20) O:      Used:      528M (13%)         528M (13%)         528M (13%)         518M (13%)    
[75.783s][info][gc,heap     ] GC(20) O:      Live:         -               487M (12%)         487M (12%)         487M (12%)    
[75.783s][info][gc,heap     ] GC(20) O:   Garbage:         -                40M (1%)           40M (1%)           21M (1%)     
[75.783s][info][gc,heap     ] GC(20) O: Allocated:         -                 0M (0%)            0M (0%)            8M (0%)     
[75.783s][info][gc,heap     ] GC(20) O: Reclaimed:         -                  -                 0M (0%)           18M (0%)     
[75.783s][info][gc,heap     ] GC(20) O: Compacted:         -                  -                  -                 3M (0%)     
[75.783s][info][gc,phases   ] GC(20) O: Old Generation 538M(13%)->566M(14%) 0.171s
[75.783s][info][gc          ] GC(20) Major Collection (System.gc()) 1496M(37%)->566M(14%) 0.183s
[80.784s][info][gc          ] GC(21) Major Collection (System.gc())
[80.784s][info][gc,task     ] GC(21) Using 4 Workers for Young Generation
[80.784s][info][gc,task     ] GC(21) Using 4 Workers for Old Generation
[80.784s][info][gc,phases   ] GC(21) Y: Young Generation (Promote All)
[80.784s][info][gc,phases   ] GC(21) Y: Pause Mark Start 0.013ms
[80.784s][info][safepoint   ] Safepoint "ZMarkStartYoung", Time since last: 5002186300 ns, Reaching safepoint: 7900 ns, At safepoint: 38000 ns, Leaving safepoint: 3800 ns, Total: 49700 ns, Threads: 0 runnable, 56 total
[80.789s][info][gc,phases   ] GC(21) Y: Concurrent Mark 4.749ms
[80.789s][info][gc,phases   ] GC(21) Y: Pause Mark End 0.008ms
[80.789s][info][safepoint   ] Safepoint "ZMarkEndYoung", Time since last: 4799800 ns, Reaching safepoint: 2400 ns, At safepoint: 26800 ns, Leaving safepoint: 1500 ns, Total: 30700 ns, Threads: 0 runnable, 56 total
[80.789s][info][gc,phases   ] GC(21) Y: Concurrent Mark Free 0.002ms
[80.789s][info][gc,phases   ] GC(21) Y: Concurrent Reset Relocation Set 0.000ms
[80.789s][info][gc,reloc    ] GC(21) Y: Using tenuring threshold: 0 (Promote All)
[80.789s][info][gc,phases   ] GC(21) Y: Concurrent Select Relocation Set 0.353ms
[80.790s][info][gc,phases   ] GC(21) Y: Pause Relocate Start 0.008ms
[80.790s][info][safepoint   ] Safepoint "ZRelocateStartYoung", Time since last: 432000 ns, Reaching safepoint: 238200 ns, At safepoint: 27600 ns, Leaving safepoint: 6500 ns, Total: 272300 ns, Threads: 3 runnable, 57 total
[80.790s][info][gc,phases   ] GC(21) Y: Concurrent Relocate 0.859ms
[80.790s][info][gc,alloc    ] GC(21) Y:                         Mark Start        Mark End      Relocate Start    Relocate End   
[80.790s][info][gc,alloc    ] GC(21) Y: Allocation Stalls:          0                0                0                0         
[80.790s][info][gc,load     ] GC(21) Y: Load: 0.00 (0%) / 0.00 (0%) / 0.00 (0%)
[80.790s][info][gc,mmu      ] GC(21) Y: MMU: 2ms/97.3%, 5ms/98.9%, 10ms/99.3%, 20ms/99.6%, 50ms/99.8%, 100ms/99.9%
[80.790s][info][gc,marking  ] GC(21) Y: Mark: 4 stripe(s), 2 proactive flush(es), 1 terminate flush(es), 0 completion(s), 0 continuation(s) 
[80.790s][info][gc,nmethod  ] GC(21) Y: NMethods: 5064 registered, 2355 unregistered
[80.790s][info][gc,metaspace] GC(21) Y: Metaspace: 152M used, 153M committed, 1216M reserved
[80.790s][info][gc,reloc    ] GC(21) Y:                        Candidates     Selected     In-Place         Size        Empty    Relocated 
[80.791s][info][gc,reloc    ] GC(21) Y: Small Pages:                  487           62            0         974M         848M           0M 
[80.791s][info][gc,reloc    ] GC(21) Y: Medium Pages:                   0            0            0           0M           0M           0M 
[80.791s][info][gc,reloc    ] GC(21) Y: Large Pages:                    0            0            0           0M           0M           0M 
[80.791s][info][gc,reloc    ] GC(21) Y: Forwarding Usage: 0M
[80.791s][info][gc,reloc    ] GC(21) Y: Age Table:
[80.791s][info][gc,reloc    ] GC(21) Y:                    Live             Garbage             Small              Medium             Large        
[80.791s][info][gc,reloc    ] GC(21) Y: Eden               0M (0%)          971M (24%)        486 / 62             0 / 0              0 / 0        
[80.791s][info][gc,reloc    ] GC(21) Y: Survivor 1          -                 2M (0%)           1 / 0              0 / 0              0 / 0        
[80.791s][info][gc,heap     ] GC(21) Y: Min Capacity: 8M(0%)
[80.791s][info][gc,heap     ] GC(21) Y: Max Capacity: 4096M(100%)
[80.791s][info][gc,heap     ] GC(21) Y: Soft Max Capacity: 4096M(100%)
[80.791s][info][gc,heap     ] GC(21) Y: Heap Statistics:
[80.791s][info][gc,heap     ] GC(21) Y:                Mark Start          Mark End        Relocate Start      Relocate End           High               Low         
[80.791s][info][gc,heap     ] GC(21) Y:  Capacity:     3864M (94%)        3864M (94%)        3864M (94%)        3864M (94%)        3864M (94%)        3864M (94%)    
[80.791s][info][gc,heap     ] GC(21) Y:      Free:     2604M (64%)        2596M (63%)        3442M (84%)        3554M (87%)        3554M (87%)        2594M (63%)    
[80.791s][info][gc,heap     ] GC(21) Y:      Used:     1492M (36%)        1500M (37%)         654M (16%)         542M (13%)        1502M (37%)         542M (13%)    
[80.791s][info][gc,heap     ] GC(21) Y: Young Generation Statistics:
[80.791s][info][gc,heap     ] GC(21) Y:                Mark Start          Mark End        Relocate Start      Relocate End    
[80.791s][info][gc,heap     ] GC(21) Y:      Used:      974M (24%)         982M (24%)         136M (3%)           12M (0%)     
[80.791s][info][gc,heap     ] GC(21) Y:      Live:         -                 0M (0%)            0M (0%)            0M (0%)     
[80.791s][info][gc,heap     ] GC(21) Y:   Garbage:         -               973M (24%)         125M (3%)            0M (0%)     
[80.791s][info][gc,heap     ] GC(21) Y: Allocated:         -                 8M (0%)           10M (0%)           12M (0%)     
[80.791s][info][gc,heap     ] GC(21) Y: Reclaimed:         -                  -               848M (21%)         973M (24%)    
[80.791s][info][gc,heap     ] GC(21) Y:  Promoted:         -                  -                 0M (0%)            0M (0%)     
[80.791s][info][gc,heap     ] GC(21) Y: Compacted:         -                  -                  -                 0M (0%)     
[80.791s][info][gc,phases   ] GC(21) Y: Young Generation (Promote All) 1492M(36%)->542M(13%) 0.007s
[80.791s][info][gc,phases   ] GC(21) Y: Young Generation (Collect Roots)
[80.791s][info][gc,phases   ] GC(21) Y: Pause Mark Start (Major) 0.008ms
[80.791s][info][safepoint   ] Safepoint "ZMarkStartYoungAndOld", Time since last: 1151100 ns, Reaching safepoint: 12200 ns, At safepoint: 27400 ns, Leaving safepoint: 3500 ns, Total: 43100 ns, Threads: 1 runnable, 57 total
[80.795s][info][gc,phases   ] GC(21) Y: Concurrent Mark 4.269ms
[80.795s][info][gc,phases   ] GC(21) Y: Pause Mark End 0.007ms
[80.795s][info][safepoint   ] Safepoint "ZMarkEndYoung", Time since last: 4316600 ns, Reaching safepoint: 1900 ns, At safepoint: 25800 ns, Leaving safepoint: 3400 ns, Total: 31100 ns, Threads: 1 runnable, 57 total
[80.795s][info][gc,phases   ] GC(21) Y: Concurrent Mark Free 0.002ms
[80.795s][info][gc,phases   ] GC(21) Y: Concurrent Reset Relocation Set 0.001ms
[80.795s][info][gc,reloc    ] GC(21) Y: Using tenuring threshold: 1 (Computed)
[80.795s][info][gc,phases   ] GC(21) Y: Concurrent Select Relocation Set 0.145ms
[80.795s][info][gc,phases   ] GC(21) Y: Pause Relocate Start 0.006ms
[80.795s][info][safepoint   ] Safepoint "ZRelocateStartYoung", Time since last: 228600 ns, Reaching safepoint: 2000 ns, At safepoint: 24700 ns, Leaving safepoint: 2000 ns, Total: 28700 ns, Threads: 0 runnable, 57 total
[80.795s][info][gc,phases   ] GC(21) Y: Concurrent Relocate 0.123ms
[80.796s][info][gc,alloc    ] GC(21) Y:                         Mark Start        Mark End      Relocate Start    Relocate End   
[80.796s][info][gc,alloc    ] GC(21) Y: Allocation Stalls:          0                0                0                0         
[80.796s][info][gc,load     ] GC(21) Y: Load: 0.00 (0%) / 0.00 (0%) / 0.00 (0%)
[80.796s][info][gc,mmu      ] GC(21) Y: MMU: 2ms/97.3%, 5ms/98.9%, 10ms/99.3%, 20ms/99.6%, 50ms/99.8%, 100ms/99.9%
[80.796s][info][gc,marking  ] GC(21) Y: Mark: 4 stripe(s), 3 proactive flush(es), 1 terminate flush(es), 0 completion(s), 0 continuation(s) 
[80.796s][info][gc,nmethod  ] GC(21) Y: NMethods: 5064 registered, 2355 unregistered
[80.796s][info][gc,metaspace] GC(21) Y: Metaspace: 152M used, 153M committed, 1216M reserved
[80.796s][info][gc,reloc    ] GC(21) Y:                        Candidates     Selected     In-Place         Size        Empty    Relocated 
[80.796s][info][gc,reloc    ] GC(21) Y: Small Pages:                    6            3            0          12M           4M           0M 
[80.796s][info][gc,reloc    ] GC(21) Y: Medium Pages:                   0            0            0           0M           0M           0M 
[80.796s][info][gc,reloc    ] GC(21) Y: Large Pages:                    0            0            0           0M           0M           0M 
[80.796s][info][gc,reloc    ] GC(21) Y: Forwarding Usage: 0M
[80.796s][info][gc,reloc    ] GC(21) Y: Age Table:
[80.796s][info][gc,reloc    ] GC(21) Y:                    Live             Garbage             Small              Medium             Large        
[80.796s][info][gc,reloc    ] GC(21) Y: Eden               0M (0%)           11M (0%)           6 / 3              0 / 0              0 / 0        
[80.796s][info][gc,heap     ] GC(21) Y: Min Capacity: 8M(0%)
[80.796s][info][gc,heap     ] GC(21) Y: Max Capacity: 4096M(100%)
[80.796s][info][gc,heap     ] GC(21) Y: Soft Max Capacity: 4096M(100%)
[80.796s][info][gc,heap     ] GC(21) Y: Heap Statistics:
[80.796s][info][gc,heap     ] GC(21) Y:                Mark Start          Mark End        Relocate Start      Relocate End           High               Low         
[80.796s][info][gc,heap     ] GC(21) Y:  Capacity:     3864M (94%)        3864M (94%)        3864M (94%)        3864M (94%)        3864M (94%)        3864M (94%)    
[80.796s][info][gc,heap     ] GC(21) Y:      Free:     3554M (87%)        3548M (87%)        3552M (87%)        3552M (87%)        3554M (87%)        3544M (87%)    
[80.796s][info][gc,heap     ] GC(21) Y:      Used:      542M (13%)         548M (13%)         544M (13%)         544M (13%)         552M (13%)         542M (13%)    
[80.796s][info][gc,heap     ] GC(21) Y: Young Generation Statistics:
[80.796s][info][gc,heap     ] GC(21) Y:                Mark Start          Mark End        Relocate Start      Relocate End    
[80.796s][info][gc,heap     ] GC(21) Y:      Used:       12M (0%)           18M (0%)           14M (0%)           14M (0%)     
[80.796s][info][gc,heap     ] GC(21) Y:      Live:         -                 0M (0%)            0M (0%)            0M (0%)     
[80.796s][info][gc,heap     ] GC(21) Y:   Garbage:         -                11M (0%)            7M (0%)            0M (0%)     
[80.796s][info][gc,heap     ] GC(21) Y: Allocated:         -                 6M (0%)            6M (0%)           13M (0%)     
[80.796s][info][gc,heap     ] GC(21) Y: Reclaimed:         -                  -                 4M (0%)           11M (0%)     
[80.796s][info][gc,heap     ] GC(21) Y:  Promoted:         -                  -                 0M (0%)            0M (0%)     
[80.796s][info][gc,heap     ] GC(21) Y: Compacted:         -                  -                  -                 0M (0%)     
[80.796s][info][gc,phases   ] GC(21) Y: Young Generation (Collect Roots) 542M(13%)->544M(13%) 0.005s
[80.796s][info][gc,phases   ] GC(21) O: Old Generation
[80.979s][info][gc,phases   ] GC(21) O: Concurrent Mark 183.498ms
[80.979s][info][gc,phases   ] GC(21) O: Pause Mark End 0.019ms
[80.979s][info][safepoint   ] Safepoint "ZMarkEndOld", Time since last: 183936900 ns, Reaching safepoint: 5100 ns, At safepoint: 44300 ns, Leaving safepoint: 2900 ns, Total: 52300 ns, Threads: 0 runnable, 57 total
[80.979s][info][gc,phases   ] GC(21) O: Concurrent Mark Free 0.003ms
[80.983s][info][gc,phases   ] GC(21) O: Concurrent Process Non-Strong 3.411ms
[80.983s][info][gc,phases   ] GC(21) O: Concurrent Reset Relocation Set 0.001ms
[80.983s][info][gc,phases   ] GC(21) O: Concurrent Select Relocation Set 0.103ms
[80.983s][info][gc,task     ] GC(21) O: Using 4 Workers for Old Generation
[80.986s][info][gc,task     ] GC(21) O: Using 4 Workers for Old Generation
[80.986s][info][gc,phases   ] GC(21) O: Concurrent Remap Roots 3.425ms
[80.986s][info][gc,phases   ] GC(21) O: Pause Relocate Start 0.012ms
[80.986s][info][safepoint   ] Safepoint "ZRelocateStartOld", Time since last: 7064600 ns, Reaching safepoint: 15000 ns, At safepoint: 33900 ns, Leaving safepoint: 4700 ns, Total: 53600 ns, Threads: 1 runnable, 57 total
[80.988s][info][gc,phases   ] GC(21) O: Concurrent Relocate 1.661ms
[80.988s][info][gc,alloc    ] GC(21) O:                         Mark Start        Mark End      Relocate Start    Relocate End   
[80.988s][info][gc,alloc    ] GC(21) O: Allocation Stalls:          0                0                0                0         
[80.988s][info][gc,load     ] GC(21) O: Load: 0.00 (0%) / 0.00 (0%) / 0.00 (0%)
[80.988s][info][gc,mmu      ] GC(21) O: MMU: 2ms/97.3%, 5ms/98.9%, 10ms/99.3%, 20ms/99.6%, 50ms/99.8%, 100ms/99.9%
[80.988s][info][gc,marking  ] GC(21) O: Mark: 4 stripe(s), 2 proactive flush(es), 1 terminate flush(es), 0 completion(s), 0 continuation(s) 
[80.988s][info][gc,nmethod  ] GC(21) O: NMethods: 5039 registered, 2382 unregistered
[80.988s][info][gc,metaspace] GC(21) O: Metaspace: 152M used, 153M committed, 1216M reserved
[80.988s][info][gc,ref      ] GC(21) O:                       Encountered   Discovered     Enqueued 
[80.988s][info][gc,ref      ] GC(21) O: Soft References:             5375            0            0 
[80.988s][info][gc,ref      ] GC(21) O: Weak References:            36556        11017            0 
[80.988s][info][gc,ref      ] GC(21) O: Final References:              55            0            0 
[80.988s][info][gc,ref      ] GC(21) O: Phantom References:          1239          927            5 
[80.988s][info][gc,reloc    ] GC(21) O:                        Candidates     Selected     In-Place         Size        Empty    Relocated 
[80.988s][info][gc,reloc    ] GC(21) O: Small Pages:                  243           10            0         486M           0M           1M 
[80.988s][info][gc,reloc    ] GC(21) O: Medium Pages:                   1            0            0          32M           0M           0M 
[80.988s][info][gc,reloc    ] GC(21) O: Large Pages:                    1            0            0          12M           0M           0M 
[80.988s][info][gc,reloc    ] GC(21) O: Forwarding Usage: 0M
[80.988s][info][gc,heap     ] GC(21) O: Min Capacity: 8M(0%)
[80.988s][info][gc,heap     ] GC(21) O: Max Capacity: 4096M(100%)
[80.988s][info][gc,heap     ] GC(21) O: Soft Max Capacity: 4096M(100%)
[80.988s][info][gc,heap     ] GC(21) O: Heap Statistics:
[80.988s][info][gc,heap     ] GC(21) O:                Mark Start          Mark End        Relocate Start      Relocate End           High               Low         
[80.988s][info][gc,heap     ] GC(21) O:  Capacity:     3864M (94%)        3864M (94%)        3864M (94%)        3864M (94%)        3864M (94%)        3864M (94%)    
[80.988s][info][gc,heap     ] GC(21) O:      Free:     3554M (87%)        3516M (86%)        3516M (86%)        3528M (86%)        3554M (87%)        3506M (86%)    
[80.988s][info][gc,heap     ] GC(21) O:      Used:      542M (13%)         580M (14%)         580M (14%)         568M (14%)         590M (14%)         542M (13%)    
[80.988s][info][gc,heap     ] GC(21) O: Old Generation Statistics:
[80.988s][info][gc,heap     ] GC(21) O:                Mark Start          Mark End        Relocate Start      Relocate End    
[80.988s][info][gc,heap     ] GC(21) O:      Used:      530M (13%)         530M (13%)         530M (13%)         518M (13%)    
[80.988s][info][gc,heap     ] GC(21) O:      Live:         -               487M (12%)         487M (12%)         487M (12%)    
[80.988s][info][gc,heap     ] GC(21) O:   Garbage:         -                42M (1%)           42M (1%)           21M (1%)     
[80.988s][info][gc,heap     ] GC(21) O: Allocated:         -                 0M (0%)            0M (0%)            8M (0%)     
[80.988s][info][gc,heap     ] GC(21) O: Reclaimed:         -                  -                 0M (0%)           20M (0%)     
[80.988s][info][gc,heap     ] GC(21) O: Compacted:         -                  -                  -                 1M (0%)     
[80.988s][info][gc,phases   ] GC(21) O: Old Generation 544M(13%)->568M(14%) 0.192s
[80.988s][info][gc          ] GC(21) Major Collection (System.gc()) 1492M(36%)->568M(14%) 0.205s
[85.991s][info][gc          ] GC(22) Major Collection (System.gc())
[85.991s][info][gc,task     ] GC(22) Using 4 Workers for Young Generation
[85.991s][info][gc,task     ] GC(22) Using 4 Workers for Old Generation
[85.991s][info][gc,phases   ] GC(22) Y: Young Generation (Promote All)
[85.991s][info][gc,phases   ] GC(22) Y: Pause Mark Start 0.011ms
[85.991s][info][safepoint   ] Safepoint "ZMarkStartYoung", Time since last: 5004373600 ns, Reaching safepoint: 15400 ns, At safepoint: 34000 ns, Leaving safepoint: 5200 ns, Total: 54600 ns, Threads: 1 runnable, 56 total
[85.996s][info][gc,phases   ] GC(22) Y: Concurrent Mark 4.966ms
[85.996s][info][gc,phases   ] GC(22) Y: Pause Mark End 0.009ms
[85.996s][info][safepoint   ] Safepoint "ZMarkEndYoung", Time since last: 5010500 ns, Reaching safepoint: 1700 ns, At safepoint: 27800 ns, Leaving safepoint: 1900 ns, Total: 31400 ns, Threads: 0 runnable, 56 total
[85.996s][info][gc,phases   ] GC(22) Y: Concurrent Mark Free 0.002ms
[85.996s][info][gc,phases   ] GC(22) Y: Concurrent Reset Relocation Set 0.001ms
[85.996s][info][gc,reloc    ] GC(22) Y: Using tenuring threshold: 0 (Promote All)
[85.996s][info][gc,phases   ] GC(22) Y: Concurrent Select Relocation Set 0.229ms
[85.996s][info][gc,phases   ] GC(22) Y: Pause Relocate Start 0.004ms
[85.996s][info][safepoint   ] Safepoint "ZRelocateStartYoung", Time since last: 293800 ns, Reaching safepoint: 1000 ns, At safepoint: 14300 ns, Leaving safepoint: 1700 ns, Total: 17000 ns, Threads: 0 runnable, 56 total
[85.997s][info][gc,phases   ] GC(22) Y: Concurrent Relocate 0.723ms
[85.997s][info][gc,alloc    ] GC(22) Y:                         Mark Start        Mark End      Relocate Start    Relocate End   
[85.997s][info][gc,alloc    ] GC(22) Y: Allocation Stalls:          0                0                0                0         
[85.997s][info][gc,load     ] GC(22) Y: Load: 0.00 (0%) / 0.00 (0%) / 0.00 (0%)
[85.997s][info][gc,mmu      ] GC(22) Y: MMU: 2ms/97.3%, 5ms/98.9%, 10ms/99.3%, 20ms/99.6%, 50ms/99.8%, 100ms/99.9%
[85.997s][info][gc,marking  ] GC(22) Y: Mark: 4 stripe(s), 2 proactive flush(es), 1 terminate flush(es), 0 completion(s), 0 continuation(s) 
[85.997s][info][gc,nmethod  ] GC(22) Y: NMethods: 5171 registered, 2382 unregistered
[85.997s][info][gc,metaspace] GC(22) Y: Metaspace: 152M used, 153M committed, 1216M reserved
[85.997s][info][gc,reloc    ] GC(22) Y:                        Candidates     Selected     In-Place         Size        Empty    Relocated 
[85.997s][info][gc,reloc    ] GC(22) Y: Small Pages:                  461           67            0         922M         786M           0M 
[85.997s][info][gc,reloc    ] GC(22) Y: Medium Pages:                   0            0            0           0M           0M           0M 
[85.997s][info][gc,reloc    ] GC(22) Y: Large Pages:                    0            0            0           0M           0M           0M 
[85.997s][info][gc,reloc    ] GC(22) Y: Forwarding Usage: 0M
[85.997s][info][gc,reloc    ] GC(22) Y: Age Table:
[85.997s][info][gc,reloc    ] GC(22) Y:                    Live             Garbage             Small              Medium             Large        
[85.997s][info][gc,reloc    ] GC(22) Y: Eden               0M (0%)          913M (22%)        457 / 65             0 / 0              0 / 0        
[85.997s][info][gc,reloc    ] GC(22) Y: Survivor 1         0M (0%)            7M (0%)           4 / 2              0 / 0              0 / 0        
[85.997s][info][gc,heap     ] GC(22) Y: Min Capacity: 8M(0%)
[85.997s][info][gc,heap     ] GC(22) Y: Max Capacity: 4096M(100%)
[85.997s][info][gc,heap     ] GC(22) Y: Soft Max Capacity: 4096M(100%)
[85.997s][info][gc,heap     ] GC(22) Y: Heap Statistics:
[85.997s][info][gc,heap     ] GC(22) Y:                Mark Start          Mark End        Relocate Start      Relocate End           High               Low         
[85.997s][info][gc,heap     ] GC(22) Y:  Capacity:     3864M (94%)        3864M (94%)        3864M (94%)        3864M (94%)        3864M (94%)        3864M (94%)    
[85.997s][info][gc,heap     ] GC(22) Y:      Free:     2656M (65%)        2650M (65%)        3436M (84%)        3560M (87%)        3560M (87%)        2650M (65%)    
[85.997s][info][gc,heap     ] GC(22) Y:      Used:     1440M (35%)        1446M (35%)         660M (16%)         536M (13%)        1446M (35%)         536M (13%)    
[85.997s][info][gc,heap     ] GC(22) Y: Young Generation Statistics:
[85.997s][info][gc,heap     ] GC(22) Y:                Mark Start          Mark End        Relocate Start      Relocate End    
[85.997s][info][gc,heap     ] GC(22) Y:      Used:      922M (23%)         928M (23%)         142M (3%)            6M (0%)     
[85.997s][info][gc,heap     ] GC(22) Y:      Live:         -                 0M (0%)            0M (0%)            0M (0%)     
[85.997s][info][gc,heap     ] GC(22) Y:   Garbage:         -               921M (23%)         135M (3%)            0M (0%)     
[85.997s][info][gc,heap     ] GC(22) Y: Allocated:         -                 6M (0%)            6M (0%)            6M (0%)     
[85.997s][info][gc,heap     ] GC(22) Y: Reclaimed:         -                  -               786M (19%)         921M (23%)    
[85.997s][info][gc,heap     ] GC(22) Y:  Promoted:         -                  -                 0M (0%)            0M (0%)     
[85.997s][info][gc,heap     ] GC(22) Y: Compacted:         -                  -                  -                 0M (0%)     
[85.997s][info][gc,phases   ] GC(22) Y: Young Generation (Promote All) 1440M(35%)->536M(13%) 0.006s
[85.997s][info][gc,phases   ] GC(22) Y: Young Generation (Collect Roots)
[85.997s][info][gc,phases   ] GC(22) Y: Pause Mark Start (Major) 0.008ms
[85.997s][info][safepoint   ] Safepoint "ZMarkStartYoungAndOld", Time since last: 1007700 ns, Reaching safepoint: 12100 ns, At safepoint: 27100 ns, Leaving safepoint: 3600 ns, Total: 42800 ns, Threads: 1 runnable, 56 total
[86.002s][info][gc,phases   ] GC(22) Y: Concurrent Mark 4.321ms
[86.002s][info][gc,phases   ] GC(22) Y: Pause Mark End 0.007ms
[86.002s][info][safepoint   ] Safepoint "ZMarkEndYoung", Time since last: 4361200 ns, Reaching safepoint: 1600 ns, At safepoint: 25000 ns, Leaving safepoint: 2200 ns, Total: 28800 ns, Threads: 0 runnable, 56 total
[86.002s][info][gc,phases   ] GC(22) Y: Concurrent Mark Free 0.001ms
[86.002s][info][gc,phases   ] GC(22) Y: Concurrent Reset Relocation Set 0.001ms
[86.002s][info][gc,reloc    ] GC(22) Y: Using tenuring threshold: 1 (Computed)
[86.002s][info][gc,phases   ] GC(22) Y: Concurrent Select Relocation Set 0.121ms
[86.002s][info][gc,phases   ] GC(22) Y: Pause Relocate Start 0.004ms
[86.002s][info][safepoint   ] Safepoint "ZRelocateStartYoung", Time since last: 169300 ns, Reaching safepoint: 1200 ns, At safepoint: 14100 ns, Leaving safepoint: 1700 ns, Total: 17000 ns, Threads: 0 runnable, 56 total
[86.002s][info][gc,phases   ] GC(22) Y: Concurrent Relocate 0.029ms
[86.002s][info][gc,alloc    ] GC(22) Y:                         Mark Start        Mark End      Relocate Start    Relocate End   
[86.002s][info][gc,alloc    ] GC(22) Y: Allocation Stalls:          0                0                0                0         
[86.002s][info][gc,load     ] GC(22) Y: Load: 0.00 (0%) / 0.00 (0%) / 0.00 (0%)
[86.002s][info][gc,mmu      ] GC(22) Y: MMU: 2ms/97.3%, 5ms/98.9%, 10ms/99.3%, 20ms/99.6%, 50ms/99.8%, 100ms/99.9%
[86.002s][info][gc,marking  ] GC(22) Y: Mark: 4 stripe(s), 3 proactive flush(es), 1 terminate flush(es), 0 completion(s), 0 continuation(s) 
[86.002s][info][gc,nmethod  ] GC(22) Y: NMethods: 5171 registered, 2382 unregistered
[86.002s][info][gc,metaspace] GC(22) Y: Metaspace: 152M used, 153M committed, 1216M reserved
[86.002s][info][gc,reloc    ] GC(22) Y:                        Candidates     Selected     In-Place         Size        Empty    Relocated 
[86.002s][info][gc,reloc    ] GC(22) Y: Small Pages:                    3            0            0           6M           4M           0M 
[86.002s][info][gc,reloc    ] GC(22) Y: Medium Pages:                   0            0            0           0M           0M           0M 
[86.002s][info][gc,reloc    ] GC(22) Y: Large Pages:                    0            0            0           0M           0M           0M 
[86.002s][info][gc,reloc    ] GC(22) Y: Forwarding Usage: 0M
[86.002s][info][gc,reloc    ] GC(22) Y: Age Table:
[86.002s][info][gc,reloc    ] GC(22) Y:                    Live             Garbage             Small              Medium             Large        
[86.002s][info][gc,reloc    ] GC(22) Y: Eden               0M (0%)            5M (0%)           3 / 0              0 / 0              0 / 0        
[86.002s][info][gc,heap     ] GC(22) Y: Min Capacity: 8M(0%)
[86.002s][info][gc,heap     ] GC(22) Y: Max Capacity: 4096M(100%)
[86.002s][info][gc,heap     ] GC(22) Y: Soft Max Capacity: 4096M(100%)
[86.002s][info][gc,heap     ] GC(22) Y: Heap Statistics:
[86.002s][info][gc,heap     ] GC(22) Y:                Mark Start          Mark End        Relocate Start      Relocate End           High               Low         
[86.002s][info][gc,heap     ] GC(22) Y:  Capacity:     3864M (94%)        3864M (94%)        3864M (94%)        3864M (94%)        3864M (94%)        3864M (94%)    
[86.002s][info][gc,heap     ] GC(22) Y:      Free:     3560M (87%)        3554M (87%)        3558M (87%)        3558M (87%)        3560M (87%)        3554M (87%)    
[86.002s][info][gc,heap     ] GC(22) Y:      Used:      536M (13%)         542M (13%)         538M (13%)         538M (13%)         542M (13%)         536M (13%)    
[86.002s][info][gc,heap     ] GC(22) Y: Young Generation Statistics:
[86.002s][info][gc,heap     ] GC(22) Y:                Mark Start          Mark End        Relocate Start      Relocate End    
[86.002s][info][gc,heap     ] GC(22) Y:      Used:        6M (0%)           12M (0%)            8M (0%)            8M (0%)     
[86.002s][info][gc,heap     ] GC(22) Y:      Live:         -                 0M (0%)            0M (0%)            0M (0%)     
[86.002s][info][gc,heap     ] GC(22) Y:   Garbage:         -                 5M (0%)            1M (0%)            1M (0%)     
[86.002s][info][gc,heap     ] GC(22) Y: Allocated:         -                 6M (0%)            6M (0%)            6M (0%)     
[86.002s][info][gc,heap     ] GC(22) Y: Reclaimed:         -                  -                 4M (0%)            4M (0%)     
[86.002s][info][gc,heap     ] GC(22) Y:  Promoted:         -                  -                 0M (0%)            0M (0%)     
[86.002s][info][gc,heap     ] GC(22) Y: Compacted:         -                  -                  -                 0M (0%)     
[86.002s][info][gc,phases   ] GC(22) Y: Young Generation (Collect Roots) 536M(13%)->538M(13%) 0.005s
[86.002s][info][gc,phases   ] GC(22) O: Old Generation
[86.161s][info][gc,phases   ] GC(22) O: Concurrent Mark 159.203ms
[86.161s][info][gc,phases   ] GC(22) O: Pause Mark End 0.016ms
[86.161s][info][safepoint   ] Safepoint "ZMarkEndOld", Time since last: 159543400 ns, Reaching safepoint: 3800 ns, At safepoint: 42300 ns, Leaving safepoint: 3800 ns, Total: 49900 ns, Threads: 0 runnable, 56 total
[86.161s][info][gc,phases   ] GC(22) O: Concurrent Mark Free 0.002ms
[86.164s][info][gc,phases   ] GC(22) O: Concurrent Process Non-Strong 2.950ms
[86.164s][info][gc,phases   ] GC(22) O: Concurrent Reset Relocation Set 0.001ms
[86.165s][info][gc,phases   ] GC(22) O: Concurrent Select Relocation Set 0.218ms
[86.165s][info][gc,task     ] GC(22) O: Using 4 Workers for Old Generation
[86.168s][info][gc,task     ] GC(22) O: Using 4 Workers for Old Generation
[86.168s][info][gc,phases   ] GC(22) O: Concurrent Remap Roots 3.212ms
[86.168s][info][gc,phases   ] GC(22) O: Pause Relocate Start 0.010ms
[86.168s][info][safepoint   ] Safepoint "ZRelocateStartOld", Time since last: 6493900 ns, Reaching safepoint: 2700 ns, At safepoint: 30100 ns, Leaving safepoint: 2200 ns, Total: 35000 ns, Threads: 0 runnable, 56 total
[86.169s][info][gc,phases   ] GC(22) O: Concurrent Relocate 1.289ms
[86.169s][info][gc,alloc    ] GC(22) O:                         Mark Start        Mark End      Relocate Start    Relocate End   
[86.169s][info][gc,alloc    ] GC(22) O: Allocation Stalls:          0                0                0                0         
[86.169s][info][gc,load     ] GC(22) O: Load: 0.00 (0%) / 0.00 (0%) / 0.00 (0%)
[86.169s][info][gc,mmu      ] GC(22) O: MMU: 2ms/97.3%, 5ms/98.9%, 10ms/99.3%, 20ms/99.6%, 50ms/99.8%, 100ms/99.9%
[86.169s][info][gc,marking  ] GC(22) O: Mark: 4 stripe(s), 2 proactive flush(es), 1 terminate flush(es), 0 completion(s), 0 continuation(s) 
[86.169s][info][gc,nmethod  ] GC(22) O: NMethods: 5150 registered, 2404 unregistered
[86.169s][info][gc,metaspace] GC(22) O: Metaspace: 152M used, 153M committed, 1216M reserved
[86.169s][info][gc,ref      ] GC(22) O:                       Encountered   Discovered     Enqueued 
[86.169s][info][gc,ref      ] GC(22) O: Soft References:             5380            0            0 
[86.169s][info][gc,ref      ] GC(22) O: Weak References:            36575        18621            3 
[86.169s][info][gc,ref      ] GC(22) O: Final References:              55            0            0 
[86.169s][info][gc,ref      ] GC(22) O: Phantom References:          1239         1069            5 
[86.169s][info][gc,reloc    ] GC(22) O:                        Candidates     Selected     In-Place         Size        Empty    Relocated 
[86.169s][info][gc,reloc    ] GC(22) O: Small Pages:                  243           10            0         486M           0M           1M 
[86.169s][info][gc,reloc    ] GC(22) O: Medium Pages:                   1            0            0          32M           0M           0M 
[86.169s][info][gc,reloc    ] GC(22) O: Large Pages:                    1            0            0          12M           0M           0M 
[86.169s][info][gc,reloc    ] GC(22) O: Forwarding Usage: 0M
[86.169s][info][gc,heap     ] GC(22) O: Min Capacity: 8M(0%)
[86.169s][info][gc,heap     ] GC(22) O: Max Capacity: 4096M(100%)
[86.169s][info][gc,heap     ] GC(22) O: Soft Max Capacity: 4096M(100%)
[86.169s][info][gc,heap     ] GC(22) O: Heap Statistics:
[86.169s][info][gc,heap     ] GC(22) O:                Mark Start          Mark End        Relocate Start      Relocate End           High               Low         
[86.169s][info][gc,heap     ] GC(22) O:  Capacity:     3864M (94%)        3864M (94%)        3864M (94%)        3864M (94%)        3864M (94%)        3864M (94%)    
[86.169s][info][gc,heap     ] GC(22) O:      Free:     3560M (87%)        3524M (86%)        3522M (86%)        3532M (86%)        3560M (87%)        3510M (86%)    
[86.169s][info][gc,heap     ] GC(22) O:      Used:      536M (13%)         572M (14%)         574M (14%)         564M (14%)         586M (14%)         536M (13%)    
[86.169s][info][gc,heap     ] GC(22) O: Old Generation Statistics:
[86.169s][info][gc,heap     ] GC(22) O:                Mark Start          Mark End        Relocate Start      Relocate End    
[86.169s][info][gc,heap     ] GC(22) O:      Used:      530M (13%)         530M (13%)         530M (13%)         518M (13%)    
[86.169s][info][gc,heap     ] GC(22) O:      Live:         -               487M (12%)         487M (12%)         487M (12%)    
[86.170s][info][gc,heap     ] GC(22) O:   Garbage:         -                42M (1%)           42M (1%)           21M (1%)     
[86.170s][info][gc,heap     ] GC(22) O: Allocated:         -                 0M (0%)            0M (0%)            8M (0%)     
[86.170s][info][gc,heap     ] GC(22) O: Reclaimed:         -                  -                 0M (0%)           20M (0%)     
[86.170s][info][gc,heap     ] GC(22) O: Compacted:         -                  -                  -                 1M (0%)     
[86.170s][info][gc,phases   ] GC(22) O: Old Generation 538M(13%)->564M(14%) 0.167s
[86.170s][info][gc          ] GC(22) Major Collection (System.gc()) 1440M(35%)->564M(14%) 0.179s
[91.171s][info][gc          ] GC(23) Major Collection (System.gc())
[91.171s][info][gc,task     ] GC(23) Using 4 Workers for Young Generation
[91.171s][info][gc,task     ] GC(23) Using 4 Workers for Old Generation
[91.171s][info][gc,phases   ] GC(23) Y: Young Generation (Promote All)
[91.171s][info][gc,phases   ] GC(23) Y: Pause Mark Start 0.016ms
[91.171s][info][safepoint   ] Safepoint "ZMarkStartYoung", Time since last: 5002889000 ns, Reaching safepoint: 18300 ns, At safepoint: 43700 ns, Leaving safepoint: 9100 ns, Total: 71100 ns, Threads: 2 runnable, 60 total
[91.176s][info][gc,phases   ] GC(23) Y: Concurrent Mark 5.204ms
[91.176s][info][gc,phases   ] GC(23) Y: Pause Mark End 0.008ms
[91.176s][info][safepoint   ] Safepoint "ZMarkEndYoung", Time since last: 5251100 ns, Reaching safepoint: 11800 ns, At safepoint: 27300 ns, Leaving safepoint: 3300 ns, Total: 42400 ns, Threads: 1 runnable, 60 total
[91.176s][info][gc,phases   ] GC(23) Y: Concurrent Mark Free 0.002ms
[91.176s][info][gc,phases   ] GC(23) Y: Concurrent Reset Relocation Set 0.000ms
[91.176s][info][gc,reloc    ] GC(23) Y: Using tenuring threshold: 0 (Promote All)
[91.177s][info][gc,phases   ] GC(23) Y: Concurrent Select Relocation Set 0.247ms
[91.177s][info][gc,phases   ] GC(23) Y: Pause Relocate Start 0.006ms
[91.177s][info][safepoint   ] Safepoint "ZRelocateStartYoung", Time since last: 318400 ns, Reaching safepoint: 12300 ns, At safepoint: 25900 ns, Leaving safepoint: 6200 ns, Total: 44400 ns, Threads: 1 runnable, 60 total
[91.177s][info][gc,phases   ] GC(23) Y: Concurrent Relocate 0.766ms
[91.177s][info][gc,alloc    ] GC(23) Y:                         Mark Start        Mark End      Relocate Start    Relocate End   
[91.177s][info][gc,alloc    ] GC(23) Y: Allocation Stalls:          0                0                0                0         
[91.177s][info][gc,load     ] GC(23) Y: Load: 0.00 (0%) / 0.00 (0%) / 0.00 (0%)
[91.177s][info][gc,mmu      ] GC(23) Y: MMU: 2ms/97.3%, 5ms/98.9%, 10ms/99.3%, 20ms/99.6%, 50ms/99.8%, 100ms/99.9%
[91.177s][info][gc,marking  ] GC(23) Y: Mark: 4 stripe(s), 2 proactive flush(es), 1 terminate flush(es), 0 completion(s), 0 continuation(s) 
[91.177s][info][gc,nmethod  ] GC(23) Y: NMethods: 5366 registered, 2404 unregistered
[91.177s][info][gc,metaspace] GC(23) Y: Metaspace: 152M used, 153M committed, 1216M reserved
[91.177s][info][gc,reloc    ] GC(23) Y:                        Candidates     Selected     In-Place         Size        Empty    Relocated 
[91.177s][info][gc,reloc    ] GC(23) Y: Small Pages:                  456           69            0         912M         772M           0M 
[91.177s][info][gc,reloc    ] GC(23) Y: Medium Pages:                   0            0            0           0M           0M           0M 
[91.177s][info][gc,reloc    ] GC(23) Y: Large Pages:                    0            0            0           0M           0M           0M 
[91.177s][info][gc,reloc    ] GC(23) Y: Forwarding Usage: 0M
[91.177s][info][gc,reloc    ] GC(23) Y: Age Table:
[91.177s][info][gc,reloc    ] GC(23) Y:                    Live             Garbage             Small              Medium             Large        
[91.178s][info][gc,reloc    ] GC(23) Y: Eden               0M (0%)          909M (22%)        455 / 69             0 / 0              0 / 0        
[91.178s][info][gc,reloc    ] GC(23) Y: Survivor 1          -                 2M (0%)           1 / 0              0 / 0              0 / 0        
[91.178s][info][gc,heap     ] GC(23) Y: Min Capacity: 8M(0%)
[91.178s][info][gc,heap     ] GC(23) Y: Max Capacity: 4096M(100%)
[91.178s][info][gc,heap     ] GC(23) Y: Soft Max Capacity: 4096M(100%)
[91.178s][info][gc,heap     ] GC(23) Y: Heap Statistics:
[91.178s][info][gc,heap     ] GC(23) Y:                Mark Start          Mark End        Relocate Start      Relocate End           High               Low         
[91.178s][info][gc,heap     ] GC(23) Y:  Capacity:     3864M (94%)        3864M (94%)        3864M (94%)        3864M (94%)        3864M (94%)        3864M (94%)    
[91.178s][info][gc,heap     ] GC(23) Y:      Free:     2666M (65%)        2660M (65%)        3428M (84%)        3558M (87%)        3558M (87%)        2660M (65%)    
[91.178s][info][gc,heap     ] GC(23) Y:      Used:     1430M (35%)        1436M (35%)         668M (16%)         538M (13%)        1436M (35%)         538M (13%)    
[91.178s][info][gc,heap     ] GC(23) Y: Young Generation Statistics:
[91.178s][info][gc,heap     ] GC(23) Y:                Mark Start          Mark End        Relocate Start      Relocate End    
[91.178s][info][gc,heap     ] GC(23) Y:      Used:      912M (22%)         918M (22%)         150M (4%)           10M (0%)     
[91.178s][info][gc,heap     ] GC(23) Y:      Live:         -                 0M (0%)            0M (0%)            0M (0%)     
[91.178s][info][gc,heap     ] GC(23) Y:   Garbage:         -               911M (22%)         139M (3%)            0M (0%)     
[91.178s][info][gc,heap     ] GC(23) Y: Allocated:         -                 6M (0%)           10M (0%)           10M (0%)     
[91.178s][info][gc,heap     ] GC(23) Y: Reclaimed:         -                  -               772M (19%)         911M (22%)    
[91.178s][info][gc,heap     ] GC(23) Y:  Promoted:         -                  -                 0M (0%)            0M (0%)     
[91.178s][info][gc,heap     ] GC(23) Y: Compacted:         -                  -                  -                 0M (0%)     
[91.178s][info][gc,phases   ] GC(23) Y: Young Generation (Promote All) 1430M(35%)->538M(13%) 0.007s
[91.178s][info][gc,phases   ] GC(23) Y: Young Generation (Collect Roots)
[91.178s][info][gc,phases   ] GC(23) Y: Pause Mark Start (Major) 0.009ms
[91.178s][info][safepoint   ] Safepoint "ZMarkStartYoungAndOld", Time since last: 1066400 ns, Reaching safepoint: 12700 ns, At safepoint: 32600 ns, Leaving safepoint: 5900 ns, Total: 51200 ns, Threads: 1 runnable, 60 total
[91.182s][info][gc,phases   ] GC(23) Y: Concurrent Mark 4.111ms
[91.182s][info][gc,phases   ] GC(23) Y: Pause Mark End 0.006ms
[91.182s][info][safepoint   ] Safepoint "ZMarkEndYoung", Time since last: 4152900 ns, Reaching safepoint: 12500 ns, At safepoint: 24900 ns, Leaving safepoint: 3600 ns, Total: 41000 ns, Threads: 1 runnable, 60 total
[91.182s][info][gc,phases   ] GC(23) Y: Concurrent Mark Free 0.001ms
[91.182s][info][gc,phases   ] GC(23) Y: Concurrent Reset Relocation Set 0.001ms
[91.182s][info][gc,reloc    ] GC(23) Y: Using tenuring threshold: 1 (Computed)
[91.182s][info][gc,phases   ] GC(23) Y: Concurrent Select Relocation Set 0.107ms
[91.182s][info][gc,phases   ] GC(23) Y: Pause Relocate Start 0.005ms
[91.182s][info][safepoint   ] Safepoint "ZRelocateStartYoung", Time since last: 167100 ns, Reaching safepoint: 2000 ns, At safepoint: 19100 ns, Leaving safepoint: 3500 ns, Total: 24600 ns, Threads: 0 runnable, 60 total
[91.182s][info][gc,phases   ] GC(23) Y: Concurrent Relocate 0.105ms
[91.182s][info][gc,alloc    ] GC(23) Y:                         Mark Start        Mark End      Relocate Start    Relocate End   
[91.182s][info][gc,alloc    ] GC(23) Y: Allocation Stalls:          0                0                0                0         
[91.182s][info][gc,load     ] GC(23) Y: Load: 0.00 (0%) / 0.00 (0%) / 0.00 (0%)
[91.182s][info][gc,mmu      ] GC(23) Y: MMU: 2ms/97.3%, 5ms/98.9%, 10ms/99.3%, 20ms/99.6%, 50ms/99.8%, 100ms/99.9%
[91.182s][info][gc,marking  ] GC(23) Y: Mark: 4 stripe(s), 2 proactive flush(es), 1 terminate flush(es), 0 completion(s), 0 continuation(s) 
[91.182s][info][gc,nmethod  ] GC(23) Y: NMethods: 5367 registered, 2404 unregistered
[91.182s][info][gc,metaspace] GC(23) Y: Metaspace: 152M used, 153M committed, 1216M reserved
[91.182s][info][gc,reloc    ] GC(23) Y:                        Candidates     Selected     In-Place         Size        Empty    Relocated 
[91.182s][info][gc,reloc    ] GC(23) Y: Small Pages:                    5            2            0          10M           4M           0M 
[91.182s][info][gc,reloc    ] GC(23) Y: Medium Pages:                   0            0            0           0M           0M           0M 
[91.182s][info][gc,reloc    ] GC(23) Y: Large Pages:                    0            0            0           0M           0M           0M 
[91.182s][info][gc,reloc    ] GC(23) Y: Forwarding Usage: 0M
[91.182s][info][gc,reloc    ] GC(23) Y: Age Table:
[91.182s][info][gc,reloc    ] GC(23) Y:                    Live             Garbage             Small              Medium             Large        
[91.182s][info][gc,reloc    ] GC(23) Y: Eden               0M (0%)            9M (0%)           5 / 2              0 / 0              0 / 0        
[91.182s][info][gc,heap     ] GC(23) Y: Min Capacity: 8M(0%)
[91.182s][info][gc,heap     ] GC(23) Y: Max Capacity: 4096M(100%)
[91.182s][info][gc,heap     ] GC(23) Y: Soft Max Capacity: 4096M(100%)
[91.182s][info][gc,heap     ] GC(23) Y: Heap Statistics:
[91.182s][info][gc,heap     ] GC(23) Y:                Mark Start          Mark End        Relocate Start      Relocate End           High               Low         
[91.182s][info][gc,heap     ] GC(23) Y:  Capacity:     3864M (94%)        3864M (94%)        3864M (94%)        3864M (94%)        3864M (94%)        3864M (94%)    
[91.182s][info][gc,heap     ] GC(23) Y:      Free:     3558M (87%)        3552M (87%)        3556M (87%)        3556M (87%)        3558M (87%)        3550M (87%)    
[91.182s][info][gc,heap     ] GC(23) Y:      Used:      538M (13%)         544M (13%)         540M (13%)         540M (13%)         546M (13%)         538M (13%)    
[91.182s][info][gc,heap     ] GC(23) Y: Young Generation Statistics:
[91.182s][info][gc,heap     ] GC(23) Y:                Mark Start          Mark End        Relocate Start      Relocate End    
[91.182s][info][gc,heap     ] GC(23) Y:      Used:       10M (0%)           16M (0%)           12M (0%)           12M (0%)     
[91.182s][info][gc,heap     ] GC(23) Y:      Live:         -                 0M (0%)            0M (0%)            0M (0%)     
[91.182s][info][gc,heap     ] GC(23) Y:   Garbage:         -                 9M (0%)            5M (0%)            0M (0%)     
[91.182s][info][gc,heap     ] GC(23) Y: Allocated:         -                 6M (0%)            6M (0%)           11M (0%)     
[91.182s][info][gc,heap     ] GC(23) Y: Reclaimed:         -                  -                 4M (0%)            9M (0%)     
[91.182s][info][gc,heap     ] GC(23) Y:  Promoted:         -                  -                 0M (0%)            0M (0%)     
[91.183s][info][gc,heap     ] GC(23) Y: Compacted:         -                  -                  -                 0M (0%)     
[91.183s][info][gc,phases   ] GC(23) Y: Young Generation (Collect Roots) 538M(13%)->540M(13%) 0.005s
[91.183s][info][gc,phases   ] GC(23) O: Old Generation
[91.344s][info][gc,phases   ] GC(23) O: Concurrent Mark 161.129ms
[91.344s][info][gc,phases   ] GC(23) O: Pause Mark End 0.015ms
[91.344s][info][safepoint   ] Safepoint "ZMarkEndOld", Time since last: 161606500 ns, Reaching safepoint: 3100 ns, At safepoint: 37000 ns, Leaving safepoint: 2400 ns, Total: 42500 ns, Threads: 0 runnable, 60 total
[91.344s][info][gc,phases   ] GC(23) O: Concurrent Mark Free 0.003ms
[91.348s][info][gc,phases   ] GC(23) O: Concurrent Process Non-Strong 4.224ms
[91.348s][info][safepoint   ] Safepoint "CleanClassLoaderDataMetaspaces", Time since last: 4212300 ns, Reaching safepoint: 15200 ns, At safepoint: 54500 ns, Leaving safepoint: 5000 ns, Total: 74700 ns, Threads: 2 runnable, 60 total
[91.348s][info][gc,phases   ] GC(23) O: Concurrent Reset Relocation Set 0.001ms
[91.348s][info][gc,phases   ] GC(23) O: Concurrent Select Relocation Set 0.254ms
[91.348s][info][gc,task     ] GC(23) O: Using 4 Workers for Old Generation
[91.351s][info][gc,task     ] GC(23) O: Using 4 Workers for Old Generation
[91.351s][info][gc,phases   ] GC(23) O: Concurrent Remap Roots 2.295ms
[91.351s][info][gc,phases   ] GC(23) O: Pause Relocate Start 0.008ms
[91.351s][info][safepoint   ] Safepoint "ZRelocateStartOld", Time since last: 2625300 ns, Reaching safepoint: 2100 ns, At safepoint: 29500 ns, Leaving safepoint: 3700 ns, Total: 35300 ns, Threads: 0 runnable, 60 total
[91.352s][info][gc,phases   ] GC(23) O: Concurrent Relocate 1.201ms
[91.352s][info][gc,alloc    ] GC(23) O:                         Mark Start        Mark End      Relocate Start    Relocate End   
[91.352s][info][gc,alloc    ] GC(23) O: Allocation Stalls:          0                0                0                0         
[91.352s][info][gc,load     ] GC(23) O: Load: 0.00 (0%) / 0.00 (0%) / 0.00 (0%)
[91.352s][info][gc,mmu      ] GC(23) O: MMU: 2ms/97.3%, 5ms/98.9%, 10ms/99.3%, 20ms/99.6%, 50ms/99.8%, 100ms/99.9%
[91.352s][info][gc,marking  ] GC(23) O: Mark: 4 stripe(s), 4 proactive flush(es), 1 terminate flush(es), 0 completion(s), 0 continuation(s) 
[91.352s][info][gc,nmethod  ] GC(23) O: NMethods: 5236 registered, 2539 unregistered
[91.352s][info][gc,metaspace] GC(23) O: Metaspace: 152M used, 153M committed, 1216M reserved
[91.352s][info][gc,ref      ] GC(23) O:                       Encountered   Discovered     Enqueued 
[91.352s][info][gc,ref      ] GC(23) O: Soft References:             5380            0            0 
[91.352s][info][gc,ref      ] GC(23) O: Weak References:            36581        20506            3 
[91.352s][info][gc,ref      ] GC(23) O: Final References:              55            1            0 
[91.352s][info][gc,ref      ] GC(23) O: Phantom References:          1239          789            5 
[91.352s][info][gc,reloc    ] GC(23) O:                        Candidates     Selected     In-Place         Size        Empty    Relocated 
[91.352s][info][gc,reloc    ] GC(23) O: Small Pages:                  242            9            0         484M           0M           2M 
[91.352s][info][gc,reloc    ] GC(23) O: Medium Pages:                   1            0            0          32M           0M           0M 
[91.352s][info][gc,reloc    ] GC(23) O: Large Pages:                    1            0            0          12M           0M           0M 
[91.352s][info][gc,reloc    ] GC(23) O: Forwarding Usage: 1M
[91.352s][info][gc,heap     ] GC(23) O: Min Capacity: 8M(0%)
[91.352s][info][gc,heap     ] GC(23) O: Max Capacity: 4096M(100%)
[91.352s][info][gc,heap     ] GC(23) O: Soft Max Capacity: 4096M(100%)
[91.352s][info][gc,heap     ] GC(23) O: Heap Statistics:
[91.352s][info][gc,heap     ] GC(23) O:                Mark Start          Mark End        Relocate Start      Relocate End           High               Low         
[91.352s][info][gc,heap     ] GC(23) O:  Capacity:     3864M (94%)        3864M (94%)        3864M (94%)        3864M (94%)        3864M (94%)        3864M (94%)    
[91.352s][info][gc,heap     ] GC(23) O:      Free:     3558M (87%)        3524M (86%)        3522M (86%)        3532M (86%)        3558M (87%)        3512M (86%)    
[91.352s][info][gc,heap     ] GC(23) O:      Used:      538M (13%)         572M (14%)         574M (14%)         564M (14%)         584M (14%)         538M (13%)    
[91.352s][info][gc,heap     ] GC(23) O: Old Generation Statistics:
[91.352s][info][gc,heap     ] GC(23) O:                Mark Start          Mark End        Relocate Start      Relocate End    
[91.352s][info][gc,heap     ] GC(23) O:      Used:      528M (13%)         528M (13%)         528M (13%)         518M (13%)    
[91.352s][info][gc,heap     ] GC(23) O:      Live:         -               487M (12%)         487M (12%)         487M (12%)    
[91.352s][info][gc,heap     ] GC(23) O:   Garbage:         -                40M (1%)           40M (1%)           21M (1%)     
[91.352s][info][gc,heap     ] GC(23) O: Allocated:         -                 0M (0%)            0M (0%)            8M (0%)     
[91.352s][info][gc,heap     ] GC(23) O: Reclaimed:         -                  -                 0M (0%)           18M (0%)     
[91.352s][info][gc,heap     ] GC(23) O: Compacted:         -                  -                  -                 3M (0%)     
[91.352s][info][gc,phases   ] GC(23) O: Old Generation 540M(13%)->564M(14%) 0.169s
[91.352s][info][gc          ] GC(23) Major Collection (System.gc()) 1430M(35%)->564M(14%) 0.181s
[96.354s][info][gc          ] GC(24) Major Collection (System.gc())
[96.354s][info][gc,task     ] GC(24) Using 4 Workers for Young Generation
[96.354s][info][gc,task     ] GC(24) Using 4 Workers for Old Generation
[96.354s][info][gc,phases   ] GC(24) Y: Young Generation (Promote All)
[96.354s][info][gc,phases   ] GC(24) Y: Pause Mark Start 0.015ms
[96.354s][info][safepoint   ] Safepoint "ZMarkStartYoung", Time since last: 5002971600 ns, Reaching safepoint: 16100 ns, At safepoint: 38200 ns, Leaving safepoint: 5100 ns, Total: 59400 ns, Threads: 1 runnable, 54 total
[96.359s][info][gc,phases   ] GC(24) Y: Concurrent Mark 4.979ms
[96.359s][info][gc,phases   ] GC(24) Y: Pause Mark End 0.008ms
[96.359s][info][safepoint   ] Safepoint "ZMarkEndYoung", Time since last: 5027300 ns, Reaching safepoint: 1800 ns, At safepoint: 26500 ns, Leaving safepoint: 2100 ns, Total: 30400 ns, Threads: 0 runnable, 54 total
[96.359s][info][gc,phases   ] GC(24) Y: Concurrent Mark Free 0.002ms
[96.359s][info][gc,phases   ] GC(24) Y: Concurrent Reset Relocation Set 0.001ms
[96.359s][info][gc,reloc    ] GC(24) Y: Using tenuring threshold: 0 (Promote All)
[96.359s][info][gc,phases   ] GC(24) Y: Concurrent Select Relocation Set 0.230ms
[96.359s][info][gc,phases   ] GC(24) Y: Pause Relocate Start 0.005ms
[96.359s][info][safepoint   ] Safepoint "ZRelocateStartYoung", Time since last: 294200 ns, Reaching safepoint: 1800 ns, At safepoint: 14300 ns, Leaving safepoint: 1900 ns, Total: 18000 ns, Threads: 0 runnable, 54 total
[96.360s][info][gc,phases   ] GC(24) Y: Concurrent Relocate 0.954ms
[96.360s][info][gc,alloc    ] GC(24) Y:                         Mark Start        Mark End      Relocate Start    Relocate End   
[96.360s][info][gc,alloc    ] GC(24) Y: Allocation Stalls:          0                0                0                0         
[96.360s][info][gc,load     ] GC(24) Y: Load: 0.00 (0%) / 0.00 (0%) / 0.00 (0%)
[96.360s][info][gc,mmu      ] GC(24) Y: MMU: 2ms/97.3%, 5ms/98.9%, 10ms/99.3%, 20ms/99.6%, 50ms/99.8%, 100ms/99.9%
[96.360s][info][gc,marking  ] GC(24) Y: Mark: 4 stripe(s), 2 proactive flush(es), 1 terminate flush(es), 0 completion(s), 0 continuation(s) 
[96.360s][info][gc,nmethod  ] GC(24) Y: NMethods: 5319 registered, 2539 unregistered
[96.360s][info][gc,metaspace] GC(24) Y: Metaspace: 152M used, 154M committed, 1216M reserved
[96.360s][info][gc,reloc    ] GC(24) Y:                        Candidates     Selected     In-Place         Size        Empty    Relocated 
[96.360s][info][gc,reloc    ] GC(24) Y: Small Pages:                  452           76            0         904M         750M           0M 
[96.360s][info][gc,reloc    ] GC(24) Y: Medium Pages:                   0            0            0           0M           0M           0M 
[96.360s][info][gc,reloc    ] GC(24) Y: Large Pages:                    0            0            0           0M           0M           0M 
[96.360s][info][gc,reloc    ] GC(24) Y: Forwarding Usage: 0M
[96.360s][info][gc,reloc    ] GC(24) Y: Age Table:
[96.360s][info][gc,reloc    ] GC(24) Y:                    Live             Garbage             Small              Medium             Large        
[96.360s][info][gc,reloc    ] GC(24) Y: Eden               0M (0%)          897M (22%)        449 / 75             0 / 0              0 / 0        
[96.360s][info][gc,reloc    ] GC(24) Y: Survivor 1         0M (0%)            5M (0%)           3 / 1              0 / 0              0 / 0        
[96.360s][info][gc,heap     ] GC(24) Y: Min Capacity: 8M(0%)
[96.360s][info][gc,heap     ] GC(24) Y: Max Capacity: 4096M(100%)
[96.360s][info][gc,heap     ] GC(24) Y: Soft Max Capacity: 4096M(100%)
[96.360s][info][gc,heap     ] GC(24) Y: Heap Statistics:
[96.360s][info][gc,heap     ] GC(24) Y:                Mark Start          Mark End        Relocate Start      Relocate End           High               Low         
[96.360s][info][gc,heap     ] GC(24) Y:  Capacity:     3864M (94%)        3864M (94%)        3864M (94%)        3864M (94%)        3864M (94%)        3864M (94%)    
[96.360s][info][gc,heap     ] GC(24) Y:      Free:     2674M (65%)        2668M (65%)        3416M (83%)        3560M (87%)        3560M (87%)        2668M (65%)    
[96.360s][info][gc,heap     ] GC(24) Y:      Used:     1422M (35%)        1428M (35%)         680M (17%)         536M (13%)        1428M (35%)         536M (13%)    
[96.360s][info][gc,heap     ] GC(24) Y: Young Generation Statistics:
[96.360s][info][gc,heap     ] GC(24) Y:                Mark Start          Mark End        Relocate Start      Relocate End    
[96.360s][info][gc,heap     ] GC(24) Y:      Used:      904M (22%)         910M (22%)         162M (4%)            8M (0%)     
[96.360s][info][gc,heap     ] GC(24) Y:      Live:         -                 0M (0%)            0M (0%)            0M (0%)     
[96.360s][info][gc,heap     ] GC(24) Y:   Garbage:         -               903M (22%)         153M (4%)            0M (0%)     
[96.360s][info][gc,heap     ] GC(24) Y: Allocated:         -                 6M (0%)            8M (0%)            8M (0%)     
[96.360s][info][gc,heap     ] GC(24) Y: Reclaimed:         -                  -               750M (18%)         903M (22%)    
[96.360s][info][gc,heap     ] GC(24) Y:  Promoted:         -                  -                 0M (0%)            0M (0%)     
[96.360s][info][gc,heap     ] GC(24) Y: Compacted:         -                  -                  -                 0M (0%)     
[96.360s][info][gc,phases   ] GC(24) Y: Young Generation (Promote All) 1422M(35%)->536M(13%) 0.006s
[96.360s][info][gc,phases   ] GC(24) Y: Young Generation (Collect Roots)
[96.360s][info][gc,phases   ] GC(24) Y: Pause Mark Start (Major) 0.009ms
[96.360s][info][safepoint   ] Safepoint "ZMarkStartYoungAndOld", Time since last: 1241400 ns, Reaching safepoint: 2100 ns, At safepoint: 28400 ns, Leaving safepoint: 3800 ns, Total: 34300 ns, Threads: 0 runnable, 54 total
[96.365s][info][gc,phases   ] GC(24) Y: Concurrent Mark 4.206ms
[96.365s][info][gc,phases   ] GC(24) Y: Pause Mark End 0.006ms
[96.365s][info][safepoint   ] Safepoint "ZMarkEndYoung", Time since last: 4249000 ns, Reaching safepoint: 1800 ns, At safepoint: 26400 ns, Leaving safepoint: 3500 ns, Total: 31700 ns, Threads: 0 runnable, 54 total
[96.365s][info][gc,phases   ] GC(24) Y: Concurrent Mark Free 0.001ms
[96.365s][info][gc,phases   ] GC(24) Y: Concurrent Reset Relocation Set 0.001ms
[96.365s][info][gc,reloc    ] GC(24) Y: Using tenuring threshold: 1 (Computed)
[96.365s][info][gc,phases   ] GC(24) Y: Concurrent Select Relocation Set 0.120ms
[96.365s][info][gc,phases   ] GC(24) Y: Pause Relocate Start 0.006ms
[96.365s][info][safepoint   ] Safepoint "ZRelocateStartYoung", Time since last: 197300 ns, Reaching safepoint: 2000 ns, At safepoint: 24800 ns, Leaving safepoint: 4100 ns, Total: 30900 ns, Threads: 1 runnable, 54 total
[96.365s][info][gc,phases   ] GC(24) Y: Concurrent Relocate 0.090ms
[96.365s][info][gc,alloc    ] GC(24) Y:                         Mark Start        Mark End      Relocate Start    Relocate End   
[96.365s][info][gc,alloc    ] GC(24) Y: Allocation Stalls:          0                0                0                0         
[96.365s][info][gc,load     ] GC(24) Y: Load: 0.00 (0%) / 0.00 (0%) / 0.00 (0%)
[96.365s][info][gc,mmu      ] GC(24) Y: MMU: 2ms/97.3%, 5ms/98.9%, 10ms/99.3%, 20ms/99.6%, 50ms/99.8%, 100ms/99.9%
[96.365s][info][gc,marking  ] GC(24) Y: Mark: 4 stripe(s), 3 proactive flush(es), 1 terminate flush(es), 0 completion(s), 0 continuation(s) 
[96.365s][info][gc,nmethod  ] GC(24) Y: NMethods: 5319 registered, 2539 unregistered
[96.365s][info][gc,metaspace] GC(24) Y: Metaspace: 152M used, 154M committed, 1216M reserved
[96.365s][info][gc,reloc    ] GC(24) Y:                        Candidates     Selected     In-Place         Size        Empty    Relocated 
[96.365s][info][gc,reloc    ] GC(24) Y: Small Pages:                    4            1            0           8M           4M           0M 
[96.365s][info][gc,reloc    ] GC(24) Y: Medium Pages:                   0            0            0           0M           0M           0M 
[96.365s][info][gc,reloc    ] GC(24) Y: Large Pages:                    0            0            0           0M           0M           0M 
[96.365s][info][gc,reloc    ] GC(24) Y: Forwarding Usage: 0M
[96.365s][info][gc,reloc    ] GC(24) Y: Age Table:
[96.365s][info][gc,reloc    ] GC(24) Y:                    Live             Garbage             Small              Medium             Large        
[96.365s][info][gc,reloc    ] GC(24) Y: Eden               0M (0%)            7M (0%)           4 / 1              0 / 0              0 / 0        
[96.365s][info][gc,heap     ] GC(24) Y: Min Capacity: 8M(0%)
[96.365s][info][gc,heap     ] GC(24) Y: Max Capacity: 4096M(100%)
[96.365s][info][gc,heap     ] GC(24) Y: Soft Max Capacity: 4096M(100%)
[96.365s][info][gc,heap     ] GC(24) Y: Heap Statistics:
[96.365s][info][gc,heap     ] GC(24) Y:                Mark Start          Mark End        Relocate Start      Relocate End           High               Low         
[96.365s][info][gc,heap     ] GC(24) Y:  Capacity:     3864M (94%)        3864M (94%)        3864M (94%)        3864M (94%)        3864M (94%)        3864M (94%)    
[96.365s][info][gc,heap     ] GC(24) Y:      Free:     3560M (87%)        3554M (87%)        3558M (87%)        3558M (87%)        3560M (87%)        3554M (87%)    
[96.365s][info][gc,heap     ] GC(24) Y:      Used:      536M (13%)         542M (13%)         538M (13%)         538M (13%)         542M (13%)         536M (13%)    
[96.365s][info][gc,heap     ] GC(24) Y: Young Generation Statistics:
[96.365s][info][gc,heap     ] GC(24) Y:                Mark Start          Mark End        Relocate Start      Relocate End    
[96.365s][info][gc,heap     ] GC(24) Y:      Used:        8M (0%)           14M (0%)           10M (0%)           10M (0%)     
[96.365s][info][gc,heap     ] GC(24) Y:      Live:         -                 0M (0%)            0M (0%)            0M (0%)     
[96.365s][info][gc,heap     ] GC(24) Y:   Garbage:         -                 7M (0%)            3M (0%)            0M (0%)     
[96.365s][info][gc,heap     ] GC(24) Y: Allocated:         -                 6M (0%)            6M (0%)            9M (0%)     
[96.365s][info][gc,heap     ] GC(24) Y: Reclaimed:         -                  -                 4M (0%)            7M (0%)     
[96.365s][info][gc,heap     ] GC(24) Y:  Promoted:         -                  -                 0M (0%)            0M (0%)     
[96.365s][info][gc,heap     ] GC(24) Y: Compacted:         -                  -                  -                 0M (0%)     
[96.365s][info][gc,phases   ] GC(24) Y: Young Generation (Collect Roots) 536M(13%)->538M(13%) 0.005s
[96.365s][info][gc,phases   ] GC(24) O: Old Generation
[96.531s][info][gc,phases   ] GC(24) O: Concurrent Mark 166.026ms
[96.531s][info][gc,phases   ] GC(24) O: Pause Mark End 0.015ms
[96.531s][info][safepoint   ] Safepoint "ZMarkEndOld", Time since last: 166472900 ns, Reaching safepoint: 5100 ns, At safepoint: 40500 ns, Leaving safepoint: 2600 ns, Total: 48200 ns, Threads: 0 runnable, 54 total
[96.531s][info][gc,phases   ] GC(24) O: Concurrent Mark Free 0.004ms
[96.535s][info][gc,phases   ] GC(24) O: Concurrent Process Non-Strong 3.373ms
[96.535s][info][gc,phases   ] GC(24) O: Concurrent Reset Relocation Set 0.001ms
[96.535s][info][gc,phases   ] GC(24) O: Concurrent Select Relocation Set 0.083ms
[96.535s][info][gc,task     ] GC(24) O: Using 4 Workers for Old Generation
[96.538s][info][gc,task     ] GC(24) O: Using 4 Workers for Old Generation
[96.538s][info][gc,phases   ] GC(24) O: Concurrent Remap Roots 3.305ms
[96.538s][info][gc,phases   ] GC(24) O: Pause Relocate Start 0.009ms
[96.538s][info][safepoint   ] Safepoint "ZRelocateStartOld", Time since last: 6907100 ns, Reaching safepoint: 13200 ns, At safepoint: 30000 ns, Leaving safepoint: 3600 ns, Total: 46800 ns, Threads: 1 runnable, 54 total
[96.539s][info][gc,phases   ] GC(24) O: Concurrent Relocate 1.081ms
[96.539s][info][gc,alloc    ] GC(24) O:                         Mark Start        Mark End      Relocate Start    Relocate End   
[96.539s][info][gc,alloc    ] GC(24) O: Allocation Stalls:          0                0                0                0         
[96.539s][info][gc,load     ] GC(24) O: Load: 0.00 (0%) / 0.00 (0%) / 0.00 (0%)
[96.540s][info][gc,mmu      ] GC(24) O: MMU: 2ms/97.3%, 5ms/98.9%, 10ms/99.3%, 20ms/99.6%, 50ms/99.8%, 100ms/99.9%
[96.540s][info][gc,marking  ] GC(24) O: Mark: 4 stripe(s), 2 proactive flush(es), 1 terminate flush(es), 0 completion(s), 0 continuation(s) 
[96.540s][info][gc,nmethod  ] GC(24) O: NMethods: 5303 registered, 2556 unregistered
[96.540s][info][gc,metaspace] GC(24) O: Metaspace: 152M used, 154M committed, 1216M reserved
[96.540s][info][gc,ref      ] GC(24) O:                       Encountered   Discovered     Enqueued 
[96.540s][info][gc,ref      ] GC(24) O: Soft References:             5380            0            0 
[96.540s][info][gc,ref      ] GC(24) O: Weak References:            36574        19918            0 
[96.540s][info][gc,ref      ] GC(24) O: Final References:              55            0            0 
[96.540s][info][gc,ref      ] GC(24) O: Phantom References:          1239          915            5 
[96.540s][info][gc,reloc    ] GC(24) O:                        Candidates     Selected     In-Place         Size        Empty    Relocated 
[96.540s][info][gc,reloc    ] GC(24) O: Small Pages:                  242            9            0         484M           0M           1M 
[96.540s][info][gc,reloc    ] GC(24) O: Medium Pages:                   1            0            0          32M           0M           0M 
[96.540s][info][gc,reloc    ] GC(24) O: Large Pages:                    1            0            0          12M           0M           0M 
[96.540s][info][gc,reloc    ] GC(24) O: Forwarding Usage: 0M
[96.540s][info][gc,heap     ] GC(24) O: Min Capacity: 8M(0%)
[96.540s][info][gc,heap     ] GC(24) O: Max Capacity: 4096M(100%)
[96.540s][info][gc,heap     ] GC(24) O: Soft Max Capacity: 4096M(100%)
[96.540s][info][gc,heap     ] GC(24) O: Heap Statistics:
[96.540s][info][gc,heap     ] GC(24) O:                Mark Start          Mark End        Relocate Start      Relocate End           High               Low         
[96.540s][info][gc,heap     ] GC(24) O:  Capacity:     3864M (94%)        3864M (94%)        3864M (94%)        3864M (94%)        3864M (94%)        3864M (94%)    
[96.540s][info][gc,heap     ] GC(24) O:      Free:     3560M (87%)        3526M (86%)        3522M (86%)        3532M (86%)        3560M (87%)        3512M (86%)    
[96.540s][info][gc,heap     ] GC(24) O:      Used:      536M (13%)         570M (14%)         574M (14%)         564M (14%)         584M (14%)         536M (13%)    
[96.540s][info][gc,heap     ] GC(24) O: Old Generation Statistics:
[96.540s][info][gc,heap     ] GC(24) O:                Mark Start          Mark End        Relocate Start      Relocate End    
[96.540s][info][gc,heap     ] GC(24) O:      Used:      528M (13%)         528M (13%)         528M (13%)         518M (13%)    
[96.540s][info][gc,heap     ] GC(24) O:      Live:         -               487M (12%)         487M (12%)         487M (12%)    
[96.540s][info][gc,heap     ] GC(24) O:   Garbage:         -                40M (1%)           40M (1%)           22M (1%)     
[96.540s][info][gc,heap     ] GC(24) O: Allocated:         -                 0M (0%)            0M (0%)            8M (0%)     
[96.540s][info][gc,heap     ] GC(24) O: Reclaimed:         -                  -                 0M (0%)           18M (0%)     
[96.540s][info][gc,heap     ] GC(24) O: Compacted:         -                  -                  -                 1M (0%)     
[96.540s][info][gc,phases   ] GC(24) O: Old Generation 538M(13%)->564M(14%) 0.174s
[96.540s][info][gc          ] GC(24) Major Collection (System.gc()) 1422M(35%)->564M(14%) 0.186s
[101.541s][info][gc          ] GC(25) Major Collection (System.gc())
[101.541s][info][gc,task     ] GC(25) Using 4 Workers for Young Generation
[101.541s][info][gc,task     ] GC(25) Using 4 Workers for Old Generation
[101.541s][info][gc,phases   ] GC(25) Y: Young Generation (Promote All)
[101.541s][info][gc,phases   ] GC(25) Y: Pause Mark Start 0.011ms
[101.541s][info][safepoint   ] Safepoint "ZMarkStartYoung", Time since last: 5002703900 ns, Reaching safepoint: 4800 ns, At safepoint: 30700 ns, Leaving safepoint: 3600 ns, Total: 39100 ns, Threads: 0 runnable, 54 total
[101.546s][info][gc,phases   ] GC(25) Y: Concurrent Mark 5.233ms
[101.546s][info][gc,phases   ] GC(25) Y: Pause Mark End 0.009ms
[101.546s][info][safepoint   ] Safepoint "ZMarkEndYoung", Time since last: 5274900 ns, Reaching safepoint: 1800 ns, At safepoint: 29200 ns, Leaving safepoint: 2000 ns, Total: 33000 ns, Threads: 0 runnable, 54 total
[101.546s][info][gc,phases   ] GC(25) Y: Concurrent Mark Free 0.001ms
[101.546s][info][gc,phases   ] GC(25) Y: Concurrent Reset Relocation Set 0.001ms
[101.547s][info][gc,reloc    ] GC(25) Y: Using tenuring threshold: 0 (Promote All)
[101.547s][info][gc,phases   ] GC(25) Y: Concurrent Select Relocation Set 0.216ms
[101.547s][info][gc,phases   ] GC(25) Y: Pause Relocate Start 0.004ms
[101.547s][info][safepoint   ] Safepoint "ZRelocateStartYoung", Time since last: 279300 ns, Reaching safepoint: 1000 ns, At safepoint: 14600 ns, Leaving safepoint: 1700 ns, Total: 17300 ns, Threads: 0 runnable, 54 total
[101.548s][info][gc,phases   ] GC(25) Y: Concurrent Relocate 0.806ms
[101.548s][info][gc,alloc    ] GC(25) Y:                         Mark Start        Mark End      Relocate Start    Relocate End   
[101.548s][info][gc,alloc    ] GC(25) Y: Allocation Stalls:          0                0                0                0         
[101.548s][info][gc,load     ] GC(25) Y: Load: 0.00 (0%) / 0.00 (0%) / 0.00 (0%)
[101.548s][info][gc,mmu      ] GC(25) Y: MMU: 2ms/97.3%, 5ms/98.9%, 10ms/99.3%, 20ms/99.6%, 50ms/99.8%, 100ms/99.9%
[101.548s][info][gc,marking  ] GC(25) Y: Mark: 4 stripe(s), 2 proactive flush(es), 1 terminate flush(es), 0 completion(s), 0 continuation(s) 
[101.548s][info][gc,nmethod  ] GC(25) Y: NMethods: 5349 registered, 2556 unregistered
[101.548s][info][gc,metaspace] GC(25) Y: Metaspace: 152M used, 154M committed, 1216M reserved
[101.548s][info][gc,reloc    ] GC(25) Y:                        Candidates     Selected     In-Place         Size        Empty    Relocated 
[101.548s][info][gc,reloc    ] GC(25) Y: Small Pages:                  463           64            0         926M         796M           0M 
[101.548s][info][gc,reloc    ] GC(25) Y: Medium Pages:                   0            0            0           0M           0M           0M 
[101.548s][info][gc,reloc    ] GC(25) Y: Large Pages:                    0            0            0           0M           0M           0M 
[101.548s][info][gc,reloc    ] GC(25) Y: Forwarding Usage: 0M
[101.548s][info][gc,reloc    ] GC(25) Y: Age Table:
[101.548s][info][gc,reloc    ] GC(25) Y:                    Live             Garbage             Small              Medium             Large        
[101.548s][info][gc,reloc    ] GC(25) Y: Eden               0M (0%)          921M (23%)        461 / 64             0 / 0              0 / 0        
[101.548s][info][gc,reloc    ] GC(25) Y: Survivor 1          -                 4M (0%)           2 / 0              0 / 0              0 / 0        
[101.548s][info][gc,heap     ] GC(25) Y: Min Capacity: 8M(0%)
[101.548s][info][gc,heap     ] GC(25) Y: Max Capacity: 4096M(100%)
[101.548s][info][gc,heap     ] GC(25) Y: Soft Max Capacity: 4096M(100%)
[101.548s][info][gc,heap     ] GC(25) Y: Heap Statistics:
[101.548s][info][gc,heap     ] GC(25) Y:                Mark Start          Mark End        Relocate Start      Relocate End           High               Low         
[101.548s][info][gc,heap     ] GC(25) Y:  Capacity:     3864M (94%)        3864M (94%)        3864M (94%)        3864M (94%)        3864M (94%)        3864M (94%)    
[101.548s][info][gc,heap     ] GC(25) Y:      Free:     2652M (65%)        2646M (65%)        3442M (84%)        3562M (87%)        3562M (87%)        2646M (65%)    
[101.548s][info][gc,heap     ] GC(25) Y:      Used:     1444M (35%)        1450M (35%)         654M (16%)         534M (13%)        1450M (35%)         534M (13%)    
[101.548s][info][gc,heap     ] GC(25) Y: Young Generation Statistics:
[101.548s][info][gc,heap     ] GC(25) Y:                Mark Start          Mark End        Relocate Start      Relocate End    
[101.548s][info][gc,heap     ] GC(25) Y:      Used:      926M (23%)         932M (23%)         136M (3%)            6M (0%)     
[101.548s][info][gc,heap     ] GC(25) Y:      Live:         -                 0M (0%)            0M (0%)            0M (0%)     
[101.548s][info][gc,heap     ] GC(25) Y:   Garbage:         -               925M (23%)         129M (3%)            0M (0%)     
[101.548s][info][gc,heap     ] GC(25) Y: Allocated:         -                 6M (0%)            6M (0%)            6M (0%)     
[101.548s][info][gc,heap     ] GC(25) Y: Reclaimed:         -                  -               796M (19%)         925M (23%)    
[101.548s][info][gc,heap     ] GC(25) Y:  Promoted:         -                  -                 0M (0%)            0M (0%)     
[101.548s][info][gc,heap     ] GC(25) Y: Compacted:         -                  -                  -                 0M (0%)     
[101.548s][info][gc,phases   ] GC(25) Y: Young Generation (Promote All) 1444M(35%)->534M(13%) 0.007s
[101.548s][info][gc,phases   ] GC(25) Y: Young Generation (Collect Roots)
[101.548s][info][gc,phases   ] GC(25) Y: Pause Mark Start (Major) 0.009ms
[101.548s][info][safepoint   ] Safepoint "ZMarkStartYoungAndOld", Time since last: 1130700 ns, Reaching safepoint: 12200 ns, At safepoint: 28300 ns, Leaving safepoint: 3700 ns, Total: 44200 ns, Threads: 1 runnable, 54 total
[101.552s][info][gc,phases   ] GC(25) Y: Concurrent Mark 4.200ms
[101.552s][info][gc,phases   ] GC(25) Y: Pause Mark End 0.006ms
[101.552s][info][safepoint   ] Safepoint "ZMarkEndYoung", Time since last: 4238100 ns, Reaching safepoint: 1600 ns, At safepoint: 24100 ns, Leaving safepoint: 1900 ns, Total: 27600 ns, Threads: 0 runnable, 54 total
[101.552s][info][gc,phases   ] GC(25) Y: Concurrent Mark Free 0.001ms
[101.552s][info][gc,phases   ] GC(25) Y: Concurrent Reset Relocation Set 0.001ms
[101.552s][info][gc,reloc    ] GC(25) Y: Using tenuring threshold: 1 (Computed)
[101.552s][info][gc,phases   ] GC(25) Y: Concurrent Select Relocation Set 0.114ms
[101.552s][info][gc,phases   ] GC(25) Y: Pause Relocate Start 0.007ms
[101.552s][info][safepoint   ] Safepoint "ZRelocateStartYoung", Time since last: 181700 ns, Reaching safepoint: 22500 ns, At safepoint: 26500 ns, Leaving safepoint: 3700 ns, Total: 52700 ns, Threads: 1 runnable, 54 total
[101.552s][info][gc,phases   ] GC(25) Y: Concurrent Relocate 0.045ms
[101.552s][info][gc,alloc    ] GC(25) Y:                         Mark Start        Mark End      Relocate Start    Relocate End   
[101.552s][info][gc,alloc    ] GC(25) Y: Allocation Stalls:          0                0                0                0         
[101.552s][info][gc,load     ] GC(25) Y: Load: 0.00 (0%) / 0.00 (0%) / 0.00 (0%)
[101.553s][info][gc,mmu      ] GC(25) Y: MMU: 2ms/97.3%, 5ms/98.9%, 10ms/99.3%, 20ms/99.6%, 50ms/99.8%, 100ms/99.9%
[101.553s][info][gc,marking  ] GC(25) Y: Mark: 4 stripe(s), 3 proactive flush(es), 1 terminate flush(es), 0 completion(s), 0 continuation(s) 
[101.553s][info][gc,nmethod  ] GC(25) Y: NMethods: 5349 registered, 2556 unregistered
[101.553s][info][gc,metaspace] GC(25) Y: Metaspace: 152M used, 154M committed, 1216M reserved
[101.553s][info][gc,reloc    ] GC(25) Y:                        Candidates     Selected     In-Place         Size        Empty    Relocated 
[101.553s][info][gc,reloc    ] GC(25) Y: Small Pages:                    3            0            0           6M           4M           0M 
[101.553s][info][gc,reloc    ] GC(25) Y: Medium Pages:                   0            0            0           0M           0M           0M 
[101.553s][info][gc,reloc    ] GC(25) Y: Large Pages:                    0            0            0           0M           0M           0M 
[101.553s][info][gc,reloc    ] GC(25) Y: Forwarding Usage: 0M
[101.553s][info][gc,reloc    ] GC(25) Y: Age Table:
[101.553s][info][gc,reloc    ] GC(25) Y:                    Live             Garbage             Small              Medium             Large        
[101.553s][info][gc,reloc    ] GC(25) Y: Eden               0M (0%)            5M (0%)           3 / 0              0 / 0              0 / 0        
[101.553s][info][gc,heap     ] GC(25) Y: Min Capacity: 8M(0%)
[101.553s][info][gc,heap     ] GC(25) Y: Max Capacity: 4096M(100%)
[101.553s][info][gc,heap     ] GC(25) Y: Soft Max Capacity: 4096M(100%)
[101.553s][info][gc,heap     ] GC(25) Y: Heap Statistics:
[101.553s][info][gc,heap     ] GC(25) Y:                Mark Start          Mark End        Relocate Start      Relocate End           High               Low         
[101.553s][info][gc,heap     ] GC(25) Y:  Capacity:     3864M (94%)        3864M (94%)        3864M (94%)        3864M (94%)        3864M (94%)        3864M (94%)    
[101.553s][info][gc,heap     ] GC(25) Y:      Free:     3562M (87%)        3556M (87%)        3560M (87%)        3560M (87%)        3562M (87%)        3556M (87%)    
[101.553s][info][gc,heap     ] GC(25) Y:      Used:      534M (13%)         540M (13%)         536M (13%)         536M (13%)         540M (13%)         534M (13%)    
[101.553s][info][gc,heap     ] GC(25) Y: Young Generation Statistics:
[101.553s][info][gc,heap     ] GC(25) Y:                Mark Start          Mark End        Relocate Start      Relocate End    
[101.553s][info][gc,heap     ] GC(25) Y:      Used:        6M (0%)           12M (0%)            8M (0%)            8M (0%)     
[101.553s][info][gc,heap     ] GC(25) Y:      Live:         -                 0M (0%)            0M (0%)            0M (0%)     
[101.553s][info][gc,heap     ] GC(25) Y:   Garbage:         -                 5M (0%)            1M (0%)            1M (0%)     
[101.553s][info][gc,heap     ] GC(25) Y: Allocated:         -                 6M (0%)            6M (0%)            6M (0%)     
[101.553s][info][gc,heap     ] GC(25) Y: Reclaimed:         -                  -                 4M (0%)            4M (0%)     
[101.553s][info][gc,heap     ] GC(25) Y:  Promoted:         -                  -                 0M (0%)            0M (0%)     
[101.553s][info][gc,heap     ] GC(25) Y: Compacted:         -                  -                  -                 0M (0%)     
[101.553s][info][gc,phases   ] GC(25) Y: Young Generation (Collect Roots) 534M(13%)->536M(13%) 0.005s
[101.553s][info][gc,phases   ] GC(25) O: Old Generation
[101.700s][info][gc,phases   ] GC(25) O: Concurrent Mark 147.469ms
[101.700s][info][gc,phases   ] GC(25) O: Pause Mark End 0.015ms
[101.700s][info][safepoint   ] Safepoint "ZMarkEndOld", Time since last: 148013100 ns, Reaching safepoint: 3500 ns, At safepoint: 37800 ns, Leaving safepoint: 2300 ns, Total: 43600 ns, Threads: 0 runnable, 54 total
[101.700s][info][gc,phases   ] GC(25) O: Concurrent Mark Free 0.001ms
[101.703s][info][gc,phases   ] GC(25) O: Concurrent Process Non-Strong 2.662ms
[101.703s][info][gc,phases   ] GC(25) O: Concurrent Reset Relocation Set 0.001ms
[101.703s][info][gc,phases   ] GC(25) O: Concurrent Select Relocation Set 0.268ms
[101.703s][info][gc,task     ] GC(25) O: Using 4 Workers for Old Generation
[101.707s][info][gc,task     ] GC(25) O: Using 4 Workers for Old Generation
[101.707s][info][gc,phases   ] GC(25) O: Concurrent Remap Roots 3.099ms
[101.707s][info][gc,phases   ] GC(25) O: Pause Relocate Start 0.007ms
[101.707s][info][safepoint   ] Safepoint "ZRelocateStartOld", Time since last: 6133700 ns, Reaching safepoint: 2700 ns, At safepoint: 77500 ns, Leaving safepoint: 4000 ns, Total: 84200 ns, Threads: 1 runnable, 54 total
[101.708s][info][gc,phases   ] GC(25) O: Concurrent Relocate 1.805ms
[101.709s][info][gc,alloc    ] GC(25) O:                         Mark Start        Mark End      Relocate Start    Relocate End   
[101.709s][info][gc,alloc    ] GC(25) O: Allocation Stalls:          0                0                0                0         
[101.709s][info][gc,load     ] GC(25) O: Load: 0.00 (0%) / 0.00 (0%) / 0.00 (0%)
[101.709s][info][gc,mmu      ] GC(25) O: MMU: 2ms/97.3%, 5ms/98.9%, 10ms/99.3%, 20ms/99.6%, 50ms/99.8%, 100ms/99.9%
[101.709s][info][gc,marking  ] GC(25) O: Mark: 4 stripe(s), 4 proactive flush(es), 1 terminate flush(es), 0 completion(s), 0 continuation(s) 
[101.709s][info][gc,nmethod  ] GC(25) O: NMethods: 5286 registered, 2625 unregistered
[101.709s][info][gc,metaspace] GC(25) O: Metaspace: 152M used, 154M committed, 1216M reserved
[101.709s][info][gc,ref      ] GC(25) O:                       Encountered   Discovered     Enqueued 
[101.709s][info][gc,ref      ] GC(25) O: Soft References:             5380            0            0 
[101.709s][info][gc,ref      ] GC(25) O: Weak References:            36574        12451            0 
[101.709s][info][gc,ref      ] GC(25) O: Final References:              55            1            0 
[101.709s][info][gc,ref      ] GC(25) O: Phantom References:          1239          316            5 
[101.709s][info][gc,reloc    ] GC(25) O:                        Candidates     Selected     In-Place         Size        Empty    Relocated 
[101.709s][info][gc,reloc    ] GC(25) O: Small Pages:                  242            9            0         484M           0M           2M 
[101.709s][info][gc,reloc    ] GC(25) O: Medium Pages:                   1            0            0          32M           0M           0M 
[101.709s][info][gc,reloc    ] GC(25) O: Large Pages:                    1            0            0          12M           0M           0M 
[101.709s][info][gc,reloc    ] GC(25) O: Forwarding Usage: 1M
[101.709s][info][gc,heap     ] GC(25) O: Min Capacity: 8M(0%)
[101.709s][info][gc,heap     ] GC(25) O: Max Capacity: 4096M(100%)
[101.709s][info][gc,heap     ] GC(25) O: Soft Max Capacity: 4096M(100%)
[101.709s][info][gc,heap     ] GC(25) O: Heap Statistics:
[101.709s][info][gc,heap     ] GC(25) O:                Mark Start          Mark End        Relocate Start      Relocate End           High               Low         
[101.709s][info][gc,heap     ] GC(25) O:  Capacity:     3864M (94%)        3864M (94%)        3864M (94%)        3864M (94%)        3864M (94%)        3864M (94%)    
[101.709s][info][gc,heap     ] GC(25) O:      Free:     3562M (87%)        3528M (86%)        3526M (86%)        3538M (86%)        3562M (87%)        3516M (86%)    
[101.709s][info][gc,heap     ] GC(25) O:      Used:      534M (13%)         568M (14%)         570M (14%)         558M (14%)         580M (14%)         534M (13%)    
[101.709s][info][gc,heap     ] GC(25) O: Old Generation Statistics:
[101.709s][info][gc,heap     ] GC(25) O:                Mark Start          Mark End        Relocate Start      Relocate End    
[101.709s][info][gc,heap     ] GC(25) O:      Used:      528M (13%)         528M (13%)         528M (13%)         516M (13%)    
[101.709s][info][gc,heap     ] GC(25) O:      Live:         -               487M (12%)         487M (12%)         487M (12%)    
[101.709s][info][gc,heap     ] GC(25) O:   Garbage:         -                40M (1%)           40M (1%)           21M (1%)     
[101.709s][info][gc,heap     ] GC(25) O: Allocated:         -                 0M (0%)            0M (0%)            6M (0%)     
[101.709s][info][gc,heap     ] GC(25) O: Reclaimed:         -                  -                 0M (0%)           18M (0%)     
[101.709s][info][gc,heap     ] GC(25) O: Compacted:         -                  -                  -                 3M (0%)     
[101.709s][info][gc,phases   ] GC(25) O: Old Generation 536M(13%)->558M(14%) 0.156s
[101.709s][info][gc          ] GC(25) Major Collection (System.gc()) 1444M(35%)->558M(14%) 0.168s
[106.710s][info][gc          ] GC(26) Major Collection (System.gc())
[106.710s][info][gc,task     ] GC(26) Using 4 Workers for Young Generation
[106.710s][info][gc,task     ] GC(26) Using 4 Workers for Old Generation
[106.710s][info][gc,phases   ] GC(26) Y: Young Generation (Promote All)
[106.710s][info][gc,phases   ] GC(26) Y: Pause Mark Start 0.012ms
[106.710s][info][safepoint   ] Safepoint "ZMarkStartYoung", Time since last: 5003096900 ns, Reaching safepoint: 14900 ns, At safepoint: 35700 ns, Leaving safepoint: 4200 ns, Total: 54800 ns, Threads: 1 runnable, 54 total
[106.715s][info][gc,phases   ] GC(26) Y: Concurrent Mark 4.881ms
[106.715s][info][gc,phases   ] GC(26) Y: Pause Mark End 0.009ms
[106.715s][info][safepoint   ] Safepoint "ZMarkEndYoung", Time since last: 4922300 ns, Reaching safepoint: 12200 ns, At safepoint: 84500 ns, Leaving safepoint: 35800 ns, Total: 132500 ns, Threads: 1 runnable, 54 total
[106.715s][info][gc,phases   ] GC(26) Y: Concurrent Mark Free 0.001ms
[106.715s][info][gc,phases   ] GC(26) Y: Concurrent Reset Relocation Set 0.000ms
[106.715s][info][gc,reloc    ] GC(26) Y: Using tenuring threshold: 0 (Promote All)
[106.715s][info][gc,phases   ] GC(26) Y: Concurrent Select Relocation Set 0.455ms
[106.715s][info][gc,phases   ] GC(26) Y: Pause Relocate Start 0.006ms
[106.715s][info][safepoint   ] Safepoint "ZRelocateStartYoung", Time since last: 518800 ns, Reaching safepoint: 1900 ns, At safepoint: 25900 ns, Leaving safepoint: 2100 ns, Total: 29900 ns, Threads: 0 runnable, 54 total
[106.716s][info][gc,phases   ] GC(26) Y: Concurrent Relocate 0.740ms
[106.716s][info][gc,alloc    ] GC(26) Y:                         Mark Start        Mark End      Relocate Start    Relocate End   
[106.716s][info][gc,alloc    ] GC(26) Y: Allocation Stalls:          0                0                0                0         
[106.716s][info][gc,load     ] GC(26) Y: Load: 0.00 (0%) / 0.00 (0%) / 0.00 (0%)
[106.716s][info][gc,mmu      ] GC(26) Y: MMU: 2ms/97.3%, 5ms/98.9%, 10ms/99.3%, 20ms/99.6%, 50ms/99.8%, 100ms/99.9%
[106.716s][info][gc,marking  ] GC(26) Y: Mark: 4 stripe(s), 2 proactive flush(es), 1 terminate flush(es), 0 completion(s), 0 continuation(s) 
[106.716s][info][gc,nmethod  ] GC(26) Y: NMethods: 5332 registered, 2625 unregistered
[106.716s][info][gc,metaspace] GC(26) Y: Metaspace: 152M used, 154M committed, 1216M reserved
[106.716s][info][gc,reloc    ] GC(26) Y:                        Candidates     Selected     In-Place         Size        Empty    Relocated 
[106.716s][info][gc,reloc    ] GC(26) Y: Small Pages:                  477           59            0         954M         834M           0M 
[106.716s][info][gc,reloc    ] GC(26) Y: Medium Pages:                   0            0            0           0M           0M           0M 
[106.716s][info][gc,reloc    ] GC(26) Y: Large Pages:                    0            0            0           0M           0M           0M 
[106.716s][info][gc,reloc    ] GC(26) Y: Forwarding Usage: 0M
[106.716s][info][gc,reloc    ] GC(26) Y: Age Table:
[106.716s][info][gc,reloc    ] GC(26) Y:                    Live             Garbage             Small              Medium             Large        
[106.716s][info][gc,reloc    ] GC(26) Y: Eden               0M (0%)          951M (23%)        476 / 59             0 / 0              0 / 0        
[106.716s][info][gc,reloc    ] GC(26) Y: Survivor 1          -                 2M (0%)           1 / 0              0 / 0              0 / 0        
[106.716s][info][gc,heap     ] GC(26) Y: Min Capacity: 8M(0%)
[106.716s][info][gc,heap     ] GC(26) Y: Max Capacity: 4096M(100%)
[106.716s][info][gc,heap     ] GC(26) Y: Soft Max Capacity: 4096M(100%)
[106.716s][info][gc,heap     ] GC(26) Y: Heap Statistics:
[106.716s][info][gc,heap     ] GC(26) Y:                Mark Start          Mark End        Relocate Start      Relocate End           High               Low         
[106.716s][info][gc,heap     ] GC(26) Y:  Capacity:     3864M (94%)        3864M (94%)        3864M (94%)        3864M (94%)        3864M (94%)        3864M (94%)    
[106.716s][info][gc,heap     ] GC(26) Y:      Free:     2626M (64%)        2618M (64%)        3452M (84%)        3562M (87%)        3562M (87%)        2618M (64%)    
[106.716s][info][gc,heap     ] GC(26) Y:      Used:     1470M (36%)        1478M (36%)         644M (16%)         534M (13%)        1478M (36%)         534M (13%)    
[106.716s][info][gc,heap     ] GC(26) Y: Young Generation Statistics:
[106.716s][info][gc,heap     ] GC(26) Y:                Mark Start          Mark End        Relocate Start      Relocate End    
[106.716s][info][gc,heap     ] GC(26) Y:      Used:      954M (23%)         962M (23%)         128M (3%)            8M (0%)     
[106.716s][info][gc,heap     ] GC(26) Y:      Live:         -                 0M (0%)            0M (0%)            0M (0%)     
[106.716s][info][gc,heap     ] GC(26) Y:   Garbage:         -               953M (23%)         119M (3%)            0M (0%)     
[106.716s][info][gc,heap     ] GC(26) Y: Allocated:         -                 8M (0%)            8M (0%)            8M (0%)     
[106.716s][info][gc,heap     ] GC(26) Y: Reclaimed:         -                  -               834M (20%)         953M (23%)    
[106.716s][info][gc,heap     ] GC(26) Y:  Promoted:         -                  -                 0M (0%)            0M (0%)     
[106.716s][info][gc,heap     ] GC(26) Y: Compacted:         -                  -                  -                 0M (0%)     
[106.716s][info][gc,phases   ] GC(26) Y: Young Generation (Promote All) 1470M(36%)->534M(13%) 0.006s
[106.716s][info][gc,phases   ] GC(26) Y: Young Generation (Collect Roots)
[106.717s][info][gc,phases   ] GC(26) Y: Pause Mark Start (Major) 0.009ms
[106.717s][info][safepoint   ] Safepoint "ZMarkStartYoungAndOld", Time since last: 1079100 ns, Reaching safepoint: 11900 ns, At safepoint: 29600 ns, Leaving safepoint: 3900 ns, Total: 45400 ns, Threads: 1 runnable, 54 total
[106.721s][info][gc,phases   ] GC(26) Y: Concurrent Mark 4.341ms
[106.721s][info][gc,phases   ] GC(26) Y: Pause Mark End 0.006ms
[106.721s][info][safepoint   ] Safepoint "ZMarkEndYoung", Time since last: 4381600 ns, Reaching safepoint: 2100 ns, At safepoint: 25700 ns, Leaving safepoint: 2100 ns, Total: 29900 ns, Threads: 0 runnable, 54 total
[106.721s][info][gc,phases   ] GC(26) Y: Concurrent Mark Free 0.001ms
[106.721s][info][gc,phases   ] GC(26) Y: Concurrent Reset Relocation Set 0.001ms
[106.721s][info][gc,reloc    ] GC(26) Y: Using tenuring threshold: 1 (Computed)
[106.721s][info][gc,phases   ] GC(26) Y: Concurrent Select Relocation Set 0.132ms
[106.721s][info][gc,phases   ] GC(26) Y: Pause Relocate Start 0.007ms
[106.721s][info][safepoint   ] Safepoint "ZRelocateStartYoung", Time since last: 209000 ns, Reaching safepoint: 2200 ns, At safepoint: 29500 ns, Leaving safepoint: 4200 ns, Total: 35900 ns, Threads: 1 runnable, 54 total
[106.721s][info][gc,phases   ] GC(26) Y: Concurrent Relocate 0.040ms
[106.721s][info][gc,alloc    ] GC(26) Y:                         Mark Start        Mark End      Relocate Start    Relocate End   
[106.721s][info][gc,alloc    ] GC(26) Y: Allocation Stalls:          0                0                0                0         
[106.721s][info][gc,load     ] GC(26) Y: Load: 0.00 (0%) / 0.00 (0%) / 0.00 (0%)
[106.721s][info][gc,mmu      ] GC(26) Y: MMU: 2ms/97.3%, 5ms/98.9%, 10ms/99.3%, 20ms/99.6%, 50ms/99.8%, 100ms/99.9%
[106.721s][info][gc,marking  ] GC(26) Y: Mark: 4 stripe(s), 3 proactive flush(es), 1 terminate flush(es), 0 completion(s), 0 continuation(s) 
[106.721s][info][gc,nmethod  ] GC(26) Y: NMethods: 5332 registered, 2625 unregistered
[106.721s][info][gc,metaspace] GC(26) Y: Metaspace: 152M used, 154M committed, 1216M reserved
[106.721s][info][gc,reloc    ] GC(26) Y:                        Candidates     Selected     In-Place         Size        Empty    Relocated 
[106.721s][info][gc,reloc    ] GC(26) Y: Small Pages:                    4            0            0           8M           6M           0M 
[106.721s][info][gc,reloc    ] GC(26) Y: Medium Pages:                   0            0            0           0M           0M           0M 
[106.721s][info][gc,reloc    ] GC(26) Y: Large Pages:                    0            0            0           0M           0M           0M 
[106.721s][info][gc,reloc    ] GC(26) Y: Forwarding Usage: 0M
[106.721s][info][gc,reloc    ] GC(26) Y: Age Table:
[106.721s][info][gc,reloc    ] GC(26) Y:                    Live             Garbage             Small              Medium             Large        
[106.721s][info][gc,reloc    ] GC(26) Y: Eden               0M (0%)            7M (0%)           4 / 0              0 / 0              0 / 0        
[106.721s][info][gc,heap     ] GC(26) Y: Min Capacity: 8M(0%)
[106.721s][info][gc,heap     ] GC(26) Y: Max Capacity: 4096M(100%)
[106.721s][info][gc,heap     ] GC(26) Y: Soft Max Capacity: 4096M(100%)
[106.721s][info][gc,heap     ] GC(26) Y: Heap Statistics:
[106.721s][info][gc,heap     ] GC(26) Y:                Mark Start          Mark End        Relocate Start      Relocate End           High               Low         
[106.721s][info][gc,heap     ] GC(26) Y:  Capacity:     3864M (94%)        3864M (94%)        3864M (94%)        3864M (94%)        3864M (94%)        3864M (94%)    
[106.721s][info][gc,heap     ] GC(26) Y:      Free:     3562M (87%)        3550M (87%)        3556M (87%)        3556M (87%)        3562M (87%)        3550M (87%)    
[106.721s][info][gc,heap     ] GC(26) Y:      Used:      534M (13%)         546M (13%)         540M (13%)         540M (13%)         546M (13%)         534M (13%)    
[106.721s][info][gc,heap     ] GC(26) Y: Young Generation Statistics:
[106.721s][info][gc,heap     ] GC(26) Y:                Mark Start          Mark End        Relocate Start      Relocate End    
[106.721s][info][gc,heap     ] GC(26) Y:      Used:        8M (0%)           20M (0%)           14M (0%)           14M (0%)     
[106.721s][info][gc,heap     ] GC(26) Y:      Live:         -                 0M (0%)            0M (0%)            0M (0%)     
[106.721s][info][gc,heap     ] GC(26) Y:   Garbage:         -                 7M (0%)            1M (0%)            1M (0%)     
[106.721s][info][gc,heap     ] GC(26) Y: Allocated:         -                12M (0%)           12M (0%)           12M (0%)     
[106.722s][info][gc,heap     ] GC(26) Y: Reclaimed:         -                  -                 6M (0%)            6M (0%)     
[106.722s][info][gc,heap     ] GC(26) Y:  Promoted:         -                  -                 0M (0%)            0M (0%)     
[106.722s][info][gc,heap     ] GC(26) Y: Compacted:         -                  -                  -                 0M (0%)     
[106.722s][info][gc,phases   ] GC(26) Y: Young Generation (Collect Roots) 534M(13%)->540M(13%) 0.005s
[106.722s][info][gc,phases   ] GC(26) O: Old Generation
[106.885s][info][gc,phases   ] GC(26) O: Concurrent Mark 163.921ms
[106.886s][info][gc,phases   ] GC(26) O: Pause Mark End 0.016ms
[106.886s][info][safepoint   ] Safepoint "ZMarkEndOld", Time since last: 164324700 ns, Reaching safepoint: 3700 ns, At safepoint: 38500 ns, Leaving safepoint: 2300 ns, Total: 44500 ns, Threads: 0 runnable, 54 total
[106.886s][info][gc,phases   ] GC(26) O: Concurrent Mark Free 0.001ms
[106.889s][info][gc,phases   ] GC(26) O: Concurrent Process Non-Strong 3.324ms
[106.889s][info][gc,phases   ] GC(26) O: Concurrent Reset Relocation Set 0.001ms
[106.889s][info][gc,phases   ] GC(26) O: Concurrent Select Relocation Set 0.090ms
[106.889s][info][gc,task     ] GC(26) O: Using 4 Workers for Old Generation
[106.892s][info][gc,task     ] GC(26) O: Using 4 Workers for Old Generation
[106.892s][info][gc,phases   ] GC(26) O: Concurrent Remap Roots 3.016ms
[106.892s][info][gc,phases   ] GC(26) O: Pause Relocate Start 0.009ms
[106.892s][info][safepoint   ] Safepoint "ZRelocateStartOld", Time since last: 6528500 ns, Reaching safepoint: 13200 ns, At safepoint: 29400 ns, Leaving safepoint: 3800 ns, Total: 46400 ns, Threads: 1 runnable, 54 total
[106.893s][info][gc,phases   ] GC(26) O: Concurrent Relocate 1.050ms
[106.893s][info][gc,alloc    ] GC(26) O:                         Mark Start        Mark End      Relocate Start    Relocate End   
[106.893s][info][gc,alloc    ] GC(26) O: Allocation Stalls:          0                0                0                0         
[106.893s][info][gc,load     ] GC(26) O: Load: 0.00 (0%) / 0.00 (0%) / 0.00 (0%)
[106.893s][info][gc,mmu      ] GC(26) O: MMU: 2ms/97.3%, 5ms/98.9%, 10ms/99.3%, 20ms/99.6%, 50ms/99.8%, 100ms/99.9%
[106.893s][info][gc,marking  ] GC(26) O: Mark: 4 stripe(s), 10 proactive flush(es), 1 terminate flush(es), 0 completion(s), 0 continuation(s) 
[106.893s][info][gc,nmethod  ] GC(26) O: NMethods: 5323 registered, 2634 unregistered
[106.893s][info][gc,metaspace] GC(26) O: Metaspace: 152M used, 154M committed, 1216M reserved
[106.893s][info][gc,ref      ] GC(26) O:                       Encountered   Discovered     Enqueued 
[106.893s][info][gc,ref      ] GC(26) O: Soft References:             5380            0            0 
[106.893s][info][gc,ref      ] GC(26) O: Weak References:            36574        13265            0 
[106.893s][info][gc,ref      ] GC(26) O: Final References:              55            0            0 
[106.893s][info][gc,ref      ] GC(26) O: Phantom References:          1239          857            5 
[106.893s][info][gc,reloc    ] GC(26) O:                        Candidates     Selected     In-Place         Size        Empty    Relocated 
[106.893s][info][gc,reloc    ] GC(26) O: Small Pages:                  241            8            0         482M           0M           1M 
[106.893s][info][gc,reloc    ] GC(26) O: Medium Pages:                   1            0            0          32M           0M           0M 
[106.893s][info][gc,reloc    ] GC(26) O: Large Pages:                    1            0            0          12M           0M           0M 
[106.893s][info][gc,reloc    ] GC(26) O: Forwarding Usage: 0M
[106.893s][info][gc,heap     ] GC(26) O: Min Capacity: 8M(0%)
[106.893s][info][gc,heap     ] GC(26) O: Max Capacity: 4096M(100%)
[106.893s][info][gc,heap     ] GC(26) O: Soft Max Capacity: 4096M(100%)
[106.893s][info][gc,heap     ] GC(26) O: Heap Statistics:
[106.893s][info][gc,heap     ] GC(26) O:                Mark Start          Mark End        Relocate Start      Relocate End           High               Low         
[106.893s][info][gc,heap     ] GC(26) O:  Capacity:     3864M (94%)        3864M (94%)        3864M (94%)        3864M (94%)        3864M (94%)        3864M (94%)    
[106.893s][info][gc,heap     ] GC(26) O:      Free:     3562M (87%)        3530M (86%)        3528M (86%)        3536M (86%)        3562M (87%)        3518M (86%)    
[106.893s][info][gc,heap     ] GC(26) O:      Used:      534M (13%)         566M (14%)         568M (14%)         560M (14%)         578M (14%)         534M (13%)    
[106.893s][info][gc,heap     ] GC(26) O: Old Generation Statistics:
[106.893s][info][gc,heap     ] GC(26) O:                Mark Start          Mark End        Relocate Start      Relocate End    
[106.893s][info][gc,heap     ] GC(26) O:      Used:      526M (13%)         526M (13%)         526M (13%)         518M (13%)    
[106.893s][info][gc,heap     ] GC(26) O:      Live:         -               487M (12%)         487M (12%)         487M (12%)    
[106.893s][info][gc,heap     ] GC(26) O:   Garbage:         -                38M (1%)           38M (1%)           22M (1%)     
[106.893s][info][gc,heap     ] GC(26) O: Allocated:         -                 0M (0%)            0M (0%)            8M (0%)     
[106.893s][info][gc,heap     ] GC(26) O: Reclaimed:         -                  -                 0M (0%)           16M (0%)     
[106.893s][info][gc,heap     ] GC(26) O: Compacted:         -                  -                  -                 1M (0%)     
[106.893s][info][gc,phases   ] GC(26) O: Old Generation 540M(13%)->560M(14%) 0.172s
[106.893s][info][gc          ] GC(26) Major Collection (System.gc()) 1470M(36%)->560M(14%) 0.184s
[111.896s][info][gc          ] GC(27) Major Collection (System.gc())
[111.896s][info][gc,task     ] GC(27) Using 4 Workers for Young Generation
[111.896s][info][gc,task     ] GC(27) Using 4 Workers for Old Generation
[111.896s][info][gc,phases   ] GC(27) Y: Young Generation (Promote All)
[111.896s][info][gc,phases   ] GC(27) Y: Pause Mark Start 0.014ms
[111.896s][info][safepoint   ] Safepoint "ZMarkStartYoung", Time since last: 5003846900 ns, Reaching safepoint: 8300 ns, At safepoint: 41600 ns, Leaving safepoint: 5300 ns, Total: 55200 ns, Threads: 0 runnable, 54 total
[111.901s][info][gc,phases   ] GC(27) Y: Concurrent Mark 4.900ms
[111.901s][info][gc,phases   ] GC(27) Y: Pause Mark End 0.009ms
[111.901s][info][safepoint   ] Safepoint "ZMarkEndYoung", Time since last: 4949300 ns, Reaching safepoint: 1600 ns, At safepoint: 42000 ns, Leaving safepoint: 2100 ns, Total: 45700 ns, Threads: 0 runnable, 54 total
[111.901s][info][gc,phases   ] GC(27) Y: Concurrent Mark Free 0.001ms
[111.901s][info][gc,phases   ] GC(27) Y: Concurrent Reset Relocation Set 0.000ms
[111.901s][info][gc,reloc    ] GC(27) Y: Using tenuring threshold: 0 (Promote All)
[111.902s][info][gc,phases   ] GC(27) Y: Concurrent Select Relocation Set 0.479ms
[111.902s][info][gc,phases   ] GC(27) Y: Pause Relocate Start 0.005ms
[111.902s][info][safepoint   ] Safepoint "ZRelocateStartYoung", Time since last: 641700 ns, Reaching safepoint: 1700 ns, At safepoint: 64200 ns, Leaving safepoint: 3300 ns, Total: 69200 ns, Threads: 0 runnable, 54 total
[111.903s][info][gc,phases   ] GC(27) Y: Concurrent Relocate 0.810ms
[111.903s][info][gc,alloc    ] GC(27) Y:                         Mark Start        Mark End      Relocate Start    Relocate End   
[111.903s][info][gc,alloc    ] GC(27) Y: Allocation Stalls:          0                0                0                0         
[111.903s][info][gc,load     ] GC(27) Y: Load: 0.00 (0%) / 0.00 (0%) / 0.00 (0%)
[111.903s][info][gc,mmu      ] GC(27) Y: MMU: 2ms/97.3%, 5ms/98.9%, 10ms/99.3%, 20ms/99.6%, 50ms/99.8%, 100ms/99.9%
[111.903s][info][gc,marking  ] GC(27) Y: Mark: 4 stripe(s), 2 proactive flush(es), 1 terminate flush(es), 0 completion(s), 0 continuation(s) 
[111.903s][info][gc,nmethod  ] GC(27) Y: NMethods: 5365 registered, 2634 unregistered
[111.903s][info][gc,metaspace] GC(27) Y: Metaspace: 152M used, 154M committed, 1216M reserved
[111.903s][info][gc,reloc    ] GC(27) Y:                        Candidates     Selected     In-Place         Size        Empty    Relocated 
[111.903s][info][gc,reloc    ] GC(27) Y: Small Pages:                  469           61            0         938M         814M           0M 
[111.903s][info][gc,reloc    ] GC(27) Y: Medium Pages:                   0            0            0           0M           0M           0M 
[111.903s][info][gc,reloc    ] GC(27) Y: Large Pages:                    0            0            0           0M           0M           0M 
[111.903s][info][gc,reloc    ] GC(27) Y: Forwarding Usage: 0M
[111.903s][info][gc,reloc    ] GC(27) Y: Age Table:
[111.903s][info][gc,reloc    ] GC(27) Y:                    Live             Garbage             Small              Medium             Large        
[111.903s][info][gc,reloc    ] GC(27) Y: Eden               0M (0%)          935M (23%)        468 / 61             0 / 0              0 / 0        
[111.903s][info][gc,reloc    ] GC(27) Y: Survivor 1          -                 2M (0%)           1 / 0              0 / 0              0 / 0        
[111.903s][info][gc,heap     ] GC(27) Y: Min Capacity: 8M(0%)
[111.903s][info][gc,heap     ] GC(27) Y: Max Capacity: 4096M(100%)
[111.903s][info][gc,heap     ] GC(27) Y: Soft Max Capacity: 4096M(100%)
[111.903s][info][gc,heap     ] GC(27) Y: Heap Statistics:
[111.903s][info][gc,heap     ] GC(27) Y:                Mark Start          Mark End        Relocate Start      Relocate End           High               Low         
[111.903s][info][gc,heap     ] GC(27) Y:  Capacity:     3864M (94%)        3864M (94%)        3864M (94%)        3864M (94%)        3864M (94%)        3864M (94%)    
[111.903s][info][gc,heap     ] GC(27) Y:      Free:     2640M (64%)        2634M (64%)        3448M (84%)        3562M (87%)        3562M (87%)        2634M (64%)    
[111.903s][info][gc,heap     ] GC(27) Y:      Used:     1456M (36%)        1462M (36%)         648M (16%)         534M (13%)        1462M (36%)         534M (13%)    
[111.903s][info][gc,heap     ] GC(27) Y: Young Generation Statistics:
[111.903s][info][gc,heap     ] GC(27) Y:                Mark Start          Mark End        Relocate Start      Relocate End    
[111.903s][info][gc,heap     ] GC(27) Y:      Used:      938M (23%)         944M (23%)         130M (3%)            6M (0%)     
[111.903s][info][gc,heap     ] GC(27) Y:      Live:         -                 0M (0%)            0M (0%)            0M (0%)     
[111.903s][info][gc,heap     ] GC(27) Y:   Garbage:         -               937M (23%)         123M (3%)            0M (0%)     
[111.903s][info][gc,heap     ] GC(27) Y: Allocated:         -                 6M (0%)            6M (0%)            6M (0%)     
[111.903s][info][gc,heap     ] GC(27) Y: Reclaimed:         -                  -               814M (20%)         937M (23%)    
[111.903s][info][gc,heap     ] GC(27) Y:  Promoted:         -                  -                 0M (0%)            0M (0%)     
[111.903s][info][gc,heap     ] GC(27) Y: Compacted:         -                  -                  -                 0M (0%)     
[111.903s][info][gc,phases   ] GC(27) Y: Young Generation (Promote All) 1456M(36%)->534M(13%) 0.007s
[111.903s][info][gc,phases   ] GC(27) Y: Young Generation (Collect Roots)
[111.903s][info][gc,phases   ] GC(27) Y: Pause Mark Start (Major) 0.007ms
[111.903s][info][safepoint   ] Safepoint "ZMarkStartYoungAndOld", Time since last: 1122200 ns, Reaching safepoint: 1900 ns, At safepoint: 26100 ns, Leaving safepoint: 2000 ns, Total: 30000 ns, Threads: 0 runnable, 54 total
[111.907s][info][gc,phases   ] GC(27) Y: Concurrent Mark 4.287ms
[111.907s][info][gc,phases   ] GC(27) Y: Pause Mark End 0.011ms
[111.907s][info][safepoint   ] Safepoint "ZMarkEndYoung", Time since last: 4333400 ns, Reaching safepoint: 2700 ns, At safepoint: 32200 ns, Leaving safepoint: 3000 ns, Total: 37900 ns, Threads: 0 runnable, 54 total
[111.907s][info][gc,phases   ] GC(27) Y: Concurrent Mark Free 0.001ms
[111.907s][info][gc,phases   ] GC(27) Y: Concurrent Reset Relocation Set 0.001ms
[111.907s][info][gc,reloc    ] GC(27) Y: Using tenuring threshold: 1 (Computed)
[111.907s][info][gc,phases   ] GC(27) Y: Concurrent Select Relocation Set 0.153ms
[111.908s][info][gc,phases   ] GC(27) Y: Pause Relocate Start 0.006ms
[111.908s][info][safepoint   ] Safepoint "ZRelocateStartYoung", Time since last: 228700 ns, Reaching safepoint: 1900 ns, At safepoint: 24300 ns, Leaving safepoint: 2100 ns, Total: 28300 ns, Threads: 0 runnable, 54 total
[111.908s][info][gc,phases   ] GC(27) Y: Concurrent Relocate 0.148ms
[111.908s][info][gc,alloc    ] GC(27) Y:                         Mark Start        Mark End      Relocate Start    Relocate End   
[111.908s][info][gc,alloc    ] GC(27) Y: Allocation Stalls:          0                0                0                0         
[111.908s][info][gc,load     ] GC(27) Y: Load: 0.00 (0%) / 0.00 (0%) / 0.00 (0%)
[111.908s][info][gc,mmu      ] GC(27) Y: MMU: 2ms/97.3%, 5ms/98.9%, 10ms/99.3%, 20ms/99.6%, 50ms/99.8%, 100ms/99.9%
[111.908s][info][gc,marking  ] GC(27) Y: Mark: 4 stripe(s), 3 proactive flush(es), 1 terminate flush(es), 0 completion(s), 0 continuation(s) 
[111.908s][info][gc,nmethod  ] GC(27) Y: NMethods: 5365 registered, 2634 unregistered
[111.908s][info][gc,metaspace] GC(27) Y: Metaspace: 152M used, 154M committed, 1216M reserved
[111.908s][info][gc,reloc    ] GC(27) Y:                        Candidates     Selected     In-Place         Size        Empty    Relocated 
[111.908s][info][gc,reloc    ] GC(27) Y: Small Pages:                    3            0            0           6M           4M           0M 
[111.908s][info][gc,reloc    ] GC(27) Y: Medium Pages:                   0            0            0           0M           0M           0M 
[111.908s][info][gc,reloc    ] GC(27) Y: Large Pages:                    0            0            0           0M           0M           0M 
[111.908s][info][gc,reloc    ] GC(27) Y: Forwarding Usage: 0M
[111.908s][info][gc,reloc    ] GC(27) Y: Age Table:
[111.908s][info][gc,reloc    ] GC(27) Y:                    Live             Garbage             Small              Medium             Large        
[111.908s][info][gc,reloc    ] GC(27) Y: Eden               0M (0%)            5M (0%)           3 / 0              0 / 0              0 / 0        
[111.908s][info][gc,heap     ] GC(27) Y: Min Capacity: 8M(0%)
[111.908s][info][gc,heap     ] GC(27) Y: Max Capacity: 4096M(100%)
[111.908s][info][gc,heap     ] GC(27) Y: Soft Max Capacity: 4096M(100%)
[111.908s][info][gc,heap     ] GC(27) Y: Heap Statistics:
[111.908s][info][gc,heap     ] GC(27) Y:                Mark Start          Mark End        Relocate Start      Relocate End           High               Low         
[111.908s][info][gc,heap     ] GC(27) Y:  Capacity:     3864M (94%)        3864M (94%)        3864M (94%)        3864M (94%)        3864M (94%)        3864M (94%)    
[111.908s][info][gc,heap     ] GC(27) Y:      Free:     3562M (87%)        3556M (87%)        3560M (87%)        3560M (87%)        3562M (87%)        3556M (87%)    
[111.908s][info][gc,heap     ] GC(27) Y:      Used:      534M (13%)         540M (13%)         536M (13%)         536M (13%)         540M (13%)         534M (13%)    
[111.908s][info][gc,heap     ] GC(27) Y: Young Generation Statistics:
[111.908s][info][gc,heap     ] GC(27) Y:                Mark Start          Mark End        Relocate Start      Relocate End    
[111.908s][info][gc,heap     ] GC(27) Y:      Used:        6M (0%)           12M (0%)            8M (0%)            8M (0%)     
[111.908s][info][gc,heap     ] GC(27) Y:      Live:         -                 0M (0%)            0M (0%)            0M (0%)     
[111.908s][info][gc,heap     ] GC(27) Y:   Garbage:         -                 5M (0%)            1M (0%)            1M (0%)     
[111.908s][info][gc,heap     ] GC(27) Y: Allocated:         -                 6M (0%)            6M (0%)            6M (0%)     
[111.908s][info][gc,heap     ] GC(27) Y: Reclaimed:         -                  -                 4M (0%)            4M (0%)     
[111.908s][info][gc,heap     ] GC(27) Y:  Promoted:         -                  -                 0M (0%)            0M (0%)     
[111.908s][info][gc,heap     ] GC(27) Y: Compacted:         -                  -                  -                 0M (0%)     
[111.908s][info][gc,phases   ] GC(27) Y: Young Generation (Collect Roots) 534M(13%)->536M(13%) 0.005s
[111.908s][info][gc,phases   ] GC(27) O: Old Generation
[112.079s][info][gc,phases   ] GC(27) O: Concurrent Mark 171.119ms
[112.079s][info][gc,phases   ] GC(27) O: Pause Mark End 0.015ms
[112.079s][info][safepoint   ] Safepoint "ZMarkEndOld", Time since last: 171587600 ns, Reaching safepoint: 3000 ns, At safepoint: 36100 ns, Leaving safepoint: 2100 ns, Total: 41200 ns, Threads: 0 runnable, 54 total
[112.079s][info][gc,phases   ] GC(27) O: Concurrent Mark Free 0.001ms
[112.083s][info][gc,phases   ] GC(27) O: Concurrent Process Non-Strong 3.562ms
[112.083s][info][gc,phases   ] GC(27) O: Concurrent Reset Relocation Set 0.001ms
[112.083s][info][gc,phases   ] GC(27) O: Concurrent Select Relocation Set 0.085ms
[112.083s][info][gc,task     ] GC(27) O: Using 4 Workers for Old Generation
[112.086s][info][gc,task     ] GC(27) O: Using 4 Workers for Old Generation
[112.086s][info][gc,phases   ] GC(27) O: Concurrent Remap Roots 3.023ms
[112.086s][info][gc,phases   ] GC(27) O: Pause Relocate Start 0.009ms
[112.086s][info][safepoint   ] Safepoint "ZRelocateStartOld", Time since last: 6775500 ns, Reaching safepoint: 3000 ns, At safepoint: 29400 ns, Leaving safepoint: 2000 ns, Total: 34400 ns, Threads: 0 runnable, 54 total
[112.088s][info][gc,phases   ] GC(27) O: Concurrent Relocate 1.635ms
[112.088s][info][gc,alloc    ] GC(27) O:                         Mark Start        Mark End      Relocate Start    Relocate End   
[112.088s][info][gc,alloc    ] GC(27) O: Allocation Stalls:          0                0                0                0         
[112.088s][info][gc,load     ] GC(27) O: Load: 0.00 (0%) / 0.00 (0%) / 0.00 (0%)
[112.088s][info][gc,mmu      ] GC(27) O: MMU: 2ms/97.3%, 5ms/98.9%, 10ms/99.3%, 20ms/99.6%, 50ms/99.8%, 100ms/99.9%
[112.088s][info][gc,marking  ] GC(27) O: Mark: 4 stripe(s), 4 proactive flush(es), 1 terminate flush(es), 0 completion(s), 0 continuation(s) 
[112.088s][info][gc,nmethod  ] GC(27) O: NMethods: 5349 registered, 2651 unregistered
[112.088s][info][gc,metaspace] GC(27) O: Metaspace: 152M used, 154M committed, 1216M reserved
[112.088s][info][gc,ref      ] GC(27) O:                       Encountered   Discovered     Enqueued 
[112.088s][info][gc,ref      ] GC(27) O: Soft References:             5380            0            0 
[112.088s][info][gc,ref      ] GC(27) O: Weak References:            36574        17734            0 
[112.088s][info][gc,ref      ] GC(27) O: Final References:              55            3            0 
[112.088s][info][gc,ref      ] GC(27) O: Phantom References:          1238         1059            6 
[112.088s][info][gc,reloc    ] GC(27) O:                        Candidates     Selected     In-Place         Size        Empty    Relocated 
[112.088s][info][gc,reloc    ] GC(27) O: Small Pages:                  242            9            0         484M           0M           1M 
[112.088s][info][gc,reloc    ] GC(27) O: Medium Pages:                   1            0            0          32M           0M           0M 
[112.088s][info][gc,reloc    ] GC(27) O: Large Pages:                    1            0            0          12M           0M           0M 
[112.088s][info][gc,reloc    ] GC(27) O: Forwarding Usage: 0M
[112.088s][info][gc,heap     ] GC(27) O: Min Capacity: 8M(0%)
[112.088s][info][gc,heap     ] GC(27) O: Max Capacity: 4096M(100%)
[112.088s][info][gc,heap     ] GC(27) O: Soft Max Capacity: 4096M(100%)
[112.088s][info][gc,heap     ] GC(27) O: Heap Statistics:
[112.088s][info][gc,heap     ] GC(27) O:                Mark Start          Mark End        Relocate Start      Relocate End           High               Low         
[112.088s][info][gc,heap     ] GC(27) O:  Capacity:     3864M (94%)        3864M (94%)        3864M (94%)        3864M (94%)        3864M (94%)        3864M (94%)    
[112.088s][info][gc,heap     ] GC(27) O:      Free:     3562M (87%)        3524M (86%)        3522M (86%)        3530M (86%)        3562M (87%)        3512M (86%)    
[112.088s][info][gc,heap     ] GC(27) O:      Used:      534M (13%)         572M (14%)         574M (14%)         566M (14%)         584M (14%)         534M (13%)    
[112.088s][info][gc,heap     ] GC(27) O: Old Generation Statistics:
[112.088s][info][gc,heap     ] GC(27) O:                Mark Start          Mark End        Relocate Start      Relocate End    
[112.088s][info][gc,heap     ] GC(27) O:      Used:      528M (13%)         528M (13%)         528M (13%)         520M (13%)    
[112.088s][info][gc,heap     ] GC(27) O:      Live:         -               486M (12%)         486M (12%)         486M (12%)    
[112.088s][info][gc,heap     ] GC(27) O:   Garbage:         -                41M (1%)           41M (1%)           23M (1%)     
[112.088s][info][gc,heap     ] GC(27) O: Allocated:         -                 0M (0%)            0M (0%)           10M (0%)     
[112.088s][info][gc,heap     ] GC(27) O: Reclaimed:         -                  -                 0M (0%)           18M (0%)     
[112.088s][info][gc,heap     ] GC(27) O: Compacted:         -                  -                  -                 1M (0%)     
[112.088s][info][gc,phases   ] GC(27) O: Old Generation 536M(13%)->566M(14%) 0.180s
[112.088s][info][gc          ] GC(27) Major Collection (System.gc()) 1456M(36%)->566M(14%) 0.192s
[117.089s][info][gc          ] GC(28) Major Collection (System.gc())
[117.089s][info][gc,task     ] GC(28) Using 4 Workers for Young Generation
[117.089s][info][gc,task     ] GC(28) Using 4 Workers for Old Generation
[117.089s][info][gc,phases   ] GC(28) Y: Young Generation (Promote All)
[117.089s][info][gc,phases   ] GC(28) Y: Pause Mark Start 0.014ms
[117.089s][info][safepoint   ] Safepoint "ZMarkStartYoung", Time since last: 5003241500 ns, Reaching safepoint: 7600 ns, At safepoint: 44300 ns, Leaving safepoint: 5700 ns, Total: 57600 ns, Threads: 0 runnable, 54 total
[117.095s][info][gc,phases   ] GC(28) Y: Concurrent Mark 5.930ms
[117.095s][info][gc,phases   ] GC(28) Y: Pause Mark End 0.016ms
[117.095s][info][safepoint   ] Safepoint "ZMarkEndYoung", Time since last: 5992000 ns, Reaching safepoint: 15700 ns, At safepoint: 41300 ns, Leaving safepoint: 6200 ns, Total: 63200 ns, Threads: 1 runnable, 54 total
[117.095s][info][gc,phases   ] GC(28) Y: Concurrent Mark Free 0.002ms
[117.095s][info][gc,phases   ] GC(28) Y: Concurrent Reset Relocation Set 0.000ms
[117.096s][info][gc,reloc    ] GC(28) Y: Using tenuring threshold: 0 (Promote All)
[117.096s][info][gc,phases   ] GC(28) Y: Concurrent Select Relocation Set 0.468ms
[117.096s][info][gc,phases   ] GC(28) Y: Pause Relocate Start 0.009ms
[117.096s][info][safepoint   ] Safepoint "ZRelocateStartYoung", Time since last: 557500 ns, Reaching safepoint: 2600 ns, At safepoint: 42100 ns, Leaving safepoint: 6100 ns, Total: 50800 ns, Threads: 0 runnable, 54 total
[117.097s][info][gc,phases   ] GC(28) Y: Concurrent Relocate 1.238ms
[117.097s][info][gc,alloc    ] GC(28) Y:                         Mark Start        Mark End      Relocate Start    Relocate End   
[117.097s][info][gc,alloc    ] GC(28) Y: Allocation Stalls:          0                0                0                0         
[117.097s][info][gc,load     ] GC(28) Y: Load: 0.00 (0%) / 0.00 (0%) / 0.00 (0%)
[117.097s][info][gc,mmu      ] GC(28) Y: MMU: 2ms/97.3%, 5ms/98.9%, 10ms/99.3%, 20ms/99.6%, 50ms/99.8%, 100ms/99.9%
[117.097s][info][gc,marking  ] GC(28) Y: Mark: 4 stripe(s), 2 proactive flush(es), 1 terminate flush(es), 0 completion(s), 0 continuation(s) 
[117.097s][info][gc,nmethod  ] GC(28) Y: NMethods: 5366 registered, 2651 unregistered
[117.097s][info][gc,metaspace] GC(28) Y: Metaspace: 152M used, 154M committed, 1216M reserved
[117.097s][info][gc,reloc    ] GC(28) Y:                        Candidates     Selected     In-Place         Size        Empty    Relocated 
[117.097s][info][gc,reloc    ] GC(28) Y: Small Pages:                  445           65            0         890M         758M           0M 
[117.097s][info][gc,reloc    ] GC(28) Y: Medium Pages:                   0            0            0           0M           0M           0M 
[117.097s][info][gc,reloc    ] GC(28) Y: Large Pages:                    0            0            0           0M           0M           0M 
[117.097s][info][gc,reloc    ] GC(28) Y: Forwarding Usage: 0M
[117.097s][info][gc,reloc    ] GC(28) Y: Age Table:
[117.097s][info][gc,reloc    ] GC(28) Y:                    Live             Garbage             Small              Medium             Large        
[117.097s][info][gc,reloc    ] GC(28) Y: Eden               0M (0%)          887M (22%)        444 / 65             0 / 0              0 / 0        
[117.097s][info][gc,reloc    ] GC(28) Y: Survivor 1          -                 2M (0%)           1 / 0              0 / 0              0 / 0        
[117.097s][info][gc,heap     ] GC(28) Y: Min Capacity: 8M(0%)
[117.097s][info][gc,heap     ] GC(28) Y: Max Capacity: 4096M(100%)
[117.097s][info][gc,heap     ] GC(28) Y: Soft Max Capacity: 4096M(100%)
[117.097s][info][gc,heap     ] GC(28) Y: Heap Statistics:
[117.097s][info][gc,heap     ] GC(28) Y:                Mark Start          Mark End        Relocate Start      Relocate End           High               Low         
[117.097s][info][gc,heap     ] GC(28) Y:  Capacity:     3864M (94%)        3864M (94%)        3864M (94%)        3864M (94%)        3864M (94%)        3864M (94%)    
[117.097s][info][gc,heap     ] GC(28) Y:      Free:     2686M (66%)        2680M (65%)        3438M (84%)        3562M (87%)        3562M (87%)        2680M (65%)    
[117.098s][info][gc,heap     ] GC(28) Y:      Used:     1410M (34%)        1416M (35%)         658M (16%)         534M (13%)        1416M (35%)         534M (13%)    
[117.098s][info][gc,heap     ] GC(28) Y: Young Generation Statistics:
[117.098s][info][gc,heap     ] GC(28) Y:                Mark Start          Mark End        Relocate Start      Relocate End    
[117.098s][info][gc,heap     ] GC(28) Y:      Used:      890M (22%)         896M (22%)         138M (3%)            6M (0%)     
[117.098s][info][gc,heap     ] GC(28) Y:      Live:         -                 0M (0%)            0M (0%)            0M (0%)     
[117.098s][info][gc,heap     ] GC(28) Y:   Garbage:         -               889M (22%)         131M (3%)            0M (0%)     
[117.098s][info][gc,heap     ] GC(28) Y: Allocated:         -                 6M (0%)            6M (0%)            6M (0%)     
[117.098s][info][gc,heap     ] GC(28) Y: Reclaimed:         -                  -               758M (19%)         889M (22%)    
[117.098s][info][gc,heap     ] GC(28) Y:  Promoted:         -                  -                 0M (0%)            0M (0%)     
[117.098s][info][gc,heap     ] GC(28) Y: Compacted:         -                  -                  -                 0M (0%)     
[117.098s][info][gc,phases   ] GC(28) Y: Young Generation (Promote All) 1410M(34%)->534M(13%) 0.008s
[117.098s][info][gc,phases   ] GC(28) Y: Young Generation (Collect Roots)
[117.098s][info][gc,phases   ] GC(28) Y: Pause Mark Start (Major) 0.011ms
[117.098s][info][safepoint   ] Safepoint "ZMarkStartYoungAndOld", Time since last: 1730100 ns, Reaching safepoint: 2000 ns, At safepoint: 28400 ns, Leaving safepoint: 2200 ns, Total: 32600 ns, Threads: 0 runnable, 54 total
[117.102s][info][gc,phases   ] GC(28) Y: Concurrent Mark 4.756ms
[117.103s][info][gc,phases   ] GC(28) Y: Pause Mark End 0.010ms
[117.103s][info][safepoint   ] Safepoint "ZMarkEndYoung", Time since last: 4804800 ns, Reaching safepoint: 2500 ns, At safepoint: 39700 ns, Leaving safepoint: 5800 ns, Total: 48000 ns, Threads: 0 runnable, 54 total
[117.103s][info][gc,phases   ] GC(28) Y: Concurrent Mark Free 0.002ms
[117.103s][info][gc,phases   ] GC(28) Y: Concurrent Reset Relocation Set 0.001ms
[117.103s][info][gc,reloc    ] GC(28) Y: Using tenuring threshold: 1 (Computed)
[117.103s][info][gc,phases   ] GC(28) Y: Concurrent Select Relocation Set 0.171ms
[117.103s][info][gc,phases   ] GC(28) Y: Pause Relocate Start 0.007ms
[117.103s][info][safepoint   ] Safepoint "ZRelocateStartYoung", Time since last: 274200 ns, Reaching safepoint: 2600 ns, At safepoint: 31800 ns, Leaving safepoint: 3400 ns, Total: 37800 ns, Threads: 0 runnable, 54 total
[117.103s][info][gc,phases   ] GC(28) Y: Concurrent Relocate 0.061ms
[117.103s][info][gc,alloc    ] GC(28) Y:                         Mark Start        Mark End      Relocate Start    Relocate End   
[117.103s][info][gc,alloc    ] GC(28) Y: Allocation Stalls:          0                0                0                0         
[117.103s][info][gc,load     ] GC(28) Y: Load: 0.00 (0%) / 0.00 (0%) / 0.00 (0%)
[117.103s][info][gc,mmu      ] GC(28) Y: MMU: 2ms/97.3%, 5ms/98.9%, 10ms/99.3%, 20ms/99.6%, 50ms/99.8%, 100ms/99.9%
[117.103s][info][gc,marking  ] GC(28) Y: Mark: 4 stripe(s), 3 proactive flush(es), 1 terminate flush(es), 0 completion(s), 0 continuation(s) 
[117.103s][info][gc,nmethod  ] GC(28) Y: NMethods: 5366 registered, 2651 unregistered
[117.103s][info][gc,metaspace] GC(28) Y: Metaspace: 152M used, 154M committed, 1216M reserved
[117.103s][info][gc,reloc    ] GC(28) Y:                        Candidates     Selected     In-Place         Size        Empty    Relocated 
[117.103s][info][gc,reloc    ] GC(28) Y: Small Pages:                    3            0            0           6M           4M           0M 
[117.103s][info][gc,reloc    ] GC(28) Y: Medium Pages:                   0            0            0           0M           0M           0M 
[117.103s][info][gc,reloc    ] GC(28) Y: Large Pages:                    0            0            0           0M           0M           0M 
[117.103s][info][gc,reloc    ] GC(28) Y: Forwarding Usage: 0M
[117.103s][info][gc,reloc    ] GC(28) Y: Age Table:
[117.103s][info][gc,reloc    ] GC(28) Y:                    Live             Garbage             Small              Medium             Large        
[117.103s][info][gc,reloc    ] GC(28) Y: Eden               0M (0%)            5M (0%)           3 / 0              0 / 0              0 / 0        
[117.103s][info][gc,heap     ] GC(28) Y: Min Capacity: 8M(0%)
[117.103s][info][gc,heap     ] GC(28) Y: Max Capacity: 4096M(100%)
[117.103s][info][gc,heap     ] GC(28) Y: Soft Max Capacity: 4096M(100%)
[117.103s][info][gc,heap     ] GC(28) Y: Heap Statistics:
[117.103s][info][gc,heap     ] GC(28) Y:                Mark Start          Mark End        Relocate Start      Relocate End           High               Low         
[117.103s][info][gc,heap     ] GC(28) Y:  Capacity:     3864M (94%)        3864M (94%)        3864M (94%)        3864M (94%)        3864M (94%)        3864M (94%)    
[117.103s][info][gc,heap     ] GC(28) Y:      Free:     3562M (87%)        3556M (87%)        3560M (87%)        3560M (87%)        3562M (87%)        3556M (87%)    
[117.103s][info][gc,heap     ] GC(28) Y:      Used:      534M (13%)         540M (13%)         536M (13%)         536M (13%)         540M (13%)         534M (13%)    
[117.103s][info][gc,heap     ] GC(28) Y: Young Generation Statistics:
[117.103s][info][gc,heap     ] GC(28) Y:                Mark Start          Mark End        Relocate Start      Relocate End    
[117.103s][info][gc,heap     ] GC(28) Y:      Used:        6M (0%)           12M (0%)            8M (0%)            8M (0%)     
[117.103s][info][gc,heap     ] GC(28) Y:      Live:         -                 0M (0%)            0M (0%)            0M (0%)     
[117.103s][info][gc,heap     ] GC(28) Y:   Garbage:         -                 5M (0%)            1M (0%)            1M (0%)     
[117.103s][info][gc,heap     ] GC(28) Y: Allocated:         -                 6M (0%)            6M (0%)            6M (0%)     
[117.103s][info][gc,heap     ] GC(28) Y: Reclaimed:         -                  -                 4M (0%)            4M (0%)     
[117.103s][info][gc,heap     ] GC(28) Y:  Promoted:         -                  -                 0M (0%)            0M (0%)     
[117.103s][info][gc,heap     ] GC(28) Y: Compacted:         -                  -                  -                 0M (0%)     
[117.103s][info][gc,phases   ] GC(28) Y: Young Generation (Collect Roots) 534M(13%)->536M(13%) 0.005s
[117.103s][info][gc,phases   ] GC(28) O: Old Generation
[117.328s][info][gc,phases   ] GC(28) O: Concurrent Mark 224.785ms
[117.328s][info][gc,phases   ] GC(28) O: Pause Mark End 0.015ms
[117.328s][info][safepoint   ] Safepoint "ZMarkEndOld", Time since last: 225306700 ns, Reaching safepoint: 4400 ns, At safepoint: 36100 ns, Leaving safepoint: 3900 ns, Total: 44400 ns, Threads: 0 runnable, 54 total
[117.328s][info][gc,phases   ] GC(28) O: Concurrent Mark Free 0.001ms
[117.331s][info][gc,phases   ] GC(28) O: Concurrent Process Non-Strong 2.869ms
[117.331s][info][gc,phases   ] GC(28) O: Concurrent Reset Relocation Set 0.001ms
[117.331s][info][gc,phases   ] GC(28) O: Concurrent Select Relocation Set 0.089ms
[117.331s][info][gc,task     ] GC(28) O: Using 4 Workers for Old Generation
[117.334s][info][gc,task     ] GC(28) O: Using 4 Workers for Old Generation
[117.335s][info][gc,phases   ] GC(28) O: Concurrent Remap Roots 3.278ms
[117.335s][info][gc,phases   ] GC(28) O: Pause Relocate Start 0.009ms
[117.335s][info][safepoint   ] Safepoint "ZRelocateStartOld", Time since last: 6327800 ns, Reaching safepoint: 2700 ns, At safepoint: 30500 ns, Leaving safepoint: 3500 ns, Total: 36700 ns, Threads: 1 runnable, 54 total
[117.336s][info][gc,phases   ] GC(28) O: Concurrent Relocate 1.083ms
[117.336s][info][gc,alloc    ] GC(28) O:                         Mark Start        Mark End      Relocate Start    Relocate End   
[117.336s][info][gc,alloc    ] GC(28) O: Allocation Stalls:          0                0                0                0         
[117.336s][info][gc,load     ] GC(28) O: Load: 0.00 (0%) / 0.00 (0%) / 0.00 (0%)
[117.336s][info][gc,mmu      ] GC(28) O: MMU: 2ms/97.3%, 5ms/98.9%, 10ms/99.3%, 20ms/99.6%, 50ms/99.8%, 100ms/99.9%
[117.336s][info][gc,marking  ] GC(28) O: Mark: 4 stripe(s), 2 proactive flush(es), 1 terminate flush(es), 0 completion(s), 0 continuation(s) 
[117.336s][info][gc,nmethod  ] GC(28) O: NMethods: 5365 registered, 2654 unregistered
[117.336s][info][gc,metaspace] GC(28) O: Metaspace: 152M used, 154M committed, 1216M reserved
[117.336s][info][gc,ref      ] GC(28) O:                       Encountered   Discovered     Enqueued 
[117.336s][info][gc,ref      ] GC(28) O: Soft References:             5380            0            0 
[117.336s][info][gc,ref      ] GC(28) O: Weak References:            36576        18753            2 
[117.336s][info][gc,ref      ] GC(28) O: Final References:              55            0            0 
[117.336s][info][gc,ref      ] GC(28) O: Phantom References:          1232          662            0 
[117.336s][info][gc,reloc    ] GC(28) O:                        Candidates     Selected     In-Place         Size        Empty    Relocated 
[117.336s][info][gc,reloc    ] GC(28) O: Small Pages:                  242            8            0         484M           2M           1M 
[117.336s][info][gc,reloc    ] GC(28) O: Medium Pages:                   1            0            0          32M           0M           0M 
[117.336s][info][gc,reloc    ] GC(28) O: Large Pages:                    1            0            0          12M           0M           0M 
[117.336s][info][gc,reloc    ] GC(28) O: Forwarding Usage: 0M
[117.336s][info][gc,heap     ] GC(28) O: Min Capacity: 8M(0%)
[117.336s][info][gc,heap     ] GC(28) O: Max Capacity: 4096M(100%)
[117.336s][info][gc,heap     ] GC(28) O: Soft Max Capacity: 4096M(100%)
[117.336s][info][gc,heap     ] GC(28) O: Heap Statistics:
[117.336s][info][gc,heap     ] GC(28) O:                Mark Start          Mark End        Relocate Start      Relocate End           High               Low         
[117.336s][info][gc,heap     ] GC(28) O:  Capacity:     3864M (94%)        3864M (94%)        3864M (94%)        3864M (94%)        3864M (94%)        3864M (94%)    
[117.336s][info][gc,heap     ] GC(28) O:      Free:     3562M (87%)        3524M (86%)        3524M (86%)        3532M (86%)        3562M (87%)        3514M (86%)    
[117.336s][info][gc,heap     ] GC(28) O:      Used:      534M (13%)         572M (14%)         572M (14%)         564M (14%)         582M (14%)         534M (13%)    
[117.336s][info][gc,heap     ] GC(28) O: Old Generation Statistics:
[117.336s][info][gc,heap     ] GC(28) O:                Mark Start          Mark End        Relocate Start      Relocate End    
[117.336s][info][gc,heap     ] GC(28) O:      Used:      528M (13%)         528M (13%)         526M (13%)         518M (13%)    
[117.336s][info][gc,heap     ] GC(28) O:      Live:         -               486M (12%)         486M (12%)         486M (12%)    
[117.336s][info][gc,heap     ] GC(28) O:   Garbage:         -                41M (1%)           39M (1%)           23M (1%)     
[117.336s][info][gc,heap     ] GC(28) O: Allocated:         -                 0M (0%)            0M (0%)            8M (0%)     
[117.336s][info][gc,heap     ] GC(28) O: Reclaimed:         -                  -                 2M (0%)           18M (0%)     
[117.336s][info][gc,heap     ] GC(28) O: Compacted:         -                  -                  -                 1M (0%)     
[117.336s][info][gc,phases   ] GC(28) O: Old Generation 536M(13%)->564M(14%) 0.232s
[117.336s][info][gc          ] GC(28) Major Collection (System.gc()) 1410M(34%)->564M(14%) 0.247s
[122.337s][info][gc          ] GC(29) Major Collection (System.gc())
[122.338s][info][gc,task     ] GC(29) Using 4 Workers for Young Generation
[122.338s][info][gc,task     ] GC(29) Using 4 Workers for Old Generation
[122.338s][info][gc,phases   ] GC(29) Y: Young Generation (Promote All)
[122.338s][info][gc,phases   ] GC(29) Y: Pause Mark Start 0.012ms
[122.338s][info][safepoint   ] Safepoint "ZMarkStartYoung", Time since last: 5002980400 ns, Reaching safepoint: 7200 ns, At safepoint: 30500 ns, Leaving safepoint: 3700 ns, Total: 41400 ns, Threads: 1 runnable, 54 total
[122.342s][info][gc,phases   ] GC(29) Y: Concurrent Mark 4.506ms
[122.342s][info][gc,phases   ] GC(29) Y: Pause Mark End 0.008ms
[122.342s][info][safepoint   ] Safepoint "ZMarkEndYoung", Time since last: 4549300 ns, Reaching safepoint: 1700 ns, At safepoint: 26700 ns, Leaving safepoint: 3400 ns, Total: 31800 ns, Threads: 0 runnable, 54 total
[122.342s][info][gc,phases   ] GC(29) Y: Concurrent Mark Free 0.001ms
[122.342s][info][gc,phases   ] GC(29) Y: Concurrent Reset Relocation Set 0.000ms
[122.342s][info][gc,reloc    ] GC(29) Y: Using tenuring threshold: 0 (Promote All)
[122.342s][info][gc,phases   ] GC(29) Y: Concurrent Select Relocation Set 0.223ms
[122.342s][info][gc,phases   ] GC(29) Y: Pause Relocate Start 0.006ms
[122.342s][info][safepoint   ] Safepoint "ZRelocateStartYoung", Time since last: 293500 ns, Reaching safepoint: 1900 ns, At safepoint: 23600 ns, Leaving safepoint: 2000 ns, Total: 27500 ns, Threads: 0 runnable, 54 total
[122.343s][info][gc,phases   ] GC(29) Y: Concurrent Relocate 0.338ms
[122.343s][info][gc,alloc    ] GC(29) Y:                         Mark Start        Mark End      Relocate Start    Relocate End   
[122.343s][info][gc,alloc    ] GC(29) Y: Allocation Stalls:          0                0                0                0         
[122.343s][info][gc,load     ] GC(29) Y: Load: 0.00 (0%) / 0.00 (0%) / 0.00 (0%)
[122.343s][info][gc,mmu      ] GC(29) Y: MMU: 2ms/97.3%, 5ms/98.9%, 10ms/99.3%, 20ms/99.6%, 50ms/99.8%, 100ms/99.9%
[122.343s][info][gc,marking  ] GC(29) Y: Mark: 4 stripe(s), 2 proactive flush(es), 1 terminate flush(es), 0 completion(s), 0 continuation(s) 
[122.343s][info][gc,nmethod  ] GC(29) Y: NMethods: 5415 registered, 2654 unregistered
[122.343s][info][gc,metaspace] GC(29) Y: Metaspace: 152M used, 154M committed, 1216M reserved
[122.343s][info][gc,reloc    ] GC(29) Y:                        Candidates     Selected     In-Place         Size        Empty    Relocated 
[122.343s][info][gc,reloc    ] GC(29) Y: Small Pages:                  462           55            0         924M         812M           0M 
[122.343s][info][gc,reloc    ] GC(29) Y: Medium Pages:                   0            0            0           0M           0M           0M 
[122.343s][info][gc,reloc    ] GC(29) Y: Large Pages:                    0            0            0           0M           0M           0M 
[122.343s][info][gc,reloc    ] GC(29) Y: Forwarding Usage: 0M
[122.343s][info][gc,reloc    ] GC(29) Y: Age Table:
[122.343s][info][gc,reloc    ] GC(29) Y:                    Live             Garbage             Small              Medium             Large        
[122.343s][info][gc,reloc    ] GC(29) Y: Eden               0M (0%)          921M (23%)        461 / 55             0 / 0              0 / 0        
[122.343s][info][gc,reloc    ] GC(29) Y: Survivor 1          -                 2M (0%)           1 / 0              0 / 0              0 / 0        
[122.343s][info][gc,heap     ] GC(29) Y: Min Capacity: 8M(0%)
[122.343s][info][gc,heap     ] GC(29) Y: Max Capacity: 4096M(100%)
[122.343s][info][gc,heap     ] GC(29) Y: Soft Max Capacity: 4096M(100%)
[122.343s][info][gc,heap     ] GC(29) Y: Heap Statistics:
[122.343s][info][gc,heap     ] GC(29) Y:                Mark Start          Mark End        Relocate Start      Relocate End           High               Low         
[122.343s][info][gc,heap     ] GC(29) Y:  Capacity:     3864M (94%)        3864M (94%)        3864M (94%)        3864M (94%)        3864M (94%)        3864M (94%)    
[122.343s][info][gc,heap     ] GC(29) Y:      Free:     2654M (65%)        2648M (65%)        3460M (84%)        3562M (87%)        3562M (87%)        2648M (65%)    
[122.343s][info][gc,heap     ] GC(29) Y:      Used:     1442M (35%)        1448M (35%)         636M (16%)         534M (13%)        1448M (35%)         534M (13%)    
[122.343s][info][gc,heap     ] GC(29) Y: Young Generation Statistics:
[122.343s][info][gc,heap     ] GC(29) Y:                Mark Start          Mark End        Relocate Start      Relocate End    
[122.343s][info][gc,heap     ] GC(29) Y:      Used:      924M (23%)         930M (23%)         118M (3%)            6M (0%)     
[122.343s][info][gc,heap     ] GC(29) Y:      Live:         -                 0M (0%)            0M (0%)            0M (0%)     
[122.343s][info][gc,heap     ] GC(29) Y:   Garbage:         -               923M (23%)         111M (3%)            0M (0%)     
[122.343s][info][gc,heap     ] GC(29) Y: Allocated:         -                 6M (0%)            6M (0%)            6M (0%)     
[122.343s][info][gc,heap     ] GC(29) Y: Reclaimed:         -                  -               812M (20%)         923M (23%)    
[122.343s][info][gc,heap     ] GC(29) Y:  Promoted:         -                  -                 0M (0%)            0M (0%)     
[122.343s][info][gc,heap     ] GC(29) Y: Compacted:         -                  -                  -                 0M (0%)     
[122.343s][info][gc,phases   ] GC(29) Y: Young Generation (Promote All) 1442M(35%)->534M(13%) 0.005s
[122.343s][info][gc,phases   ] GC(29) Y: Young Generation (Collect Roots)
[122.343s][info][gc,phases   ] GC(29) Y: Pause Mark Start (Major) 0.007ms
[122.343s][info][safepoint   ] Safepoint "ZMarkStartYoungAndOld", Time since last: 628100 ns, Reaching safepoint: 52200 ns, At safepoint: 25900 ns, Leaving safepoint: 3600 ns, Total: 81700 ns, Threads: 1 runnable, 54 total
[122.347s][info][gc,phases   ] GC(29) Y: Concurrent Mark 4.192ms
[122.347s][info][gc,phases   ] GC(29) Y: Pause Mark End 0.006ms
[122.347s][info][safepoint   ] Safepoint "ZMarkEndYoung", Time since last: 4233800 ns, Reaching safepoint: 1900 ns, At safepoint: 25400 ns, Leaving safepoint: 1900 ns, Total: 29200 ns, Threads: 0 runnable, 54 total
[122.347s][info][gc,phases   ] GC(29) Y: Concurrent Mark Free 0.001ms
[122.347s][info][gc,phases   ] GC(29) Y: Concurrent Reset Relocation Set 0.001ms
[122.348s][info][gc,reloc    ] GC(29) Y: Using tenuring threshold: 1 (Computed)
[122.348s][info][gc,phases   ] GC(29) Y: Concurrent Select Relocation Set 0.120ms
[122.348s][info][gc,phases   ] GC(29) Y: Pause Relocate Start 0.006ms
[122.348s][info][safepoint   ] Safepoint "ZRelocateStartYoung", Time since last: 191500 ns, Reaching safepoint: 1900 ns, At safepoint: 19200 ns, Leaving safepoint: 3600 ns, Total: 24700 ns, Threads: 0 runnable, 54 total
[122.348s][info][gc,phases   ] GC(29) Y: Concurrent Relocate 0.041ms
[122.348s][info][gc,alloc    ] GC(29) Y:                         Mark Start        Mark End      Relocate Start    Relocate End   
[122.348s][info][gc,alloc    ] GC(29) Y: Allocation Stalls:          0                0                0                0         
[122.348s][info][gc,load     ] GC(29) Y: Load: 0.00 (0%) / 0.00 (0%) / 0.00 (0%)
[122.348s][info][gc,mmu      ] GC(29) Y: MMU: 2ms/97.3%, 5ms/98.9%, 10ms/99.3%, 20ms/99.6%, 50ms/99.8%, 100ms/99.9%
[122.348s][info][gc,marking  ] GC(29) Y: Mark: 4 stripe(s), 3 proactive flush(es), 1 terminate flush(es), 0 completion(s), 0 continuation(s) 
[122.348s][info][gc,nmethod  ] GC(29) Y: NMethods: 5415 registered, 2654 unregistered
[122.348s][info][gc,metaspace] GC(29) Y: Metaspace: 152M used, 154M committed, 1216M reserved
[122.348s][info][gc,reloc    ] GC(29) Y:                        Candidates     Selected     In-Place         Size        Empty    Relocated 
[122.348s][info][gc,reloc    ] GC(29) Y: Small Pages:                    3            0            0           6M           4M           0M 
[122.348s][info][gc,reloc    ] GC(29) Y: Medium Pages:                   0            0            0           0M           0M           0M 
[122.348s][info][gc,reloc    ] GC(29) Y: Large Pages:                    0            0            0           0M           0M           0M 
[122.348s][info][gc,reloc    ] GC(29) Y: Forwarding Usage: 0M
[122.348s][info][gc,reloc    ] GC(29) Y: Age Table:
[122.348s][info][gc,reloc    ] GC(29) Y:                    Live             Garbage             Small              Medium             Large        
[122.348s][info][gc,reloc    ] GC(29) Y: Eden               0M (0%)            5M (0%)           3 / 0              0 / 0              0 / 0        
[122.348s][info][gc,heap     ] GC(29) Y: Min Capacity: 8M(0%)
[122.348s][info][gc,heap     ] GC(29) Y: Max Capacity: 4096M(100%)
[122.348s][info][gc,heap     ] GC(29) Y: Soft Max Capacity: 4096M(100%)
[122.348s][info][gc,heap     ] GC(29) Y: Heap Statistics:
[122.348s][info][gc,heap     ] GC(29) Y:                Mark Start          Mark End        Relocate Start      Relocate End           High               Low         
[122.348s][info][gc,heap     ] GC(29) Y:  Capacity:     3864M (94%)        3864M (94%)        3864M (94%)        3864M (94%)        3864M (94%)        3864M (94%)    
[122.348s][info][gc,heap     ] GC(29) Y:      Free:     3562M (87%)        3556M (87%)        3560M (87%)        3560M (87%)        3562M (87%)        3556M (87%)    
[122.348s][info][gc,heap     ] GC(29) Y:      Used:      534M (13%)         540M (13%)         536M (13%)         536M (13%)         540M (13%)         534M (13%)    
[122.348s][info][gc,heap     ] GC(29) Y: Young Generation Statistics:
[122.348s][info][gc,heap     ] GC(29) Y:                Mark Start          Mark End        Relocate Start      Relocate End    
[122.348s][info][gc,heap     ] GC(29) Y:      Used:        6M (0%)           12M (0%)            8M (0%)            8M (0%)     
[122.348s][info][gc,heap     ] GC(29) Y:      Live:         -                 0M (0%)            0M (0%)            0M (0%)     
[122.348s][info][gc,heap     ] GC(29) Y:   Garbage:         -                 5M (0%)            1M (0%)            1M (0%)     
[122.348s][info][gc,heap     ] GC(29) Y: Allocated:         -                 6M (0%)            6M (0%)            6M (0%)     
[122.348s][info][gc,heap     ] GC(29) Y: Reclaimed:         -                  -                 4M (0%)            4M (0%)     
[122.348s][info][gc,heap     ] GC(29) Y:  Promoted:         -                  -                 0M (0%)            0M (0%)     
[122.348s][info][gc,heap     ] GC(29) Y: Compacted:         -                  -                  -                 0M (0%)     
[122.348s][info][gc,phases   ] GC(29) Y: Young Generation (Collect Roots) 534M(13%)->536M(13%) 0.005s
[122.348s][info][gc,phases   ] GC(29) O: Old Generation
[122.499s][info][gc,phases   ] GC(29) O: Concurrent Mark 150.652ms
[122.499s][info][gc,phases   ] GC(29) O: Pause Mark End 0.014ms
[122.499s][info][safepoint   ] Safepoint "ZMarkEndOld", Time since last: 151004900 ns, Reaching safepoint: 3100 ns, At safepoint: 37000 ns, Leaving safepoint: 4000 ns, Total: 44100 ns, Threads: 0 runnable, 56 total
[122.499s][info][gc,phases   ] GC(29) O: Concurrent Mark Free 0.002ms
[122.502s][info][gc,phases   ] GC(29) O: Concurrent Process Non-Strong 2.963ms
[122.502s][info][gc,phases   ] GC(29) O: Concurrent Reset Relocation Set 0.001ms
[122.502s][info][gc,phases   ] GC(29) O: Concurrent Select Relocation Set 0.218ms
[122.502s][info][gc,task     ] GC(29) O: Using 4 Workers for Old Generation
[122.506s][info][gc,task     ] GC(29) O: Using 4 Workers for Old Generation
[122.506s][info][gc,phases   ] GC(29) O: Concurrent Remap Roots 3.563ms
[122.506s][info][gc,phases   ] GC(29) O: Pause Relocate Start 0.013ms
[122.506s][info][safepoint   ] Safepoint "ZRelocateStartOld", Time since last: 6863600 ns, Reaching safepoint: 4200 ns, At safepoint: 36600 ns, Leaving safepoint: 2800 ns, Total: 43600 ns, Threads: 0 runnable, 56 total
[122.507s][info][gc,phases   ] GC(29) O: Concurrent Relocate 0.989ms
[122.507s][info][gc,alloc    ] GC(29) O:                         Mark Start        Mark End      Relocate Start    Relocate End   
[122.507s][info][gc,alloc    ] GC(29) O: Allocation Stalls:          0                0                0                0         
[122.507s][info][gc,load     ] GC(29) O: Load: 0.00 (0%) / 0.00 (0%) / 0.00 (0%)
[122.507s][info][gc,mmu      ] GC(29) O: MMU: 2ms/97.3%, 5ms/98.9%, 10ms/99.3%, 20ms/99.6%, 50ms/99.8%, 100ms/99.9%
[122.507s][info][gc,marking  ] GC(29) O: Mark: 4 stripe(s), 3 proactive flush(es), 1 terminate flush(es), 0 completion(s), 0 continuation(s) 
[122.507s][info][gc,nmethod  ] GC(29) O: NMethods: 5459 registered, 2662 unregistered
[122.507s][info][gc,metaspace] GC(29) O: Metaspace: 152M used, 154M committed, 1216M reserved
[122.507s][info][gc,ref      ] GC(29) O:                       Encountered   Discovered     Enqueued 
[122.507s][info][gc,ref      ] GC(29) O: Soft References:             5380            0            0 
[122.507s][info][gc,ref      ] GC(29) O: Weak References:            36584        14930            5 
[122.507s][info][gc,ref      ] GC(29) O: Final References:              55            1            0 
[122.507s][info][gc,ref      ] GC(29) O: Phantom References:          1232          840            0 
[122.507s][info][gc,reloc    ] GC(29) O:                        Candidates     Selected     In-Place         Size        Empty    Relocated 
[122.507s][info][gc,reloc    ] GC(29) O: Small Pages:                  242            9            0         484M           0M           1M 
[122.507s][info][gc,reloc    ] GC(29) O: Medium Pages:                   1            0            0          32M           0M           0M 
[122.507s][info][gc,reloc    ] GC(29) O: Large Pages:                    1            0            0          12M           0M           0M 
[122.507s][info][gc,reloc    ] GC(29) O: Forwarding Usage: 0M
[122.507s][info][gc,heap     ] GC(29) O: Min Capacity: 8M(0%)
[122.507s][info][gc,heap     ] GC(29) O: Max Capacity: 4096M(100%)
[122.507s][info][gc,heap     ] GC(29) O: Soft Max Capacity: 4096M(100%)
[122.507s][info][gc,heap     ] GC(29) O: Heap Statistics:
[122.507s][info][gc,heap     ] GC(29) O:                Mark Start          Mark End        Relocate Start      Relocate End           High               Low         
[122.507s][info][gc,heap     ] GC(29) O:  Capacity:     3864M (94%)        3864M (94%)        3864M (94%)        3864M (94%)        3864M (94%)        3864M (94%)    
[122.507s][info][gc,heap     ] GC(29) O:      Free:     3562M (87%)        3524M (86%)        3518M (86%)        3528M (86%)        3562M (87%)        3508M (86%)    
[122.507s][info][gc,heap     ] GC(29) O:      Used:      534M (13%)         572M (14%)         578M (14%)         568M (14%)         588M (14%)         534M (13%)    
[122.507s][info][gc,heap     ] GC(29) O: Old Generation Statistics:
[122.507s][info][gc,heap     ] GC(29) O:                Mark Start          Mark End        Relocate Start      Relocate End    
[122.507s][info][gc,heap     ] GC(29) O:      Used:      528M (13%)         528M (13%)         528M (13%)         518M (13%)    
[122.507s][info][gc,heap     ] GC(29) O:      Live:         -               486M (12%)         486M (12%)         486M (12%)    
[122.507s][info][gc,heap     ] GC(29) O:   Garbage:         -                41M (1%)           41M (1%)           23M (1%)     
[122.507s][info][gc,heap     ] GC(29) O: Allocated:         -                 0M (0%)            0M (0%)            8M (0%)     
[122.507s][info][gc,heap     ] GC(29) O: Reclaimed:         -                  -                 0M (0%)           18M (0%)     
[122.507s][info][gc,heap     ] GC(29) O: Compacted:         -                  -                  -                 1M (0%)     
[122.507s][info][gc,phases   ] GC(29) O: Old Generation 536M(13%)->568M(14%) 0.159s
[122.507s][info][gc          ] GC(29) Major Collection (System.gc()) 1442M(35%)->568M(14%) 0.169s
[127.509s][info][gc          ] GC(30) Major Collection (System.gc())
[127.509s][info][gc,task     ] GC(30) Using 4 Workers for Young Generation
[127.509s][info][gc,task     ] GC(30) Using 4 Workers for Old Generation
[127.509s][info][gc,phases   ] GC(30) Y: Young Generation (Promote All)
[127.509s][info][gc,phases   ] GC(30) Y: Pause Mark Start 0.012ms
[127.509s][info][safepoint   ] Safepoint "ZMarkStartYoung", Time since last: 5003049300 ns, Reaching safepoint: 5200 ns, At safepoint: 34700 ns, Leaving safepoint: 2600 ns, Total: 42500 ns, Threads: 0 runnable, 56 total
[127.514s][info][gc,phases   ] GC(30) Y: Concurrent Mark 5.081ms
[127.514s][info][gc,phases   ] GC(30) Y: Pause Mark End 0.008ms
[127.514s][info][safepoint   ] Safepoint "ZMarkEndYoung", Time since last: 5120200 ns, Reaching safepoint: 12300 ns, At safepoint: 26400 ns, Leaving safepoint: 3300 ns, Total: 42000 ns, Threads: 1 runnable, 56 total
[127.514s][info][gc,phases   ] GC(30) Y: Concurrent Mark Free 0.002ms
[127.514s][info][gc,phases   ] GC(30) Y: Concurrent Reset Relocation Set 0.000ms
[127.514s][info][gc,reloc    ] GC(30) Y: Using tenuring threshold: 0 (Promote All)
[127.514s][info][gc,phases   ] GC(30) Y: Concurrent Select Relocation Set 0.320ms
[127.514s][info][gc,phases   ] GC(30) Y: Pause Relocate Start 0.006ms
[127.514s][info][safepoint   ] Safepoint "ZRelocateStartYoung", Time since last: 375700 ns, Reaching safepoint: 62500 ns, At safepoint: 25700 ns, Leaving safepoint: 3500 ns, Total: 91700 ns, Threads: 1 runnable, 55 total
[127.515s][info][gc,phases   ] GC(30) Y: Concurrent Relocate 0.819ms
[127.515s][info][gc,alloc    ] GC(30) Y:                         Mark Start        Mark End      Relocate Start    Relocate End   
[127.515s][info][gc,alloc    ] GC(30) Y: Allocation Stalls:          0                0                0                0         
[127.515s][info][gc,load     ] GC(30) Y: Load: 0.00 (0%) / 0.00 (0%) / 0.00 (0%)
[127.515s][info][gc,mmu      ] GC(30) Y: MMU: 2ms/97.3%, 5ms/98.9%, 10ms/99.3%, 20ms/99.6%, 50ms/99.8%, 100ms/99.9%
[127.515s][info][gc,marking  ] GC(30) Y: Mark: 4 stripe(s), 2 proactive flush(es), 1 terminate flush(es), 0 completion(s), 0 continuation(s) 
[127.515s][info][gc,nmethod  ] GC(30) Y: NMethods: 5554 registered, 2662 unregistered
[127.515s][info][gc,metaspace] GC(30) Y: Metaspace: 152M used, 154M committed, 1216M reserved
[127.515s][info][gc,reloc    ] GC(30) Y:                        Candidates     Selected     In-Place         Size        Empty    Relocated 
[127.515s][info][gc,reloc    ] GC(30) Y: Small Pages:                  460           66            0         920M         786M           0M 
[127.515s][info][gc,reloc    ] GC(30) Y: Medium Pages:                   0            0            0           0M           0M           0M 
[127.515s][info][gc,reloc    ] GC(30) Y: Large Pages:                    0            0            0           0M           0M           0M 
[127.515s][info][gc,reloc    ] GC(30) Y: Forwarding Usage: 0M
[127.515s][info][gc,reloc    ] GC(30) Y: Age Table:
[127.515s][info][gc,reloc    ] GC(30) Y:                    Live             Garbage             Small              Medium             Large        
[127.515s][info][gc,reloc    ] GC(30) Y: Eden               0M (0%)          917M (22%)        459 / 66             0 / 0              0 / 0        
[127.515s][info][gc,reloc    ] GC(30) Y: Survivor 1          -                 2M (0%)           1 / 0              0 / 0              0 / 0        
[127.515s][info][gc,heap     ] GC(30) Y: Min Capacity: 8M(0%)
[127.515s][info][gc,heap     ] GC(30) Y: Max Capacity: 4096M(100%)
[127.515s][info][gc,heap     ] GC(30) Y: Soft Max Capacity: 4096M(100%)
[127.515s][info][gc,heap     ] GC(30) Y: Heap Statistics:
[127.515s][info][gc,heap     ] GC(30) Y:                Mark Start          Mark End        Relocate Start      Relocate End           High               Low         
[127.515s][info][gc,heap     ] GC(30) Y:  Capacity:     3864M (94%)        3864M (94%)        3864M (94%)        3864M (94%)        3864M (94%)        3864M (94%)    
[127.515s][info][gc,heap     ] GC(30) Y:      Free:     2658M (65%)        2650M (65%)        3434M (84%)        3558M (87%)        3558M (87%)        2648M (65%)    
[127.515s][info][gc,heap     ] GC(30) Y:      Used:     1438M (35%)        1446M (35%)         662M (16%)         538M (13%)        1448M (35%)         538M (13%)    
[127.515s][info][gc,heap     ] GC(30) Y: Young Generation Statistics:
[127.515s][info][gc,heap     ] GC(30) Y:                Mark Start          Mark End        Relocate Start      Relocate End    
[127.515s][info][gc,heap     ] GC(30) Y:      Used:      920M (22%)         928M (23%)         144M (4%)           10M (0%)     
[127.515s][info][gc,heap     ] GC(30) Y:      Live:         -                 0M (0%)            0M (0%)            0M (0%)     
[127.515s][info][gc,heap     ] GC(30) Y:   Garbage:         -               919M (22%)         133M (3%)            0M (0%)     
[127.515s][info][gc,heap     ] GC(30) Y: Allocated:         -                 8M (0%)           10M (0%)           10M (0%)     
[127.515s][info][gc,heap     ] GC(30) Y: Reclaimed:         -                  -               786M (19%)         919M (22%)    
[127.515s][info][gc,heap     ] GC(30) Y:  Promoted:         -                  -                 0M (0%)            0M (0%)     
[127.515s][info][gc,heap     ] GC(30) Y: Compacted:         -                  -                  -                 0M (0%)     
[127.515s][info][gc,phases   ] GC(30) Y: Young Generation (Promote All) 1438M(35%)->538M(13%) 0.007s
[127.515s][info][gc,phases   ] GC(30) Y: Young Generation (Collect Roots)
[127.515s][info][gc,phases   ] GC(30) Y: Pause Mark Start (Major) 0.008ms
[127.515s][info][safepoint   ] Safepoint "ZMarkStartYoungAndOld", Time since last: 1103900 ns, Reaching safepoint: 2000 ns, At safepoint: 26900 ns, Leaving safepoint: 3500 ns, Total: 32400 ns, Threads: 1 runnable, 55 total
[127.520s][info][gc,phases   ] GC(30) Y: Concurrent Mark 4.297ms
[127.520s][info][gc,phases   ] GC(30) Y: Pause Mark End 0.006ms
[127.520s][info][safepoint   ] Safepoint "ZMarkEndYoung", Time since last: 4335100 ns, Reaching safepoint: 1700 ns, At safepoint: 25400 ns, Leaving safepoint: 2000 ns, Total: 29100 ns, Threads: 0 runnable, 55 total
[127.520s][info][gc,phases   ] GC(30) Y: Concurrent Mark Free 0.001ms
[127.520s][info][gc,phases   ] GC(30) Y: Concurrent Reset Relocation Set 0.001ms
[127.520s][info][gc,reloc    ] GC(30) Y: Using tenuring threshold: 1 (Computed)
[127.520s][info][gc,phases   ] GC(30) Y: Concurrent Select Relocation Set 0.125ms
[127.520s][info][gc,phases   ] GC(30) Y: Pause Relocate Start 0.005ms
[127.520s][info][safepoint   ] Safepoint "ZRelocateStartYoung", Time since last: 225100 ns, Reaching safepoint: 1600 ns, At safepoint: 18500 ns, Leaving safepoint: 3300 ns, Total: 23400 ns, Threads: 1 runnable, 55 total
[127.520s][info][gc,phases   ] GC(30) Y: Concurrent Relocate 0.051ms
[127.520s][info][gc,alloc    ] GC(30) Y:                         Mark Start        Mark End      Relocate Start    Relocate End   
[127.520s][info][gc,alloc    ] GC(30) Y: Allocation Stalls:          0                0                0                0         
[127.520s][info][gc,load     ] GC(30) Y: Load: 0.00 (0%) / 0.00 (0%) / 0.00 (0%)
[127.520s][info][gc,mmu      ] GC(30) Y: MMU: 2ms/97.3%, 5ms/98.9%, 10ms/99.3%, 20ms/99.6%, 50ms/99.8%, 100ms/99.9%
[127.520s][info][gc,marking  ] GC(30) Y: Mark: 4 stripe(s), 3 proactive flush(es), 1 terminate flush(es), 0 completion(s), 0 continuation(s) 
[127.520s][info][gc,nmethod  ] GC(30) Y: NMethods: 5554 registered, 2662 unregistered
[127.520s][info][gc,metaspace] GC(30) Y: Metaspace: 152M used, 154M committed, 1216M reserved
[127.520s][info][gc,reloc    ] GC(30) Y:                        Candidates     Selected     In-Place         Size        Empty    Relocated 
[127.520s][info][gc,reloc    ] GC(30) Y: Small Pages:                    5            0            0          10M           8M           0M 
[127.520s][info][gc,reloc    ] GC(30) Y: Medium Pages:                   0            0            0           0M           0M           0M 
[127.520s][info][gc,reloc    ] GC(30) Y: Large Pages:                    0            0            0           0M           0M           0M 
[127.520s][info][gc,reloc    ] GC(30) Y: Forwarding Usage: 0M
[127.520s][info][gc,reloc    ] GC(30) Y: Age Table:
[127.520s][info][gc,reloc    ] GC(30) Y:                    Live             Garbage             Small              Medium             Large        
[127.520s][info][gc,reloc    ] GC(30) Y: Eden               0M (0%)            9M (0%)           5 / 0              0 / 0              0 / 0        
[127.520s][info][gc,heap     ] GC(30) Y: Min Capacity: 8M(0%)
[127.520s][info][gc,heap     ] GC(30) Y: Max Capacity: 4096M(100%)
[127.520s][info][gc,heap     ] GC(30) Y: Soft Max Capacity: 4096M(100%)
[127.520s][info][gc,heap     ] GC(30) Y: Heap Statistics:
[127.520s][info][gc,heap     ] GC(30) Y:                Mark Start          Mark End        Relocate Start      Relocate End           High               Low         
[127.520s][info][gc,heap     ] GC(30) Y:  Capacity:     3864M (94%)        3864M (94%)        3864M (94%)        3864M (94%)        3864M (94%)        3864M (94%)    
[127.520s][info][gc,heap     ] GC(30) Y:      Free:     3558M (87%)        3544M (87%)        3552M (87%)        3552M (87%)        3558M (87%)        3544M (87%)    
[127.520s][info][gc,heap     ] GC(30) Y:      Used:      538M (13%)         552M (13%)         544M (13%)         544M (13%)         552M (13%)         538M (13%)    
[127.520s][info][gc,heap     ] GC(30) Y: Young Generation Statistics:
[127.520s][info][gc,heap     ] GC(30) Y:                Mark Start          Mark End        Relocate Start      Relocate End    
[127.520s][info][gc,heap     ] GC(30) Y:      Used:       10M (0%)           24M (1%)           16M (0%)           16M (0%)     
[127.520s][info][gc,heap     ] GC(30) Y:      Live:         -                 0M (0%)            0M (0%)            0M (0%)     
[127.520s][info][gc,heap     ] GC(30) Y:   Garbage:         -                 9M (0%)            1M (0%)            1M (0%)     
[127.520s][info][gc,heap     ] GC(30) Y: Allocated:         -                14M (0%)           14M (0%)           14M (0%)     
[127.521s][info][gc,heap     ] GC(30) Y: Reclaimed:         -                  -                 8M (0%)            8M (0%)     
[127.521s][info][gc,heap     ] GC(30) Y:  Promoted:         -                  -                 0M (0%)            0M (0%)     
[127.521s][info][gc,heap     ] GC(30) Y: Compacted:         -                  -                  -                 0M (0%)     
[127.521s][info][gc,phases   ] GC(30) Y: Young Generation (Collect Roots) 538M(13%)->544M(13%) 0.005s
[127.521s][info][gc,phases   ] GC(30) O: Old Generation
[127.676s][info][gc,phases   ] GC(30) O: Concurrent Mark 155.719ms
[127.676s][info][gc,phases   ] GC(30) O: Pause Mark End 0.015ms
[127.676s][info][safepoint   ] Safepoint "ZMarkEndOld", Time since last: 156214100 ns, Reaching safepoint: 14100 ns, At safepoint: 37800 ns, Leaving safepoint: 3700 ns, Total: 55600 ns, Threads: 1 runnable, 55 total
[127.676s][info][gc,phases   ] GC(30) O: Concurrent Mark Free 0.002ms
[127.679s][info][gc,phases   ] GC(30) O: Concurrent Process Non-Strong 2.967ms
[127.679s][info][gc,phases   ] GC(30) O: Concurrent Reset Relocation Set 0.001ms
[127.679s][info][gc,phases   ] GC(30) O: Concurrent Select Relocation Set 0.064ms
[127.679s][info][gc,task     ] GC(30) O: Using 4 Workers for Old Generation
[127.683s][info][gc,task     ] GC(30) O: Using 4 Workers for Old Generation
[127.683s][info][gc,phases   ] GC(30) O: Concurrent Remap Roots 3.314ms
[127.683s][info][gc,phases   ] GC(30) O: Pause Relocate Start 0.008ms
[127.683s][info][safepoint   ] Safepoint "ZRelocateStartOld", Time since last: 6444000 ns, Reaching safepoint: 2300 ns, At safepoint: 27600 ns, Leaving safepoint: 2100 ns, Total: 32000 ns, Threads: 0 runnable, 55 total
[127.684s][info][gc,phases   ] GC(30) O: Concurrent Relocate 1.385ms
[127.684s][info][gc,alloc    ] GC(30) O:                         Mark Start        Mark End      Relocate Start    Relocate End   
[127.684s][info][gc,alloc    ] GC(30) O: Allocation Stalls:          0                0                0                0         
[127.684s][info][gc,load     ] GC(30) O: Load: 0.00 (0%) / 0.00 (0%) / 0.00 (0%)
[127.684s][info][gc,mmu      ] GC(30) O: MMU: 2ms/97.3%, 5ms/98.9%, 10ms/99.3%, 20ms/99.6%, 50ms/99.8%, 100ms/99.9%
[127.684s][info][gc,marking  ] GC(30) O: Mark: 4 stripe(s), 4 proactive flush(es), 1 terminate flush(es), 0 completion(s), 0 continuation(s) 
[127.684s][info][gc,nmethod  ] GC(30) O: NMethods: 5534 registered, 2686 unregistered
[127.684s][info][gc,metaspace] GC(30) O: Metaspace: 152M used, 154M committed, 1216M reserved
[127.684s][info][gc,ref      ] GC(30) O:                       Encountered   Discovered     Enqueued 
[127.684s][info][gc,ref      ] GC(30) O: Soft References:             5380            0            0 
[127.684s][info][gc,ref      ] GC(30) O: Weak References:            36582        18404            0 
[127.684s][info][gc,ref      ] GC(30) O: Final References:              55            0            0 
[127.684s][info][gc,ref      ] GC(30) O: Phantom References:          1269          467           36 
[127.684s][info][gc,reloc    ] GC(30) O:                        Candidates     Selected     In-Place         Size        Empty    Relocated 
[127.684s][info][gc,reloc    ] GC(30) O: Small Pages:                  242            9            0         484M           0M           1M 
[127.684s][info][gc,reloc    ] GC(30) O: Medium Pages:                   1            0            0          32M           0M           0M 
[127.684s][info][gc,reloc    ] GC(30) O: Large Pages:                    1            0            0          12M           0M           0M 
[127.684s][info][gc,reloc    ] GC(30) O: Forwarding Usage: 0M
[127.684s][info][gc,heap     ] GC(30) O: Min Capacity: 8M(0%)
[127.684s][info][gc,heap     ] GC(30) O: Max Capacity: 4096M(100%)
[127.684s][info][gc,heap     ] GC(30) O: Soft Max Capacity: 4096M(100%)
[127.684s][info][gc,heap     ] GC(30) O: Heap Statistics:
[127.684s][info][gc,heap     ] GC(30) O:                Mark Start          Mark End        Relocate Start      Relocate End           High               Low         
[127.684s][info][gc,heap     ] GC(30) O:  Capacity:     3864M (94%)        3864M (94%)        3864M (94%)        3864M (94%)        3864M (94%)        3864M (94%)    
[127.684s][info][gc,heap     ] GC(30) O:      Free:     3558M (87%)        3526M (86%)        3520M (86%)        3528M (86%)        3558M (87%)        3508M (86%)    
[127.684s][info][gc,heap     ] GC(30) O:      Used:      538M (13%)         570M (14%)         576M (14%)         568M (14%)         588M (14%)         538M (13%)    
[127.684s][info][gc,heap     ] GC(30) O: Old Generation Statistics:
[127.684s][info][gc,heap     ] GC(30) O:                Mark Start          Mark End        Relocate Start      Relocate End    
[127.684s][info][gc,heap     ] GC(30) O:      Used:      528M (13%)         528M (13%)         528M (13%)         520M (13%)    
[127.685s][info][gc,heap     ] GC(30) O:      Live:         -               486M (12%)         486M (12%)         486M (12%)    
[127.685s][info][gc,heap     ] GC(30) O:   Garbage:         -                41M (1%)           41M (1%)           23M (1%)     
[127.685s][info][gc,heap     ] GC(30) O: Allocated:         -                 0M (0%)            0M (0%)           10M (0%)     
[127.685s][info][gc,heap     ] GC(30) O: Reclaimed:         -                  -                 0M (0%)           18M (0%)     
[127.685s][info][gc,heap     ] GC(30) O: Compacted:         -                  -                  -                 1M (0%)     
[127.685s][info][gc,phases   ] GC(30) O: Old Generation 544M(13%)->568M(14%) 0.164s
[127.685s][info][gc          ] GC(30) Major Collection (System.gc()) 1438M(35%)->568M(14%) 0.176s
[132.686s][info][gc          ] GC(31) Major Collection (System.gc())
[132.686s][info][gc,task     ] GC(31) Using 4 Workers for Young Generation
[132.686s][info][gc,task     ] GC(31) Using 4 Workers for Old Generation
[132.686s][info][gc,phases   ] GC(31) Y: Young Generation (Promote All)
[132.686s][info][gc,phases   ] GC(31) Y: Pause Mark Start 0.011ms
[132.686s][info][safepoint   ] Safepoint "ZMarkStartYoung", Time since last: 5003385000 ns, Reaching safepoint: 45200 ns, At safepoint: 82100 ns, Leaving safepoint: 5700 ns, Total: 133000 ns, Threads: 1 runnable, 56 total
[132.691s][info][gc,phases   ] GC(31) Y: Concurrent Mark 4.878ms
[132.691s][info][gc,phases   ] GC(31) Y: Pause Mark End 0.009ms
[132.691s][info][safepoint   ] Safepoint "ZMarkEndYoung", Time since last: 4932400 ns, Reaching safepoint: 2800 ns, At safepoint: 30100 ns, Leaving safepoint: 2400 ns, Total: 35300 ns, Threads: 0 runnable, 56 total
[132.691s][info][gc,phases   ] GC(31) Y: Concurrent Mark Free 0.002ms
[132.691s][info][gc,phases   ] GC(31) Y: Concurrent Reset Relocation Set 0.000ms
[132.692s][info][gc,reloc    ] GC(31) Y: Using tenuring threshold: 0 (Promote All)
[132.692s][info][gc,phases   ] GC(31) Y: Concurrent Select Relocation Set 0.260ms
[132.692s][info][gc,phases   ] GC(31) Y: Pause Relocate Start 0.006ms
[132.692s][info][safepoint   ] Safepoint "ZRelocateStartYoung", Time since last: 334800 ns, Reaching safepoint: 2000 ns, At safepoint: 25600 ns, Leaving safepoint: 2100 ns, Total: 29700 ns, Threads: 0 runnable, 56 total
[132.692s][info][gc,phases   ] GC(31) Y: Concurrent Relocate 0.713ms
[132.692s][info][gc,alloc    ] GC(31) Y:                         Mark Start        Mark End      Relocate Start    Relocate End   
[132.692s][info][gc,alloc    ] GC(31) Y: Allocation Stalls:          0                0                0                0         
[132.692s][info][gc,load     ] GC(31) Y: Load: 0.00 (0%) / 0.00 (0%) / 0.00 (0%)
[132.692s][info][gc,mmu      ] GC(31) Y: MMU: 2ms/97.3%, 5ms/98.9%, 10ms/99.3%, 20ms/99.6%, 50ms/99.8%, 100ms/99.9%
[132.692s][info][gc,marking  ] GC(31) Y: Mark: 4 stripe(s), 2 proactive flush(es), 1 terminate flush(es), 0 completion(s), 0 continuation(s) 
[132.692s][info][gc,nmethod  ] GC(31) Y: NMethods: 5583 registered, 2686 unregistered
[132.692s][info][gc,metaspace] GC(31) Y: Metaspace: 152M used, 154M committed, 1216M reserved
[132.693s][info][gc,reloc    ] GC(31) Y:                        Candidates     Selected     In-Place         Size        Empty    Relocated 
[132.693s][info][gc,reloc    ] GC(31) Y: Small Pages:                  465           52            0         930M         824M           0M 
[132.693s][info][gc,reloc    ] GC(31) Y: Medium Pages:                   0            0            0           0M           0M           0M 
[132.693s][info][gc,reloc    ] GC(31) Y: Large Pages:                    0            0            0           0M           0M           0M 
[132.693s][info][gc,reloc    ] GC(31) Y: Forwarding Usage: 0M
[132.693s][info][gc,reloc    ] GC(31) Y: Age Table:
[132.693s][info][gc,reloc    ] GC(31) Y:                    Live             Garbage             Small              Medium             Large        
[132.693s][info][gc,reloc    ] GC(31) Y: Eden               0M (0%)          927M (23%)        464 / 52             0 / 0              0 / 0        
[132.693s][info][gc,reloc    ] GC(31) Y: Survivor 1          -                 2M (0%)           1 / 0              0 / 0              0 / 0        
[132.693s][info][gc,heap     ] GC(31) Y: Min Capacity: 8M(0%)
[132.693s][info][gc,heap     ] GC(31) Y: Max Capacity: 4096M(100%)
[132.693s][info][gc,heap     ] GC(31) Y: Soft Max Capacity: 4096M(100%)
[132.693s][info][gc,heap     ] GC(31) Y: Heap Statistics:
[132.693s][info][gc,heap     ] GC(31) Y:                Mark Start          Mark End        Relocate Start      Relocate End           High               Low         
[132.693s][info][gc,heap     ] GC(31) Y:  Capacity:     3864M (94%)        3864M (94%)        3864M (94%)        3864M (94%)        3864M (94%)        3864M (94%)    
[132.693s][info][gc,heap     ] GC(31) Y:      Free:     2646M (65%)        2640M (64%)        3464M (85%)        3562M (87%)        3562M (87%)        2640M (64%)    
[132.693s][info][gc,heap     ] GC(31) Y:      Used:     1450M (35%)        1456M (36%)         632M (15%)         534M (13%)        1456M (36%)         534M (13%)    
[132.693s][info][gc,heap     ] GC(31) Y: Young Generation Statistics:
[132.693s][info][gc,heap     ] GC(31) Y:                Mark Start          Mark End        Relocate Start      Relocate End    
[132.693s][info][gc,heap     ] GC(31) Y:      Used:      930M (23%)         936M (23%)         112M (3%)            6M (0%)     
[132.693s][info][gc,heap     ] GC(31) Y:      Live:         -                 0M (0%)            0M (0%)            0M (0%)     
[132.693s][info][gc,heap     ] GC(31) Y:   Garbage:         -               929M (23%)         105M (3%)            0M (0%)     
[132.693s][info][gc,heap     ] GC(31) Y: Allocated:         -                 6M (0%)            6M (0%)            6M (0%)     
[132.693s][info][gc,heap     ] GC(31) Y: Reclaimed:         -                  -               824M (20%)         929M (23%)    
[132.693s][info][gc,heap     ] GC(31) Y:  Promoted:         -                  -                 0M (0%)            0M (0%)     
[132.693s][info][gc,heap     ] GC(31) Y: Compacted:         -                  -                  -                 0M (0%)     
[132.693s][info][gc,phases   ] GC(31) Y: Young Generation (Promote All) 1450M(35%)->534M(13%) 0.006s
[132.693s][info][gc,phases   ] GC(31) Y: Young Generation (Collect Roots)
[132.693s][info][gc,phases   ] GC(31) Y: Pause Mark Start (Major) 0.007ms
[132.693s][info][safepoint   ] Safepoint "ZMarkStartYoungAndOld", Time since last: 1004400 ns, Reaching safepoint: 1900 ns, At safepoint: 27200 ns, Leaving safepoint: 2000 ns, Total: 31100 ns, Threads: 0 runnable, 56 total
[132.697s][info][gc,phases   ] GC(31) Y: Concurrent Mark 4.497ms
[132.697s][info][gc,phases   ] GC(31) Y: Pause Mark End 0.006ms
[132.697s][info][safepoint   ] Safepoint "ZMarkEndYoung", Time since last: 4537800 ns, Reaching safepoint: 1600 ns, At safepoint: 25200 ns, Leaving safepoint: 2000 ns, Total: 28800 ns, Threads: 0 runnable, 56 total
[132.697s][info][gc,phases   ] GC(31) Y: Concurrent Mark Free 0.001ms
[132.697s][info][gc,phases   ] GC(31) Y: Concurrent Reset Relocation Set 0.001ms
[132.697s][info][gc,reloc    ] GC(31) Y: Using tenuring threshold: 1 (Computed)
[132.697s][info][gc,phases   ] GC(31) Y: Concurrent Select Relocation Set 0.104ms
[132.697s][info][gc,phases   ] GC(31) Y: Pause Relocate Start 0.004ms
[132.697s][info][safepoint   ] Safepoint "ZRelocateStartYoung", Time since last: 168400 ns, Reaching safepoint: 900 ns, At safepoint: 14000 ns, Leaving safepoint: 1700 ns, Total: 16600 ns, Threads: 0 runnable, 56 total
[132.698s][info][gc,phases   ] GC(31) Y: Concurrent Relocate 0.042ms
[132.698s][info][gc,alloc    ] GC(31) Y:                         Mark Start        Mark End      Relocate Start    Relocate End   
[132.698s][info][gc,alloc    ] GC(31) Y: Allocation Stalls:          0                0                0                0         
[132.698s][info][gc,load     ] GC(31) Y: Load: 0.00 (0%) / 0.00 (0%) / 0.00 (0%)
[132.698s][info][gc,mmu      ] GC(31) Y: MMU: 2ms/97.3%, 5ms/98.9%, 10ms/99.3%, 20ms/99.6%, 50ms/99.8%, 100ms/99.9%
[132.698s][info][gc,marking  ] GC(31) Y: Mark: 4 stripe(s), 3 proactive flush(es), 1 terminate flush(es), 0 completion(s), 0 continuation(s) 
[132.698s][info][gc,nmethod  ] GC(31) Y: NMethods: 5583 registered, 2686 unregistered
[132.698s][info][gc,metaspace] GC(31) Y: Metaspace: 152M used, 154M committed, 1216M reserved
[132.698s][info][gc,reloc    ] GC(31) Y:                        Candidates     Selected     In-Place         Size        Empty    Relocated 
[132.698s][info][gc,reloc    ] GC(31) Y: Small Pages:                    3            0            0           6M           4M           0M 
[132.698s][info][gc,reloc    ] GC(31) Y: Medium Pages:                   0            0            0           0M           0M           0M 
[132.698s][info][gc,reloc    ] GC(31) Y: Large Pages:                    0            0            0           0M           0M           0M 
[132.698s][info][gc,reloc    ] GC(31) Y: Forwarding Usage: 0M
[132.698s][info][gc,reloc    ] GC(31) Y: Age Table:
[132.698s][info][gc,reloc    ] GC(31) Y:                    Live             Garbage             Small              Medium             Large        
[132.698s][info][gc,reloc    ] GC(31) Y: Eden               0M (0%)            5M (0%)           3 / 0              0 / 0              0 / 0        
[132.698s][info][gc,heap     ] GC(31) Y: Min Capacity: 8M(0%)
[132.698s][info][gc,heap     ] GC(31) Y: Max Capacity: 4096M(100%)
[132.698s][info][gc,heap     ] GC(31) Y: Soft Max Capacity: 4096M(100%)
[132.698s][info][gc,heap     ] GC(31) Y: Heap Statistics:
[132.698s][info][gc,heap     ] GC(31) Y:                Mark Start          Mark End        Relocate Start      Relocate End           High               Low         
[132.698s][info][gc,heap     ] GC(31) Y:  Capacity:     3864M (94%)        3864M (94%)        3864M (94%)        3864M (94%)        3864M (94%)        3864M (94%)    
[132.698s][info][gc,heap     ] GC(31) Y:      Free:     3562M (87%)        3556M (87%)        3560M (87%)        3560M (87%)        3562M (87%)        3556M (87%)    
[132.698s][info][gc,heap     ] GC(31) Y:      Used:      534M (13%)         540M (13%)         536M (13%)         536M (13%)         540M (13%)         534M (13%)    
[132.698s][info][gc,heap     ] GC(31) Y: Young Generation Statistics:
[132.698s][info][gc,heap     ] GC(31) Y:                Mark Start          Mark End        Relocate Start      Relocate End    
[132.698s][info][gc,heap     ] GC(31) Y:      Used:        6M (0%)           12M (0%)            8M (0%)            8M (0%)     
[132.698s][info][gc,heap     ] GC(31) Y:      Live:         -                 0M (0%)            0M (0%)            0M (0%)     
[132.698s][info][gc,heap     ] GC(31) Y:   Garbage:         -                 5M (0%)            1M (0%)            1M (0%)     
[132.698s][info][gc,heap     ] GC(31) Y: Allocated:         -                 6M (0%)            6M (0%)            6M (0%)     
[132.698s][info][gc,heap     ] GC(31) Y: Reclaimed:         -                  -                 4M (0%)            4M (0%)     
[132.698s][info][gc,heap     ] GC(31) Y:  Promoted:         -                  -                 0M (0%)            0M (0%)     
[132.698s][info][gc,heap     ] GC(31) Y: Compacted:         -                  -                  -                 0M (0%)     
[132.698s][info][gc,phases   ] GC(31) Y: Young Generation (Collect Roots) 534M(13%)->536M(13%) 0.005s
[132.698s][info][gc,phases   ] GC(31) O: Old Generation
[132.870s][info][gc,phases   ] GC(31) O: Concurrent Mark 171.831ms
[132.870s][info][gc,phases   ] GC(31) O: Pause Mark End 0.017ms
[132.870s][info][safepoint   ] Safepoint "ZMarkEndOld", Time since last: 172256900 ns, Reaching safepoint: 3400 ns, At safepoint: 39000 ns, Leaving safepoint: 2600 ns, Total: 45000 ns, Threads: 0 runnable, 56 total
[132.870s][info][gc,phases   ] GC(31) O: Concurrent Mark Free 0.002ms
[132.872s][info][gc,phases   ] GC(31) O: Concurrent Process Non-Strong 2.530ms
[132.872s][info][gc,phases   ] GC(31) O: Concurrent Reset Relocation Set 0.001ms
[132.873s][info][gc,phases   ] GC(31) O: Concurrent Select Relocation Set 0.328ms
[132.873s][info][gc,task     ] GC(31) O: Using 4 Workers for Old Generation
[132.876s][info][gc,task     ] GC(31) O: Using 4 Workers for Old Generation
[132.876s][info][gc,phases   ] GC(31) O: Concurrent Remap Roots 3.291ms
[132.876s][info][gc,phases   ] GC(31) O: Pause Relocate Start 0.009ms
[132.876s][info][safepoint   ] Safepoint "ZRelocateStartOld", Time since last: 6338400 ns, Reaching safepoint: 2900 ns, At safepoint: 28700 ns, Leaving safepoint: 3600 ns, Total: 35200 ns, Threads: 1 runnable, 56 total
[132.878s][info][gc,phases   ] GC(31) O: Concurrent Relocate 1.393ms
[132.878s][info][gc,alloc    ] GC(31) O:                         Mark Start        Mark End      Relocate Start    Relocate End   
[132.878s][info][gc,alloc    ] GC(31) O: Allocation Stalls:          0                0                0                0         
[132.878s][info][gc,load     ] GC(31) O: Load: 0.00 (0%) / 0.00 (0%) / 0.00 (0%)
[132.878s][info][gc,mmu      ] GC(31) O: MMU: 2ms/97.3%, 5ms/98.9%, 10ms/99.3%, 20ms/99.6%, 50ms/99.8%, 100ms/99.9%
[132.878s][info][gc,marking  ] GC(31) O: Mark: 4 stripe(s), 2 proactive flush(es), 1 terminate flush(es), 0 completion(s), 0 continuation(s) 
[132.878s][info][gc,nmethod  ] GC(31) O: NMethods: 5585 registered, 2689 unregistered
[132.878s][info][gc,metaspace] GC(31) O: Metaspace: 152M used, 154M committed, 1216M reserved
[132.878s][info][gc,ref      ] GC(31) O:                       Encountered   Discovered     Enqueued 
[132.878s][info][gc,ref      ] GC(31) O: Soft References:             5380            0            0 
[132.878s][info][gc,ref      ] GC(31) O: Weak References:            36582         9325            0 
[132.878s][info][gc,ref      ] GC(31) O: Final References:              55            0            0 
[132.878s][info][gc,ref      ] GC(31) O: Phantom References:          1233          884            0 
[132.878s][info][gc,reloc    ] GC(31) O:                        Candidates     Selected     In-Place         Size        Empty    Relocated 
[132.878s][info][gc,reloc    ] GC(31) O: Small Pages:                  242            8            0         484M           2M           2M 
[132.878s][info][gc,reloc    ] GC(31) O: Medium Pages:                   1            0            0          32M           0M           0M 
[132.878s][info][gc,reloc    ] GC(31) O: Large Pages:                    1            0            0          12M           0M           0M 
[132.878s][info][gc,reloc    ] GC(31) O: Forwarding Usage: 1M
[132.878s][info][gc,heap     ] GC(31) O: Min Capacity: 8M(0%)
[132.878s][info][gc,heap     ] GC(31) O: Max Capacity: 4096M(100%)
[132.878s][info][gc,heap     ] GC(31) O: Soft Max Capacity: 4096M(100%)
[132.878s][info][gc,heap     ] GC(31) O: Heap Statistics:
[132.878s][info][gc,heap     ] GC(31) O:                Mark Start          Mark End        Relocate Start      Relocate End           High               Low         
[132.878s][info][gc,heap     ] GC(31) O:  Capacity:     3864M (94%)        3864M (94%)        3864M (94%)        3864M (94%)        3864M (94%)        3864M (94%)    
[132.878s][info][gc,heap     ] GC(31) O:      Free:     3562M (87%)        3524M (86%)        3524M (86%)        3532M (86%)        3562M (87%)        3514M (86%)    
[132.878s][info][gc,heap     ] GC(31) O:      Used:      534M (13%)         572M (14%)         572M (14%)         564M (14%)         582M (14%)         534M (13%)    
[132.878s][info][gc,heap     ] GC(31) O: Old Generation Statistics:
[132.878s][info][gc,heap     ] GC(31) O:                Mark Start          Mark End        Relocate Start      Relocate End    
[132.878s][info][gc,heap     ] GC(31) O:      Used:      528M (13%)         528M (13%)         526M (13%)         518M (13%)    
[132.878s][info][gc,heap     ] GC(31) O:      Live:         -               486M (12%)         486M (12%)         486M (12%)    
[132.878s][info][gc,heap     ] GC(31) O:   Garbage:         -                41M (1%)           39M (1%)           22M (1%)     
[132.878s][info][gc,heap     ] GC(31) O: Allocated:         -                 0M (0%)            0M (0%)            8M (0%)     
[132.878s][info][gc,heap     ] GC(31) O: Reclaimed:         -                  -                 2M (0%)           18M (0%)     
[132.878s][info][gc,heap     ] GC(31) O: Compacted:         -                  -                  -                 3M (0%)     
[132.878s][info][gc,phases   ] GC(31) O: Old Generation 536M(13%)->564M(14%) 0.180s
[132.878s][info][gc          ] GC(31) Major Collection (System.gc()) 1450M(35%)->564M(14%) 0.192s
[137.879s][info][gc          ] GC(32) Major Collection (System.gc())
[137.879s][info][gc,task     ] GC(32) Using 4 Workers for Young Generation
[137.879s][info][gc,task     ] GC(32) Using 4 Workers for Old Generation
[137.879s][info][gc,phases   ] GC(32) Y: Young Generation (Promote All)
[137.880s][info][gc,phases   ] GC(32) Y: Pause Mark Start 0.012ms
[137.880s][info][safepoint   ] Safepoint "ZMarkStartYoung", Time since last: 5003290000 ns, Reaching safepoint: 127000 ns, At safepoint: 34900 ns, Leaving safepoint: 7800 ns, Total: 169700 ns, Threads: 2 runnable, 58 total
[137.885s][info][gc,phases   ] GC(32) Y: Concurrent Mark 4.976ms
[137.885s][info][gc,phases   ] GC(32) Y: Pause Mark End 0.008ms
[137.885s][info][safepoint   ] Safepoint "ZMarkEndYoung", Time since last: 5023700 ns, Reaching safepoint: 2400 ns, At safepoint: 27900 ns, Leaving safepoint: 2300 ns, Total: 32600 ns, Threads: 0 runnable, 58 total
[137.885s][info][gc,phases   ] GC(32) Y: Concurrent Mark Free 0.001ms
[137.885s][info][gc,phases   ] GC(32) Y: Concurrent Reset Relocation Set 0.000ms
[137.885s][info][gc,reloc    ] GC(32) Y: Using tenuring threshold: 0 (Promote All)
[137.885s][info][gc,phases   ] GC(32) Y: Concurrent Select Relocation Set 0.236ms
[137.885s][info][gc,phases   ] GC(32) Y: Pause Relocate Start 0.005ms
[137.885s][info][safepoint   ] Safepoint "ZRelocateStartYoung", Time since last: 406600 ns, Reaching safepoint: 1600 ns, At safepoint: 21400 ns, Leaving safepoint: 3500 ns, Total: 26500 ns, Threads: 1 runnable, 58 total
[137.886s][info][gc,phases   ] GC(32) Y: Concurrent Relocate 0.603ms
[137.886s][info][gc,alloc    ] GC(32) Y:                         Mark Start        Mark End      Relocate Start    Relocate End   
[137.886s][info][gc,alloc    ] GC(32) Y: Allocation Stalls:          0                0                0                0         
[137.886s][info][gc,load     ] GC(32) Y: Load: 0.00 (0%) / 0.00 (0%) / 0.00 (0%)
[137.886s][info][gc,mmu      ] GC(32) Y: MMU: 2ms/97.3%, 5ms/98.9%, 10ms/99.3%, 20ms/99.6%, 50ms/99.8%, 100ms/99.9%
[137.886s][info][gc,marking  ] GC(32) Y: Mark: 4 stripe(s), 2 proactive flush(es), 1 terminate flush(es), 0 completion(s), 0 continuation(s) 
[137.886s][info][gc,nmethod  ] GC(32) Y: NMethods: 5619 registered, 2689 unregistered
[137.886s][info][gc,metaspace] GC(32) Y: Metaspace: 152M used, 154M committed, 1216M reserved
[137.886s][info][gc,reloc    ] GC(32) Y:                        Candidates     Selected     In-Place         Size        Empty    Relocated 
[137.886s][info][gc,reloc    ] GC(32) Y: Small Pages:                  462           58            0         924M         806M           0M 
[137.886s][info][gc,reloc    ] GC(32) Y: Medium Pages:                   0            0            0           0M           0M           0M 
[137.886s][info][gc,reloc    ] GC(32) Y: Large Pages:                    0            0            0           0M           0M           0M 
[137.886s][info][gc,reloc    ] GC(32) Y: Forwarding Usage: 0M
[137.886s][info][gc,reloc    ] GC(32) Y: Age Table:
[137.886s][info][gc,reloc    ] GC(32) Y:                    Live             Garbage             Small              Medium             Large        
[137.886s][info][gc,reloc    ] GC(32) Y: Eden               0M (0%)          921M (23%)        461 / 58             0 / 0              0 / 0        
[137.886s][info][gc,reloc    ] GC(32) Y: Survivor 1          -                 2M (0%)           1 / 0              0 / 0              0 / 0        
[137.886s][info][gc,heap     ] GC(32) Y: Min Capacity: 8M(0%)
[137.886s][info][gc,heap     ] GC(32) Y: Max Capacity: 4096M(100%)
[137.886s][info][gc,heap     ] GC(32) Y: Soft Max Capacity: 4096M(100%)
[137.886s][info][gc,heap     ] GC(32) Y: Heap Statistics:
[137.886s][info][gc,heap     ] GC(32) Y:                Mark Start          Mark End        Relocate Start      Relocate End           High               Low         
[137.886s][info][gc,heap     ] GC(32) Y:  Capacity:     3864M (94%)        3864M (94%)        3864M (94%)        3864M (94%)        3864M (94%)        3864M (94%)    
[137.886s][info][gc,heap     ] GC(32) Y:      Free:     2654M (65%)        2648M (65%)        3454M (84%)        3564M (87%)        3564M (87%)        2648M (65%)    
[137.886s][info][gc,heap     ] GC(32) Y:      Used:     1442M (35%)        1448M (35%)         642M (16%)         532M (13%)        1448M (35%)         532M (13%)    
[137.886s][info][gc,heap     ] GC(32) Y: Young Generation Statistics:
[137.886s][info][gc,heap     ] GC(32) Y:                Mark Start          Mark End        Relocate Start      Relocate End    
[137.886s][info][gc,heap     ] GC(32) Y:      Used:      924M (23%)         930M (23%)         124M (3%)            6M (0%)     
[137.886s][info][gc,heap     ] GC(32) Y:      Live:         -                 0M (0%)            0M (0%)            0M (0%)     
[137.886s][info][gc,heap     ] GC(32) Y:   Garbage:         -               923M (23%)         117M (3%)            0M (0%)     
[137.886s][info][gc,heap     ] GC(32) Y: Allocated:         -                 6M (0%)            6M (0%)            6M (0%)     
[137.886s][info][gc,heap     ] GC(32) Y: Reclaimed:         -                  -               806M (20%)         923M (23%)    
[137.886s][info][gc,heap     ] GC(32) Y:  Promoted:         -                  -                 0M (0%)            0M (0%)     
[137.886s][info][gc,heap     ] GC(32) Y: Compacted:         -                  -                  -                 0M (0%)     
[137.886s][info][gc,phases   ] GC(32) Y: Young Generation (Promote All) 1442M(35%)->532M(13%) 0.006s
[137.886s][info][gc,phases   ] GC(32) Y: Young Generation (Collect Roots)
[137.886s][info][gc,phases   ] GC(32) Y: Pause Mark Start (Major) 0.008ms
[137.886s][info][safepoint   ] Safepoint "ZMarkStartYoungAndOld", Time since last: 896400 ns, Reaching safepoint: 12100 ns, At safepoint: 28100 ns, Leaving safepoint: 3700 ns, Total: 43900 ns, Threads: 1 runnable, 58 total
[137.890s][info][gc,phases   ] GC(32) Y: Concurrent Mark 3.988ms
[137.890s][info][gc,phases   ] GC(32) Y: Pause Mark End 0.006ms
[137.890s][info][safepoint   ] Safepoint "ZMarkEndYoung", Time since last: 4031300 ns, Reaching safepoint: 12400 ns, At safepoint: 25200 ns, Leaving safepoint: 5300 ns, Total: 42900 ns, Threads: 1 runnable, 58 total
[137.890s][info][gc,phases   ] GC(32) Y: Concurrent Mark Free 0.001ms
[137.890s][info][gc,phases   ] GC(32) Y: Concurrent Reset Relocation Set 0.001ms
[137.890s][info][gc,reloc    ] GC(32) Y: Using tenuring threshold: 1 (Computed)
[137.890s][info][gc,phases   ] GC(32) Y: Concurrent Select Relocation Set 0.132ms
[137.890s][info][gc,phases   ] GC(32) Y: Pause Relocate Start 0.005ms
[137.890s][info][safepoint   ] Safepoint "ZRelocateStartYoung", Time since last: 180900 ns, Reaching safepoint: 22200 ns, At safepoint: 24600 ns, Leaving safepoint: 3400 ns, Total: 50200 ns, Threads: 1 runnable, 58 total
[137.890s][info][gc,phases   ] GC(32) Y: Concurrent Relocate 0.046ms
[137.890s][info][gc,alloc    ] GC(32) Y:                         Mark Start        Mark End      Relocate Start    Relocate End   
[137.890s][info][gc,alloc    ] GC(32) Y: Allocation Stalls:          0                0                0                0         
[137.890s][info][gc,load     ] GC(32) Y: Load: 0.00 (0%) / 0.00 (0%) / 0.00 (0%)
[137.890s][info][gc,mmu      ] GC(32) Y: MMU: 2ms/97.3%, 5ms/98.9%, 10ms/99.3%, 20ms/99.6%, 50ms/99.8%, 100ms/99.9%
[137.890s][info][gc,marking  ] GC(32) Y: Mark: 4 stripe(s), 3 proactive flush(es), 1 terminate flush(es), 0 completion(s), 0 continuation(s) 
[137.890s][info][gc,nmethod  ] GC(32) Y: NMethods: 5619 registered, 2689 unregistered
[137.890s][info][gc,metaspace] GC(32) Y: Metaspace: 152M used, 154M committed, 1216M reserved
[137.890s][info][gc,reloc    ] GC(32) Y:                        Candidates     Selected     In-Place         Size        Empty    Relocated 
[137.890s][info][gc,reloc    ] GC(32) Y: Small Pages:                    3            0            0           6M           4M           0M 
[137.890s][info][gc,reloc    ] GC(32) Y: Medium Pages:                   0            0            0           0M           0M           0M 
[137.891s][info][gc,reloc    ] GC(32) Y: Large Pages:                    0            0            0           0M           0M           0M 
[137.891s][info][gc,reloc    ] GC(32) Y: Forwarding Usage: 0M
[137.891s][info][gc,reloc    ] GC(32) Y: Age Table:
[137.891s][info][gc,reloc    ] GC(32) Y:                    Live             Garbage             Small              Medium             Large        
[137.891s][info][gc,reloc    ] GC(32) Y: Eden               0M (0%)            5M (0%)           3 / 0              0 / 0              0 / 0        
[137.891s][info][gc,heap     ] GC(32) Y: Min Capacity: 8M(0%)
[137.891s][info][gc,heap     ] GC(32) Y: Max Capacity: 4096M(100%)
[137.891s][info][gc,heap     ] GC(32) Y: Soft Max Capacity: 4096M(100%)
[137.891s][info][gc,heap     ] GC(32) Y: Heap Statistics:
[137.891s][info][gc,heap     ] GC(32) Y:                Mark Start          Mark End        Relocate Start      Relocate End           High               Low         
[137.891s][info][gc,heap     ] GC(32) Y:  Capacity:     3864M (94%)        3864M (94%)        3864M (94%)        3864M (94%)        3864M (94%)        3864M (94%)    
[137.891s][info][gc,heap     ] GC(32) Y:      Free:     3564M (87%)        3558M (87%)        3562M (87%)        3562M (87%)        3564M (87%)        3558M (87%)    
[137.891s][info][gc,heap     ] GC(32) Y:      Used:      532M (13%)         538M (13%)         534M (13%)         534M (13%)         538M (13%)         532M (13%)    
[137.891s][info][gc,heap     ] GC(32) Y: Young Generation Statistics:
[137.891s][info][gc,heap     ] GC(32) Y:                Mark Start          Mark End        Relocate Start      Relocate End    
[137.891s][info][gc,heap     ] GC(32) Y:      Used:        6M (0%)           12M (0%)            8M (0%)            8M (0%)     
[137.891s][info][gc,heap     ] GC(32) Y:      Live:         -                 0M (0%)            0M (0%)            0M (0%)     
[137.891s][info][gc,heap     ] GC(32) Y:   Garbage:         -                 5M (0%)            1M (0%)            1M (0%)     
[137.891s][info][gc,heap     ] GC(32) Y: Allocated:         -                 6M (0%)            6M (0%)            6M (0%)     
[137.891s][info][gc,heap     ] GC(32) Y: Reclaimed:         -                  -                 4M (0%)            4M (0%)     
[137.891s][info][gc,heap     ] GC(32) Y:  Promoted:         -                  -                 0M (0%)            0M (0%)     
[137.891s][info][gc,heap     ] GC(32) Y: Compacted:         -                  -                  -                 0M (0%)     
[137.891s][info][gc,phases   ] GC(32) Y: Young Generation (Collect Roots) 532M(13%)->534M(13%) 0.004s
[137.891s][info][gc,phases   ] GC(32) O: Old Generation
[138.049s][info][gc,phases   ] GC(32) O: Concurrent Mark 158.781ms
[138.050s][info][gc,phases   ] GC(32) O: Pause Mark End 0.015ms
[138.050s][info][safepoint   ] Safepoint "ZMarkEndOld", Time since last: 159128500 ns, Reaching safepoint: 13200 ns, At safepoint: 35700 ns, Leaving safepoint: 3700 ns, Total: 52600 ns, Threads: 1 runnable, 58 total
[138.050s][info][gc,phases   ] GC(32) O: Concurrent Mark Free 0.002ms
[138.052s][info][gc,phases   ] GC(32) O: Concurrent Process Non-Strong 2.826ms
[138.052s][info][gc,phases   ] GC(32) O: Concurrent Reset Relocation Set 0.001ms
[138.052s][info][gc,phases   ] GC(32) O: Concurrent Select Relocation Set 0.071ms
[138.053s][info][gc,task     ] GC(32) O: Using 4 Workers for Old Generation
[138.055s][info][gc,task     ] GC(32) O: Using 4 Workers for Old Generation
[138.055s][info][gc,phases   ] GC(32) O: Concurrent Remap Roots 2.918ms
[138.055s][info][gc,phases   ] GC(32) O: Pause Relocate Start 0.009ms
[138.055s][info][safepoint   ] Safepoint "ZRelocateStartOld", Time since last: 5900000 ns, Reaching safepoint: 13200 ns, At safepoint: 27500 ns, Leaving safepoint: 3400 ns, Total: 44100 ns, Threads: 1 runnable, 58 total
[138.057s][info][gc,phases   ] GC(32) O: Concurrent Relocate 1.340ms
[138.057s][info][gc,alloc    ] GC(32) O:                         Mark Start        Mark End      Relocate Start    Relocate End   
[138.057s][info][gc,alloc    ] GC(32) O: Allocation Stalls:          0                0                0                0         
[138.057s][info][gc,load     ] GC(32) O: Load: 0.00 (0%) / 0.00 (0%) / 0.00 (0%)
[138.057s][info][gc,mmu      ] GC(32) O: MMU: 2ms/97.3%, 5ms/98.9%, 10ms/99.3%, 20ms/99.6%, 50ms/99.8%, 100ms/99.9%
[138.057s][info][gc,marking  ] GC(32) O: Mark: 4 stripe(s), 2 proactive flush(es), 1 terminate flush(es), 0 completion(s), 0 continuation(s) 
[138.057s][info][gc,nmethod  ] GC(32) O: NMethods: 5617 registered, 2692 unregistered
[138.057s][info][gc,metaspace] GC(32) O: Metaspace: 152M used, 154M committed, 1216M reserved
[138.057s][info][gc,ref      ] GC(32) O:                       Encountered   Discovered     Enqueued 
[138.057s][info][gc,ref      ] GC(32) O: Soft References:             5380            0            0 
[138.057s][info][gc,ref      ] GC(32) O: Weak References:            36582        10518            0 
[138.057s][info][gc,ref      ] GC(32) O: Final References:              55            0            0 
[138.057s][info][gc,ref      ] GC(32) O: Phantom References:          1233          203            0 
[138.057s][info][gc,reloc    ] GC(32) O:                        Candidates     Selected     In-Place         Size        Empty    Relocated 
[138.057s][info][gc,reloc    ] GC(32) O: Small Pages:                  241            8            0         482M           0M           2M 
[138.057s][info][gc,reloc    ] GC(32) O: Medium Pages:                   1            0            0          32M           0M           0M 
[138.057s][info][gc,reloc    ] GC(32) O: Large Pages:                    1            0            0          12M           0M           0M 
[138.057s][info][gc,reloc    ] GC(32) O: Forwarding Usage: 1M
[138.057s][info][gc,heap     ] GC(32) O: Min Capacity: 8M(0%)
[138.057s][info][gc,heap     ] GC(32) O: Max Capacity: 4096M(100%)
[138.057s][info][gc,heap     ] GC(32) O: Soft Max Capacity: 4096M(100%)
[138.057s][info][gc,heap     ] GC(32) O: Heap Statistics:
[138.057s][info][gc,heap     ] GC(32) O:                Mark Start          Mark End        Relocate Start      Relocate End           High               Low         
[138.057s][info][gc,heap     ] GC(32) O:  Capacity:     3864M (94%)        3864M (94%)        3864M (94%)        3864M (94%)        3864M (94%)        3864M (94%)    
[138.057s][info][gc,heap     ] GC(32) O:      Free:     3564M (87%)        3530M (86%)        3526M (86%)        3534M (86%)        3564M (87%)        3516M (86%)    
[138.057s][info][gc,heap     ] GC(32) O:      Used:      532M (13%)         566M (14%)         570M (14%)         562M (14%)         580M (14%)         532M (13%)    
[138.057s][info][gc,heap     ] GC(32) O: Old Generation Statistics:
[138.057s][info][gc,heap     ] GC(32) O:                Mark Start          Mark End        Relocate Start      Relocate End    
[138.057s][info][gc,heap     ] GC(32) O:      Used:      526M (13%)         526M (13%)         526M (13%)         518M (13%)    
[138.057s][info][gc,heap     ] GC(32) O:      Live:         -               486M (12%)         486M (12%)         486M (12%)    
[138.057s][info][gc,heap     ] GC(32) O:   Garbage:         -                39M (1%)           39M (1%)           22M (1%)     
[138.057s][info][gc,heap     ] GC(32) O: Allocated:         -                 0M (0%)            0M (0%)            8M (0%)     
[138.057s][info][gc,heap     ] GC(32) O: Reclaimed:         -                  -                 0M (0%)           16M (0%)     
[138.057s][info][gc,heap     ] GC(32) O: Compacted:         -                  -                  -                 3M (0%)     
[138.057s][info][gc,phases   ] GC(32) O: Old Generation 534M(13%)->562M(14%) 0.166s
[138.057s][info][gc          ] GC(32) Major Collection (System.gc()) 1442M(35%)->562M(14%) 0.178s
[143.059s][info][gc          ] GC(33) Major Collection (System.gc())
[143.059s][info][gc,task     ] GC(33) Using 4 Workers for Young Generation
[143.059s][info][gc,task     ] GC(33) Using 4 Workers for Old Generation
[143.059s][info][gc,phases   ] GC(33) Y: Young Generation (Promote All)
[143.059s][info][gc,phases   ] GC(33) Y: Pause Mark Start 0.013ms
[143.059s][info][safepoint   ] Safepoint "ZMarkStartYoung", Time since last: 5003864500 ns, Reaching safepoint: 5600 ns, At safepoint: 35500 ns, Leaving safepoint: 2500 ns, Total: 43600 ns, Threads: 0 runnable, 55 total
[143.065s][info][gc,phases   ] GC(33) Y: Concurrent Mark 5.461ms
[143.065s][info][gc,phases   ] GC(33) Y: Pause Mark End 0.009ms
[143.065s][info][safepoint   ] Safepoint "ZMarkEndYoung", Time since last: 5505200 ns, Reaching safepoint: 2000 ns, At safepoint: 27900 ns, Leaving safepoint: 2000 ns, Total: 31900 ns, Threads: 0 runnable, 55 total
[143.065s][info][gc,phases   ] GC(33) Y: Concurrent Mark Free 0.001ms
[143.065s][info][gc,phases   ] GC(33) Y: Concurrent Reset Relocation Set 0.000ms
[143.065s][info][gc,reloc    ] GC(33) Y: Using tenuring threshold: 0 (Promote All)
[143.065s][info][gc,phases   ] GC(33) Y: Concurrent Select Relocation Set 0.231ms
[143.065s][info][gc,phases   ] GC(33) Y: Pause Relocate Start 0.008ms
[143.065s][info][safepoint   ] Safepoint "ZRelocateStartYoung", Time since last: 296700 ns, Reaching safepoint: 2000 ns, At safepoint: 27600 ns, Leaving safepoint: 2300 ns, Total: 31900 ns, Threads: 0 runnable, 55 total
[143.066s][info][gc,phases   ] GC(33) Y: Concurrent Relocate 0.699ms
[143.066s][info][gc,alloc    ] GC(33) Y:                         Mark Start        Mark End      Relocate Start    Relocate End   
[143.066s][info][gc,alloc    ] GC(33) Y: Allocation Stalls:          0                0                0                0         
[143.066s][info][gc,load     ] GC(33) Y: Load: 0.00 (0%) / 0.00 (0%) / 0.00 (0%)
[143.066s][info][gc,mmu      ] GC(33) Y: MMU: 2ms/97.3%, 5ms/98.9%, 10ms/99.3%, 20ms/99.6%, 50ms/99.8%, 100ms/99.9%
[143.066s][info][gc,marking  ] GC(33) Y: Mark: 4 stripe(s), 2 proactive flush(es), 1 terminate flush(es), 0 completion(s), 0 continuation(s) 
[143.066s][info][gc,nmethod  ] GC(33) Y: NMethods: 5704 registered, 2692 unregistered
[143.066s][info][gc,metaspace] GC(33) Y: Metaspace: 152M used, 154M committed, 1216M reserved
[143.066s][info][gc,reloc    ] GC(33) Y:                        Candidates     Selected     In-Place         Size        Empty    Relocated 
[143.066s][info][gc,reloc    ] GC(33) Y: Small Pages:                  487           66            0         974M         840M           0M 
[143.066s][info][gc,reloc    ] GC(33) Y: Medium Pages:                   0            0            0           0M           0M           0M 
[143.066s][info][gc,reloc    ] GC(33) Y: Large Pages:                    0            0            0           0M           0M           0M 
[143.066s][info][gc,reloc    ] GC(33) Y: Forwarding Usage: 0M
[143.066s][info][gc,reloc    ] GC(33) Y: Age Table:
[143.066s][info][gc,reloc    ] GC(33) Y:                    Live             Garbage             Small              Medium             Large        
[143.066s][info][gc,reloc    ] GC(33) Y: Eden               0M (0%)          971M (24%)        486 / 66             0 / 0              0 / 0        
[143.066s][info][gc,reloc    ] GC(33) Y: Survivor 1          -                 2M (0%)           1 / 0              0 / 0              0 / 0        
[143.066s][info][gc,heap     ] GC(33) Y: Min Capacity: 8M(0%)
[143.066s][info][gc,heap     ] GC(33) Y: Max Capacity: 4096M(100%)
[143.066s][info][gc,heap     ] GC(33) Y: Soft Max Capacity: 4096M(100%)
[143.066s][info][gc,heap     ] GC(33) Y: Heap Statistics:
[143.066s][info][gc,heap     ] GC(33) Y:                Mark Start          Mark End        Relocate Start      Relocate End           High               Low         
[143.066s][info][gc,heap     ] GC(33) Y:  Capacity:     3864M (94%)        3864M (94%)        3864M (94%)        3864M (94%)        3864M (94%)        3864M (94%)    
[143.066s][info][gc,heap     ] GC(33) Y:      Free:     2604M (64%)        2596M (63%)        3434M (84%)        3558M (87%)        3558M (87%)        2594M (63%)    
[143.066s][info][gc,heap     ] GC(33) Y:      Used:     1492M (36%)        1500M (37%)         662M (16%)         538M (13%)        1502M (37%)         538M (13%)    
[143.066s][info][gc,heap     ] GC(33) Y: Young Generation Statistics:
[143.066s][info][gc,heap     ] GC(33) Y:                Mark Start          Mark End        Relocate Start      Relocate End    
[143.066s][info][gc,heap     ] GC(33) Y:      Used:      974M (24%)         982M (24%)         144M (4%)           10M (0%)     
[143.066s][info][gc,heap     ] GC(33) Y:      Live:         -                 0M (0%)            0M (0%)            0M (0%)     
[143.066s][info][gc,heap     ] GC(33) Y:   Garbage:         -               973M (24%)         133M (3%)            0M (0%)     
[143.066s][info][gc,heap     ] GC(33) Y: Allocated:         -                 8M (0%)           10M (0%)           10M (0%)     
[143.066s][info][gc,heap     ] GC(33) Y: Reclaimed:         -                  -               840M (21%)         973M (24%)    
[143.066s][info][gc,heap     ] GC(33) Y:  Promoted:         -                  -                 0M (0%)            0M (0%)     
[143.066s][info][gc,heap     ] GC(33) Y: Compacted:         -                  -                  -                 0M (0%)     
[143.066s][info][gc,phases   ] GC(33) Y: Young Generation (Promote All) 1492M(36%)->538M(13%) 0.007s
[143.066s][info][gc,phases   ] GC(33) Y: Young Generation (Collect Roots)
[143.066s][info][gc,phases   ] GC(33) Y: Pause Mark Start (Major) 0.010ms
[143.066s][info][safepoint   ] Safepoint "ZMarkStartYoungAndOld", Time since last: 1082600 ns, Reaching safepoint: 1900 ns, At safepoint: 29300 ns, Leaving safepoint: 3800 ns, Total: 35000 ns, Threads: 0 runnable, 55 total
[143.071s][info][gc,phases   ] GC(33) Y: Concurrent Mark 4.320ms
[143.071s][info][gc,phases   ] GC(33) Y: Pause Mark End 0.008ms
[143.071s][info][safepoint   ] Safepoint "ZMarkEndYoung", Time since last: 4364600 ns, Reaching safepoint: 1900 ns, At safepoint: 28000 ns, Leaving safepoint: 2000 ns, Total: 31900 ns, Threads: 0 runnable, 55 total
[143.071s][info][gc,phases   ] GC(33) Y: Concurrent Mark Free 0.001ms
[143.071s][info][gc,phases   ] GC(33) Y: Concurrent Reset Relocation Set 0.001ms
[143.071s][info][gc,reloc    ] GC(33) Y: Using tenuring threshold: 1 (Computed)
[143.071s][info][gc,phases   ] GC(33) Y: Concurrent Select Relocation Set 0.131ms
[143.071s][info][gc,phases   ] GC(33) Y: Pause Relocate Start 0.006ms
[143.071s][info][safepoint   ] Safepoint "ZRelocateStartYoung", Time since last: 189800 ns, Reaching safepoint: 12100 ns, At safepoint: 25000 ns, Leaving safepoint: 3400 ns, Total: 40500 ns, Threads: 1 runnable, 55 total
[143.071s][info][gc,phases   ] GC(33) Y: Concurrent Relocate 0.051ms
[143.071s][info][gc,alloc    ] GC(33) Y:                         Mark Start        Mark End      Relocate Start    Relocate End   
[143.071s][info][gc,alloc    ] GC(33) Y: Allocation Stalls:          0                0                0                0         
[143.071s][info][gc,load     ] GC(33) Y: Load: 0.00 (0%) / 0.00 (0%) / 0.00 (0%)
[143.071s][info][gc,mmu      ] GC(33) Y: MMU: 2ms/97.3%, 5ms/98.9%, 10ms/99.3%, 20ms/99.6%, 50ms/99.8%, 100ms/99.9%
[143.071s][info][gc,marking  ] GC(33) Y: Mark: 4 stripe(s), 3 proactive flush(es), 1 terminate flush(es), 0 completion(s), 0 continuation(s) 
[143.071s][info][gc,nmethod  ] GC(33) Y: NMethods: 5704 registered, 2692 unregistered
[143.071s][info][gc,metaspace] GC(33) Y: Metaspace: 152M used, 154M committed, 1216M reserved
[143.071s][info][gc,reloc    ] GC(33) Y:                        Candidates     Selected     In-Place         Size        Empty    Relocated 
[143.071s][info][gc,reloc    ] GC(33) Y: Small Pages:                    5            0            0          10M           8M           0M 
[143.071s][info][gc,reloc    ] GC(33) Y: Medium Pages:                   0            0            0           0M           0M           0M 
[143.071s][info][gc,reloc    ] GC(33) Y: Large Pages:                    0            0            0           0M           0M           0M 
[143.071s][info][gc,reloc    ] GC(33) Y: Forwarding Usage: 0M
[143.071s][info][gc,reloc    ] GC(33) Y: Age Table:
[143.071s][info][gc,reloc    ] GC(33) Y:                    Live             Garbage             Small              Medium             Large        
[143.071s][info][gc,reloc    ] GC(33) Y: Eden               0M (0%)            9M (0%)           5 / 0              0 / 0              0 / 0        
[143.071s][info][gc,heap     ] GC(33) Y: Min Capacity: 8M(0%)
[143.071s][info][gc,heap     ] GC(33) Y: Max Capacity: 4096M(100%)
[143.071s][info][gc,heap     ] GC(33) Y: Soft Max Capacity: 4096M(100%)
[143.071s][info][gc,heap     ] GC(33) Y: Heap Statistics:
[143.071s][info][gc,heap     ] GC(33) Y:                Mark Start          Mark End        Relocate Start      Relocate End           High               Low         
[143.071s][info][gc,heap     ] GC(33) Y:  Capacity:     3864M (94%)        3864M (94%)        3864M (94%)        3864M (94%)        3864M (94%)        3864M (94%)    
[143.071s][info][gc,heap     ] GC(33) Y:      Free:     3558M (87%)        3546M (87%)        3554M (87%)        3554M (87%)        3558M (87%)        3546M (87%)    
[143.071s][info][gc,heap     ] GC(33) Y:      Used:      538M (13%)         550M (13%)         542M (13%)         542M (13%)         550M (13%)         538M (13%)    
[143.071s][info][gc,heap     ] GC(33) Y: Young Generation Statistics:
[143.071s][info][gc,heap     ] GC(33) Y:                Mark Start          Mark End        Relocate Start      Relocate End    
[143.071s][info][gc,heap     ] GC(33) Y:      Used:       10M (0%)           22M (1%)           14M (0%)           14M (0%)     
[143.071s][info][gc,heap     ] GC(33) Y:      Live:         -                 0M (0%)            0M (0%)            0M (0%)     
[143.071s][info][gc,heap     ] GC(33) Y:   Garbage:         -                 9M (0%)            1M (0%)            1M (0%)     
[143.071s][info][gc,heap     ] GC(33) Y: Allocated:         -                12M (0%)           12M (0%)           12M (0%)     
[143.071s][info][gc,heap     ] GC(33) Y: Reclaimed:         -                  -                 8M (0%)            8M (0%)     
[143.071s][info][gc,heap     ] GC(33) Y:  Promoted:         -                  -                 0M (0%)            0M (0%)     
[143.071s][info][gc,heap     ] GC(33) Y: Compacted:         -                  -                  -                 0M (0%)     
[143.071s][info][gc,phases   ] GC(33) Y: Young Generation (Collect Roots) 538M(13%)->542M(13%) 0.005s
[143.071s][info][gc,phases   ] GC(33) O: Old Generation
[143.236s][info][gc,phases   ] GC(33) O: Concurrent Mark 164.769ms
[143.236s][info][gc,phases   ] GC(33) O: Pause Mark End 0.014ms
[143.236s][info][safepoint   ] Safepoint "ZMarkEndOld", Time since last: 165167400 ns, Reaching safepoint: 3100 ns, At safepoint: 35800 ns, Leaving safepoint: 2200 ns, Total: 41100 ns, Threads: 0 runnable, 55 total
[143.236s][info][gc,phases   ] GC(33) O: Concurrent Mark Free 0.002ms
[143.239s][info][gc,phases   ] GC(33) O: Concurrent Process Non-Strong 3.027ms
[143.239s][info][gc,phases   ] GC(33) O: Concurrent Reset Relocation Set 0.001ms
[143.240s][info][gc,phases   ] GC(33) O: Concurrent Select Relocation Set 0.323ms
[143.240s][info][gc,task     ] GC(33) O: Using 4 Workers for Old Generation
[143.243s][info][gc,task     ] GC(33) O: Using 4 Workers for Old Generation
[143.243s][info][gc,phases   ] GC(33) O: Concurrent Remap Roots 3.046ms
[143.243s][info][gc,phases   ] GC(33) O: Pause Relocate Start 0.008ms
[143.243s][info][safepoint   ] Safepoint "ZRelocateStartOld", Time since last: 6509000 ns, Reaching safepoint: 2900 ns, At safepoint: 27300 ns, Leaving safepoint: 2000 ns, Total: 32200 ns, Threads: 0 runnable, 55 total
[143.244s][info][gc,phases   ] GC(33) O: Concurrent Relocate 1.377ms
[143.244s][info][gc,alloc    ] GC(33) O:                         Mark Start        Mark End      Relocate Start    Relocate End   
[143.244s][info][gc,alloc    ] GC(33) O: Allocation Stalls:          0                0                0                0         
[143.244s][info][gc,load     ] GC(33) O: Load: 0.00 (0%) / 0.00 (0%) / 0.00 (0%)
[143.244s][info][gc,mmu      ] GC(33) O: MMU: 2ms/97.3%, 5ms/98.9%, 10ms/99.3%, 20ms/99.6%, 50ms/99.8%, 100ms/99.9%
[143.244s][info][gc,marking  ] GC(33) O: Mark: 4 stripe(s), 2 proactive flush(es), 1 terminate flush(es), 0 completion(s), 0 continuation(s) 
[143.244s][info][gc,nmethod  ] GC(33) O: NMethods: 5686 registered, 2711 unregistered
[143.244s][info][gc,metaspace] GC(33) O: Metaspace: 152M used, 154M committed, 1216M reserved
[143.244s][info][gc,ref      ] GC(33) O:                       Encountered   Discovered     Enqueued 
[143.244s][info][gc,ref      ] GC(33) O: Soft References:             5380            0            0 
[143.244s][info][gc,ref      ] GC(33) O: Weak References:            36584        20075            2 
[143.244s][info][gc,ref      ] GC(33) O: Final References:              55            1            0 
[143.244s][info][gc,ref      ] GC(33) O: Phantom References:          1233         1049            0 
[143.244s][info][gc,reloc    ] GC(33) O:                        Candidates     Selected     In-Place         Size        Empty    Relocated 
[143.244s][info][gc,reloc    ] GC(33) O: Small Pages:                  242            8            0         484M           2M           2M 
[143.244s][info][gc,reloc    ] GC(33) O: Medium Pages:                   1            0            0          32M           0M           0M 
[143.244s][info][gc,reloc    ] GC(33) O: Large Pages:                    1            0            0          12M           0M           0M 
[143.244s][info][gc,reloc    ] GC(33) O: Forwarding Usage: 1M
[143.244s][info][gc,heap     ] GC(33) O: Min Capacity: 8M(0%)
[143.244s][info][gc,heap     ] GC(33) O: Max Capacity: 4096M(100%)
[143.244s][info][gc,heap     ] GC(33) O: Soft Max Capacity: 4096M(100%)
[143.244s][info][gc,heap     ] GC(33) O: Heap Statistics:
[143.244s][info][gc,heap     ] GC(33) O:                Mark Start          Mark End        Relocate Start      Relocate End           High               Low         
[143.244s][info][gc,heap     ] GC(33) O:  Capacity:     3864M (94%)        3864M (94%)        3864M (94%)        3864M (94%)        3864M (94%)        3864M (94%)    
[143.244s][info][gc,heap     ] GC(33) O:      Free:     3558M (87%)        3526M (86%)        3526M (86%)        3536M (86%)        3558M (87%)        3516M (86%)    
[143.244s][info][gc,heap     ] GC(33) O:      Used:      538M (13%)         570M (14%)         570M (14%)         560M (14%)         580M (14%)         538M (13%)    
[143.244s][info][gc,heap     ] GC(33) O: Old Generation Statistics:
[143.244s][info][gc,heap     ] GC(33) O:                Mark Start          Mark End        Relocate Start      Relocate End    
[143.244s][info][gc,heap     ] GC(33) O:      Used:      528M (13%)         528M (13%)         526M (13%)         516M (13%)    
[143.244s][info][gc,heap     ] GC(33) O:      Live:         -               486M (12%)         486M (12%)         486M (12%)    
[143.244s][info][gc,heap     ] GC(33) O:   Garbage:         -                41M (1%)           39M (1%)           22M (1%)     
[143.244s][info][gc,heap     ] GC(33) O: Allocated:         -                 0M (0%)            0M (0%)            6M (0%)     
[143.244s][info][gc,heap     ] GC(33) O: Reclaimed:         -                  -                 2M (0%)           18M (0%)     
[143.245s][info][gc,heap     ] GC(33) O: Compacted:         -                  -                  -                 3M (0%)     
[143.245s][info][gc,phases   ] GC(33) O: Old Generation 542M(13%)->560M(14%) 0.173s
[143.245s][info][gc          ] GC(33) Major Collection (System.gc()) 1492M(36%)->560M(14%) 0.185s
[148.245s][info][gc          ] GC(34) Major Collection (System.gc())
[148.245s][info][gc,task     ] GC(34) Using 4 Workers for Young Generation
[148.245s][info][gc,task     ] GC(34) Using 4 Workers for Old Generation
[148.246s][info][gc,phases   ] GC(34) Y: Young Generation (Promote All)
[148.246s][info][gc,phases   ] GC(34) Y: Pause Mark Start 0.011ms
[148.246s][info][safepoint   ] Safepoint "ZMarkStartYoung", Time since last: 5002780700 ns, Reaching safepoint: 5200 ns, At safepoint: 29600 ns, Leaving safepoint: 2400 ns, Total: 37200 ns, Threads: 0 runnable, 55 total
[148.251s][info][gc,phases   ] GC(34) Y: Concurrent Mark 5.464ms
[148.251s][info][gc,phases   ] GC(34) Y: Pause Mark End 0.008ms
[148.251s][info][safepoint   ] Safepoint "ZMarkEndYoung", Time since last: 5506700 ns, Reaching safepoint: 2000 ns, At safepoint: 26500 ns, Leaving safepoint: 3400 ns, Total: 31900 ns, Threads: 1 runnable, 55 total
[148.251s][info][gc,phases   ] GC(34) Y: Concurrent Mark Free 0.002ms
[148.251s][info][gc,phases   ] GC(34) Y: Concurrent Reset Relocation Set 0.000ms
[148.251s][info][gc,reloc    ] GC(34) Y: Using tenuring threshold: 0 (Promote All)
[148.251s][info][gc,phases   ] GC(34) Y: Concurrent Select Relocation Set 0.248ms
[148.251s][info][gc,phases   ] GC(34) Y: Pause Relocate Start 0.006ms
[148.251s][info][safepoint   ] Safepoint "ZRelocateStartYoung", Time since last: 318200 ns, Reaching safepoint: 1800 ns, At safepoint: 19100 ns, Leaving safepoint: 2200 ns, Total: 23100 ns, Threads: 0 runnable, 55 total
[148.252s][info][gc,phases   ] GC(34) Y: Concurrent Relocate 0.952ms
[148.252s][info][gc,alloc    ] GC(34) Y:                         Mark Start        Mark End      Relocate Start    Relocate End   
[148.252s][info][gc,alloc    ] GC(34) Y: Allocation Stalls:          0                0                0                0         
[148.252s][info][gc,load     ] GC(34) Y: Load: 0.00 (0%) / 0.00 (0%) / 0.00 (0%)
[148.252s][info][gc,mmu      ] GC(34) Y: MMU: 2ms/97.3%, 5ms/98.9%, 10ms/99.3%, 20ms/99.6%, 50ms/99.8%, 100ms/99.9%
[148.252s][info][gc,marking  ] GC(34) Y: Mark: 4 stripe(s), 2 proactive flush(es), 1 terminate flush(es), 0 completion(s), 0 continuation(s) 
[148.252s][info][gc,nmethod  ] GC(34) Y: NMethods: 5725 registered, 2711 unregistered
[148.252s][info][gc,metaspace] GC(34) Y: Metaspace: 152M used, 154M committed, 1216M reserved
[148.252s][info][gc,reloc    ] GC(34) Y:                        Candidates     Selected     In-Place         Size        Empty    Relocated 
[148.252s][info][gc,reloc    ] GC(34) Y: Small Pages:                  462           71            0         924M         780M           0M 
[148.253s][info][gc,reloc    ] GC(34) Y: Medium Pages:                   0            0            0           0M           0M           0M 
[148.253s][info][gc,reloc    ] GC(34) Y: Large Pages:                    0            0            0           0M           0M           0M 
[148.253s][info][gc,reloc    ] GC(34) Y: Forwarding Usage: 0M
[148.253s][info][gc,reloc    ] GC(34) Y: Age Table:
[148.253s][info][gc,reloc    ] GC(34) Y:                    Live             Garbage             Small              Medium             Large        
[148.253s][info][gc,reloc    ] GC(34) Y: Eden               0M (0%)          921M (23%)        461 / 71             0 / 0              0 / 0        
[148.253s][info][gc,reloc    ] GC(34) Y: Survivor 1          -                 2M (0%)           1 / 0              0 / 0              0 / 0        
[148.253s][info][gc,heap     ] GC(34) Y: Min Capacity: 8M(0%)
[148.253s][info][gc,heap     ] GC(34) Y: Max Capacity: 4096M(100%)
[148.253s][info][gc,heap     ] GC(34) Y: Soft Max Capacity: 4096M(100%)
[148.253s][info][gc,heap     ] GC(34) Y: Heap Statistics:
[148.253s][info][gc,heap     ] GC(34) Y:                Mark Start          Mark End        Relocate Start      Relocate End           High               Low         
[148.253s][info][gc,heap     ] GC(34) Y:  Capacity:     3864M (94%)        3864M (94%)        3864M (94%)        3864M (94%)        3864M (94%)        3864M (94%)    
[148.253s][info][gc,heap     ] GC(34) Y:      Free:     2656M (65%)        2650M (65%)        3430M (84%)        3564M (87%)        3564M (87%)        2650M (65%)    
[148.253s][info][gc,heap     ] GC(34) Y:      Used:     1440M (35%)        1446M (35%)         666M (16%)         532M (13%)        1446M (35%)         532M (13%)    
[148.253s][info][gc,heap     ] GC(34) Y: Young Generation Statistics:
[148.253s][info][gc,heap     ] GC(34) Y:                Mark Start          Mark End        Relocate Start      Relocate End    
[148.253s][info][gc,heap     ] GC(34) Y:      Used:      924M (23%)         930M (23%)         150M (4%)            6M (0%)     
[148.253s][info][gc,heap     ] GC(34) Y:      Live:         -                 0M (0%)            0M (0%)            0M (0%)     
[148.253s][info][gc,heap     ] GC(34) Y:   Garbage:         -               923M (23%)         143M (4%)            0M (0%)     
[148.253s][info][gc,heap     ] GC(34) Y: Allocated:         -                 6M (0%)            6M (0%)            6M (0%)     
[148.253s][info][gc,heap     ] GC(34) Y: Reclaimed:         -                  -               780M (19%)         923M (23%)    
[148.253s][info][gc,heap     ] GC(34) Y:  Promoted:         -                  -                 0M (0%)            0M (0%)     
[148.253s][info][gc,heap     ] GC(34) Y: Compacted:         -                  -                  -                 0M (0%)     
[148.253s][info][gc,phases   ] GC(34) Y: Young Generation (Promote All) 1440M(35%)->532M(13%) 0.007s
[148.253s][info][gc,phases   ] GC(34) Y: Young Generation (Collect Roots)
[148.253s][info][gc,phases   ] GC(34) Y: Pause Mark Start (Major) 0.007ms
[148.253s][info][safepoint   ] Safepoint "ZMarkStartYoungAndOld", Time since last: 1251700 ns, Reaching safepoint: 1700 ns, At safepoint: 15900 ns, Leaving safepoint: 3300 ns, Total: 20900 ns, Threads: 0 runnable, 55 total
[148.257s][info][gc,phases   ] GC(34) Y: Concurrent Mark 4.102ms
[148.257s][info][gc,phases   ] GC(34) Y: Pause Mark End 0.007ms
[148.257s][info][safepoint   ] Safepoint "ZMarkEndYoung", Time since last: 4145600 ns, Reaching safepoint: 1900 ns, At safepoint: 25400 ns, Leaving safepoint: 3600 ns, Total: 30900 ns, Threads: 0 runnable, 55 total
[148.257s][info][gc,phases   ] GC(34) Y: Concurrent Mark Free 0.001ms
[148.257s][info][gc,phases   ] GC(34) Y: Concurrent Reset Relocation Set 0.001ms
[148.257s][info][gc,reloc    ] GC(34) Y: Using tenuring threshold: 1 (Computed)
[148.257s][info][gc,phases   ] GC(34) Y: Concurrent Select Relocation Set 0.114ms
[148.257s][info][gc,phases   ] GC(34) Y: Pause Relocate Start 0.006ms
[148.257s][info][safepoint   ] Safepoint "ZRelocateStartYoung", Time since last: 184300 ns, Reaching safepoint: 1800 ns, At safepoint: 23100 ns, Leaving safepoint: 3500 ns, Total: 28400 ns, Threads: 1 runnable, 55 total
[148.257s][info][gc,phases   ] GC(34) Y: Concurrent Relocate 0.042ms
[148.257s][info][gc,alloc    ] GC(34) Y:                         Mark Start        Mark End      Relocate Start    Relocate End   
[148.257s][info][gc,alloc    ] GC(34) Y: Allocation Stalls:          0                0                0                0         
[148.257s][info][gc,load     ] GC(34) Y: Load: 0.00 (0%) / 0.00 (0%) / 0.00 (0%)
[148.257s][info][gc,mmu      ] GC(34) Y: MMU: 2ms/97.3%, 5ms/98.9%, 10ms/99.3%, 20ms/99.6%, 50ms/99.8%, 100ms/99.9%
[148.257s][info][gc,marking  ] GC(34) Y: Mark: 4 stripe(s), 3 proactive flush(es), 1 terminate flush(es), 0 completion(s), 0 continuation(s) 
[148.257s][info][gc,nmethod  ] GC(34) Y: NMethods: 5726 registered, 2711 unregistered
[148.257s][info][gc,metaspace] GC(34) Y: Metaspace: 152M used, 154M committed, 1216M reserved
[148.257s][info][gc,reloc    ] GC(34) Y:                        Candidates     Selected     In-Place         Size        Empty    Relocated 
[148.257s][info][gc,reloc    ] GC(34) Y: Small Pages:                    3            0            0           6M           4M           0M 
[148.257s][info][gc,reloc    ] GC(34) Y: Medium Pages:                   0            0            0           0M           0M           0M 
[148.257s][info][gc,reloc    ] GC(34) Y: Large Pages:                    0            0            0           0M           0M           0M 
[148.257s][info][gc,reloc    ] GC(34) Y: Forwarding Usage: 0M
[148.257s][info][gc,reloc    ] GC(34) Y: Age Table:
[148.257s][info][gc,reloc    ] GC(34) Y:                    Live             Garbage             Small              Medium             Large        
[148.257s][info][gc,reloc    ] GC(34) Y: Eden               0M (0%)            5M (0%)           3 / 0              0 / 0              0 / 0        
[148.257s][info][gc,heap     ] GC(34) Y: Min Capacity: 8M(0%)
[148.257s][info][gc,heap     ] GC(34) Y: Max Capacity: 4096M(100%)
[148.257s][info][gc,heap     ] GC(34) Y: Soft Max Capacity: 4096M(100%)
[148.257s][info][gc,heap     ] GC(34) Y: Heap Statistics:
[148.257s][info][gc,heap     ] GC(34) Y:                Mark Start          Mark End        Relocate Start      Relocate End           High               Low         
[148.257s][info][gc,heap     ] GC(34) Y:  Capacity:     3864M (94%)        3864M (94%)        3864M (94%)        3864M (94%)        3864M (94%)        3864M (94%)    
[148.257s][info][gc,heap     ] GC(34) Y:      Free:     3564M (87%)        3558M (87%)        3562M (87%)        3562M (87%)        3564M (87%)        3558M (87%)    
[148.257s][info][gc,heap     ] GC(34) Y:      Used:      532M (13%)         538M (13%)         534M (13%)         534M (13%)         538M (13%)         532M (13%)    
[148.257s][info][gc,heap     ] GC(34) Y: Young Generation Statistics:
[148.257s][info][gc,heap     ] GC(34) Y:                Mark Start          Mark End        Relocate Start      Relocate End    
[148.257s][info][gc,heap     ] GC(34) Y:      Used:        6M (0%)           12M (0%)            8M (0%)            8M (0%)     
[148.257s][info][gc,heap     ] GC(34) Y:      Live:         -                 0M (0%)            0M (0%)            0M (0%)     
[148.257s][info][gc,heap     ] GC(34) Y:   Garbage:         -                 5M (0%)            1M (0%)            1M (0%)     
[148.257s][info][gc,heap     ] GC(34) Y: Allocated:         -                 6M (0%)            6M (0%)            6M (0%)     
[148.257s][info][gc,heap     ] GC(34) Y: Reclaimed:         -                  -                 4M (0%)            4M (0%)     
[148.257s][info][gc,heap     ] GC(34) Y:  Promoted:         -                  -                 0M (0%)            0M (0%)     
[148.257s][info][gc,heap     ] GC(34) Y: Compacted:         -                  -                  -                 0M (0%)     
[148.257s][info][gc,phases   ] GC(34) Y: Young Generation (Collect Roots) 532M(13%)->534M(13%) 0.005s
[148.257s][info][gc,phases   ] GC(34) O: Old Generation
[148.407s][info][gc,phases   ] GC(34) O: Concurrent Mark 149.627ms
[148.407s][info][gc,phases   ] GC(34) O: Pause Mark End 0.016ms
[148.407s][info][safepoint   ] Safepoint "ZMarkEndOld", Time since last: 149987300 ns, Reaching safepoint: 3300 ns, At safepoint: 38900 ns, Leaving safepoint: 3800 ns, Total: 46000 ns, Threads: 0 runnable, 55 total
[148.407s][info][gc,phases   ] GC(34) O: Concurrent Mark Free 0.002ms
[148.410s][info][gc,phases   ] GC(34) O: Concurrent Process Non-Strong 2.875ms
[148.410s][info][gc,phases   ] GC(34) O: Concurrent Reset Relocation Set 0.001ms
[148.410s][info][gc,phases   ] GC(34) O: Concurrent Select Relocation Set 0.331ms
[148.410s][info][gc,task     ] GC(34) O: Using 4 Workers for Old Generation
[148.414s][info][gc,task     ] GC(34) O: Using 4 Workers for Old Generation
[148.414s][info][gc,phases   ] GC(34) O: Concurrent Remap Roots 3.288ms
[148.414s][info][gc,phases   ] GC(34) O: Pause Relocate Start 0.011ms
[148.414s][info][safepoint   ] Safepoint "ZRelocateStartOld", Time since last: 6602600 ns, Reaching safepoint: 14000 ns, At safepoint: 32100 ns, Leaving safepoint: 6400 ns, Total: 52500 ns, Threads: 1 runnable, 55 total
[148.416s][info][gc,phases   ] GC(34) O: Concurrent Relocate 1.697ms
[148.416s][info][gc,alloc    ] GC(34) O:                         Mark Start        Mark End      Relocate Start    Relocate End   
[148.416s][info][gc,alloc    ] GC(34) O: Allocation Stalls:          0                0                0                0         
[148.416s][info][gc,load     ] GC(34) O: Load: 0.00 (0%) / 0.00 (0%) / 0.00 (0%)
[148.416s][info][gc,mmu      ] GC(34) O: MMU: 2ms/97.3%, 5ms/98.9%, 10ms/99.3%, 20ms/99.6%, 50ms/99.8%, 100ms/99.9%
[148.416s][info][gc,marking  ] GC(34) O: Mark: 4 stripe(s), 10 proactive flush(es), 1 terminate flush(es), 0 completion(s), 0 continuation(s) 
[148.416s][info][gc,nmethod  ] GC(34) O: NMethods: 5719 registered, 2719 unregistered
[148.416s][info][gc,metaspace] GC(34) O: Metaspace: 152M used, 154M committed, 1216M reserved
[148.416s][info][gc,ref      ] GC(34) O:                       Encountered   Discovered     Enqueued 
[148.416s][info][gc,ref      ] GC(34) O: Soft References:             5380            0            0 
[148.416s][info][gc,ref      ] GC(34) O: Weak References:            36582        14050            0 
[148.416s][info][gc,ref      ] GC(34) O: Final References:              55            0            0 
[148.416s][info][gc,ref      ] GC(34) O: Phantom References:          1233          946            0 
[148.416s][info][gc,reloc    ] GC(34) O:                        Candidates     Selected     In-Place         Size        Empty    Relocated 
[148.416s][info][gc,reloc    ] GC(34) O: Small Pages:                  241            8            0         482M           0M           2M 
[148.416s][info][gc,reloc    ] GC(34) O: Medium Pages:                   1            0            0          32M           0M           0M 
[148.416s][info][gc,reloc    ] GC(34) O: Large Pages:                    1            0            0          12M           0M           0M 
[148.416s][info][gc,reloc    ] GC(34) O: Forwarding Usage: 1M
[148.416s][info][gc,heap     ] GC(34) O: Min Capacity: 8M(0%)
[148.416s][info][gc,heap     ] GC(34) O: Max Capacity: 4096M(100%)
[148.416s][info][gc,heap     ] GC(34) O: Soft Max Capacity: 4096M(100%)
[148.416s][info][gc,heap     ] GC(34) O: Heap Statistics:
[148.416s][info][gc,heap     ] GC(34) O:                Mark Start          Mark End        Relocate Start      Relocate End           High               Low         
[148.416s][info][gc,heap     ] GC(34) O:  Capacity:     3864M (94%)        3864M (94%)        3864M (94%)        3864M (94%)        3864M (94%)        3864M (94%)    
[148.416s][info][gc,heap     ] GC(34) O:      Free:     3564M (87%)        3522M (86%)        3520M (86%)        3530M (86%)        3564M (87%)        3508M (86%)    
[148.416s][info][gc,heap     ] GC(34) O:      Used:      532M (13%)         574M (14%)         576M (14%)         566M (14%)         588M (14%)         532M (13%)    
[148.416s][info][gc,heap     ] GC(34) O: Old Generation Statistics:
[148.416s][info][gc,heap     ] GC(34) O:                Mark Start          Mark End        Relocate Start      Relocate End    
[148.416s][info][gc,heap     ] GC(34) O:      Used:      526M (13%)         526M (13%)         526M (13%)         516M (13%)    
[148.416s][info][gc,heap     ] GC(34) O:      Live:         -               486M (12%)         486M (12%)         486M (12%)    
[148.416s][info][gc,heap     ] GC(34) O:   Garbage:         -                39M (1%)           39M (1%)           22M (1%)     
[148.416s][info][gc,heap     ] GC(34) O: Allocated:         -                 0M (0%)            0M (0%)            6M (0%)     
[148.416s][info][gc,heap     ] GC(34) O: Reclaimed:         -                  -                 0M (0%)           16M (0%)     
[148.416s][info][gc,heap     ] GC(34) O: Compacted:         -                  -                  -                 5M (0%)     
[148.416s][info][gc,phases   ] GC(34) O: Old Generation 536M(13%)->566M(14%) 0.158s
[148.416s][info][gc          ] GC(34) Major Collection (System.gc()) 1440M(35%)->566M(14%) 0.170s
[153.416s][info][gc          ] GC(35) Major Collection (System.gc())
[153.416s][info][gc,task     ] GC(35) Using 4 Workers for Young Generation
[153.416s][info][gc,task     ] GC(35) Using 4 Workers for Old Generation
[153.416s][info][gc,phases   ] GC(35) Y: Young Generation (Promote All)
[153.417s][info][gc,phases   ] GC(35) Y: Pause Mark Start 0.011ms
[153.417s][info][safepoint   ] Safepoint "ZMarkStartYoung", Time since last: 5002714100 ns, Reaching safepoint: 5300 ns, At safepoint: 34300 ns, Leaving safepoint: 3800 ns, Total: 43400 ns, Threads: 0 runnable, 55 total
[153.422s][info][gc,phases   ] GC(35) Y: Concurrent Mark 5.048ms
[153.422s][info][gc,phases   ] GC(35) Y: Pause Mark End 0.010ms
[153.422s][info][safepoint   ] Safepoint "ZMarkEndYoung", Time since last: 5095200 ns, Reaching safepoint: 2200 ns, At safepoint: 31200 ns, Leaving safepoint: 3700 ns, Total: 37100 ns, Threads: 1 runnable, 55 total
[153.422s][info][gc,phases   ] GC(35) Y: Concurrent Mark Free 0.002ms
[153.422s][info][gc,phases   ] GC(35) Y: Concurrent Reset Relocation Set 0.000ms
[153.422s][info][gc,reloc    ] GC(35) Y: Using tenuring threshold: 0 (Promote All)
[153.422s][info][gc,phases   ] GC(35) Y: Concurrent Select Relocation Set 0.232ms
[153.422s][info][gc,phases   ] GC(35) Y: Pause Relocate Start 0.006ms
[153.422s][info][safepoint   ] Safepoint "ZRelocateStartYoung", Time since last: 305000 ns, Reaching safepoint: 1800 ns, At safepoint: 24500 ns, Leaving safepoint: 2200 ns, Total: 28500 ns, Threads: 0 runnable, 55 total
[153.423s][info][gc,phases   ] GC(35) Y: Concurrent Relocate 0.607ms
[153.423s][info][gc,alloc    ] GC(35) Y:                         Mark Start        Mark End      Relocate Start    Relocate End   
[153.423s][info][gc,alloc    ] GC(35) Y: Allocation Stalls:          0                0                0                0         
[153.423s][info][gc,load     ] GC(35) Y: Load: 0.00 (0%) / 0.00 (0%) / 0.00 (0%)
[153.423s][info][gc,mmu      ] GC(35) Y: MMU: 2ms/97.3%, 5ms/98.9%, 10ms/99.3%, 20ms/99.6%, 50ms/99.8%, 100ms/99.9%
[153.423s][info][gc,marking  ] GC(35) Y: Mark: 4 stripe(s), 2 proactive flush(es), 1 terminate flush(es), 0 completion(s), 0 continuation(s) 
[153.423s][info][gc,nmethod  ] GC(35) Y: NMethods: 5751 registered, 2719 unregistered
[153.423s][info][gc,metaspace] GC(35) Y: Metaspace: 152M used, 154M committed, 1216M reserved
[153.423s][info][gc,reloc    ] GC(35) Y:                        Candidates     Selected     In-Place         Size        Empty    Relocated 
[153.423s][info][gc,reloc    ] GC(35) Y: Small Pages:                  473           70            0         946M         804M           0M 
[153.423s][info][gc,reloc    ] GC(35) Y: Medium Pages:                   0            0            0           0M           0M           0M 
[153.423s][info][gc,reloc    ] GC(35) Y: Large Pages:                    0            0            0           0M           0M           0M 
[153.423s][info][gc,reloc    ] GC(35) Y: Forwarding Usage: 0M
[153.423s][info][gc,reloc    ] GC(35) Y: Age Table:
[153.423s][info][gc,reloc    ] GC(35) Y:                    Live             Garbage             Small              Medium             Large        
[153.423s][info][gc,reloc    ] GC(35) Y: Eden               0M (0%)          943M (23%)        472 / 70             0 / 0              0 / 0        
[153.423s][info][gc,reloc    ] GC(35) Y: Survivor 1          -                 2M (0%)           1 / 0              0 / 0              0 / 0        
[153.423s][info][gc,heap     ] GC(35) Y: Min Capacity: 8M(0%)
[153.423s][info][gc,heap     ] GC(35) Y: Max Capacity: 4096M(100%)
[153.423s][info][gc,heap     ] GC(35) Y: Soft Max Capacity: 4096M(100%)
[153.423s][info][gc,heap     ] GC(35) Y: Heap Statistics:
[153.423s][info][gc,heap     ] GC(35) Y:                Mark Start          Mark End        Relocate Start      Relocate End           High               Low         
[153.423s][info][gc,heap     ] GC(35) Y:  Capacity:     3864M (94%)        3864M (94%)        3864M (94%)        3864M (94%)        3864M (94%)        3864M (94%)    
[153.423s][info][gc,heap     ] GC(35) Y:      Free:     2634M (64%)        2622M (64%)        3426M (84%)        3560M (87%)        3560M (87%)        2622M (64%)    
[153.423s][info][gc,heap     ] GC(35) Y:      Used:     1462M (36%)        1474M (36%)         670M (16%)         536M (13%)        1474M (36%)         536M (13%)    
[153.423s][info][gc,heap     ] GC(35) Y: Young Generation Statistics:
[153.423s][info][gc,heap     ] GC(35) Y:                Mark Start          Mark End        Relocate Start      Relocate End    
[153.423s][info][gc,heap     ] GC(35) Y:      Used:      946M (23%)         958M (23%)         154M (4%)           12M (0%)     
[153.423s][info][gc,heap     ] GC(35) Y:      Live:         -                 0M (0%)            0M (0%)            0M (0%)     
[153.423s][info][gc,heap     ] GC(35) Y:   Garbage:         -               945M (23%)         141M (3%)            0M (0%)     
[153.423s][info][gc,heap     ] GC(35) Y: Allocated:         -                12M (0%)           12M (0%)           12M (0%)     
[153.423s][info][gc,heap     ] GC(35) Y: Reclaimed:         -                  -               804M (20%)         945M (23%)    
[153.423s][info][gc,heap     ] GC(35) Y:  Promoted:         -                  -                 0M (0%)            0M (0%)     
[153.423s][info][gc,heap     ] GC(35) Y: Compacted:         -                  -                  -                 0M (0%)     
[153.423s][info][gc,phases   ] GC(35) Y: Young Generation (Promote All) 1462M(36%)->536M(13%) 0.006s
[153.423s][info][gc,phases   ] GC(35) Y: Young Generation (Collect Roots)
[153.423s][info][gc,phases   ] GC(35) Y: Pause Mark Start (Major) 0.010ms
[153.423s][info][safepoint   ] Safepoint "ZMarkStartYoungAndOld", Time since last: 894400 ns, Reaching safepoint: 12900 ns, At safepoint: 31200 ns, Leaving safepoint: 3800 ns, Total: 47900 ns, Threads: 1 runnable, 55 total
[153.427s][info][gc,phases   ] GC(35) Y: Concurrent Mark 3.744ms
[153.427s][info][gc,phases   ] GC(35) Y: Pause Mark End 0.006ms
[153.427s][info][safepoint   ] Safepoint "ZMarkEndYoung", Time since last: 3782300 ns, Reaching safepoint: 11500 ns, At safepoint: 22000 ns, Leaving safepoint: 3300 ns, Total: 36800 ns, Threads: 1 runnable, 55 total
[153.427s][info][gc,phases   ] GC(35) Y: Concurrent Mark Free 0.002ms
[153.427s][info][gc,phases   ] GC(35) Y: Concurrent Reset Relocation Set 0.001ms
[153.427s][info][gc,reloc    ] GC(35) Y: Using tenuring threshold: 1 (Computed)
[153.427s][info][gc,phases   ] GC(35) Y: Concurrent Select Relocation Set 0.125ms
[153.427s][info][gc,phases   ] GC(35) Y: Pause Relocate Start 0.005ms
[153.427s][info][safepoint   ] Safepoint "ZRelocateStartYoung", Time since last: 194800 ns, Reaching safepoint: 1600 ns, At safepoint: 18700 ns, Leaving safepoint: 3100 ns, Total: 23400 ns, Threads: 1 runnable, 55 total
[153.427s][info][gc,phases   ] GC(35) Y: Concurrent Relocate 0.104ms
[153.427s][info][gc,alloc    ] GC(35) Y:                         Mark Start        Mark End      Relocate Start    Relocate End   
[153.427s][info][gc,alloc    ] GC(35) Y: Allocation Stalls:          0                0                0                0         
[153.427s][info][gc,load     ] GC(35) Y: Load: 0.00 (0%) / 0.00 (0%) / 0.00 (0%)
[153.427s][info][gc,mmu      ] GC(35) Y: MMU: 2ms/97.3%, 5ms/98.9%, 10ms/99.3%, 20ms/99.6%, 50ms/99.8%, 100ms/99.9%
[153.427s][info][gc,marking  ] GC(35) Y: Mark: 4 stripe(s), 2 proactive flush(es), 1 terminate flush(es), 0 completion(s), 0 continuation(s) 
[153.427s][info][gc,nmethod  ] GC(35) Y: NMethods: 5758 registered, 2719 unregistered
[153.427s][info][gc,metaspace] GC(35) Y: Metaspace: 152M used, 154M committed, 1216M reserved
[153.427s][info][gc,reloc    ] GC(35) Y:                        Candidates     Selected     In-Place         Size        Empty    Relocated 
[153.427s][info][gc,reloc    ] GC(35) Y: Small Pages:                    6            3            0          12M           4M           0M 
[153.427s][info][gc,reloc    ] GC(35) Y: Medium Pages:                   0            0            0           0M           0M           0M 
[153.427s][info][gc,reloc    ] GC(35) Y: Large Pages:                    0            0            0           0M           0M           0M 
[153.427s][info][gc,reloc    ] GC(35) Y: Forwarding Usage: 0M
[153.427s][info][gc,reloc    ] GC(35) Y: Age Table:
[153.427s][info][gc,reloc    ] GC(35) Y:                    Live             Garbage             Small              Medium             Large        
[153.427s][info][gc,reloc    ] GC(35) Y: Eden               0M (0%)           11M (0%)           6 / 3              0 / 0              0 / 0        
[153.427s][info][gc,heap     ] GC(35) Y: Min Capacity: 8M(0%)
[153.427s][info][gc,heap     ] GC(35) Y: Max Capacity: 4096M(100%)
[153.427s][info][gc,heap     ] GC(35) Y: Soft Max Capacity: 4096M(100%)
[153.427s][info][gc,heap     ] GC(35) Y: Heap Statistics:
[153.427s][info][gc,heap     ] GC(35) Y:                Mark Start          Mark End        Relocate Start      Relocate End           High               Low         
[153.427s][info][gc,heap     ] GC(35) Y:  Capacity:     3864M (94%)        3864M (94%)        3864M (94%)        3864M (94%)        3864M (94%)        3864M (94%)    
[153.427s][info][gc,heap     ] GC(35) Y:      Free:     3560M (87%)        3552M (87%)        3552M (87%)        3552M (87%)        3560M (87%)        3544M (87%)    
[153.427s][info][gc,heap     ] GC(35) Y:      Used:      536M (13%)         544M (13%)         544M (13%)         544M (13%)         552M (13%)         536M (13%)    
[153.427s][info][gc,heap     ] GC(35) Y: Young Generation Statistics:
[153.427s][info][gc,heap     ] GC(35) Y:                Mark Start          Mark End        Relocate Start      Relocate End    
[153.427s][info][gc,heap     ] GC(35) Y:      Used:       12M (0%)           20M (0%)           20M (0%)           20M (0%)     
[153.427s][info][gc,heap     ] GC(35) Y:      Live:         -                 0M (0%)            0M (0%)            0M (0%)     
[153.427s][info][gc,heap     ] GC(35) Y:   Garbage:         -                11M (0%)            7M (0%)            0M (0%)     
[153.427s][info][gc,heap     ] GC(35) Y: Allocated:         -                 8M (0%)           12M (0%)           19M (0%)     
[153.427s][info][gc,heap     ] GC(35) Y: Reclaimed:         -                  -                 4M (0%)           11M (0%)     
[153.427s][info][gc,heap     ] GC(35) Y:  Promoted:         -                  -                 0M (0%)            0M (0%)     
[153.427s][info][gc,heap     ] GC(35) Y: Compacted:         -                  -                  -                 0M (0%)     
[153.428s][info][gc,phases   ] GC(35) Y: Young Generation (Collect Roots) 536M(13%)->544M(13%) 0.004s
[153.428s][info][gc,phases   ] GC(35) O: Old Generation
[153.598s][info][gc,phases   ] GC(35) O: Concurrent Mark 169.964ms
[153.598s][info][gc,phases   ] GC(35) O: Pause Mark End 0.015ms
[153.598s][info][safepoint   ] Safepoint "ZMarkEndOld", Time since last: 170532200 ns, Reaching safepoint: 13300 ns, At safepoint: 35800 ns, Leaving safepoint: 3600 ns, Total: 52700 ns, Threads: 1 runnable, 55 total
[153.598s][info][gc,phases   ] GC(35) O: Concurrent Mark Free 0.003ms
[153.600s][info][gc,phases   ] GC(35) O: Concurrent Process Non-Strong 2.794ms
[153.600s][info][gc,phases   ] GC(35) O: Concurrent Reset Relocation Set 0.001ms
[153.601s][info][gc,phases   ] GC(35) O: Concurrent Select Relocation Set 0.090ms
[153.601s][info][gc,task     ] GC(35) O: Using 4 Workers for Old Generation
[153.604s][info][gc,task     ] GC(35) O: Using 4 Workers for Old Generation
[153.604s][info][gc,phases   ] GC(35) O: Concurrent Remap Roots 3.268ms
[153.604s][info][gc,phases   ] GC(35) O: Pause Relocate Start 0.010ms
[153.604s][info][safepoint   ] Safepoint "ZRelocateStartOld", Time since last: 6251400 ns, Reaching safepoint: 2900 ns, At safepoint: 29100 ns, Leaving safepoint: 2200 ns, Total: 34200 ns, Threads: 0 runnable, 55 total
[153.605s][info][gc,phases   ] GC(35) O: Concurrent Relocate 1.224ms
[153.605s][info][gc,alloc    ] GC(35) O:                         Mark Start        Mark End      Relocate Start    Relocate End   
[153.605s][info][gc,alloc    ] GC(35) O: Allocation Stalls:          0                0                0                0         
[153.605s][info][gc,load     ] GC(35) O: Load: 0.00 (0%) / 0.00 (0%) / 0.00 (0%)
[153.605s][info][gc,mmu      ] GC(35) O: MMU: 2ms/97.3%, 5ms/98.9%, 10ms/99.3%, 20ms/99.6%, 50ms/99.8%, 100ms/99.9%
[153.605s][info][gc,marking  ] GC(35) O: Mark: 4 stripe(s), 5 proactive flush(es), 1 terminate flush(es), 0 completion(s), 0 continuation(s) 
[153.605s][info][gc,nmethod  ] GC(35) O: NMethods: 5737 registered, 2740 unregistered
[153.605s][info][gc,metaspace] GC(35) O: Metaspace: 152M used, 154M committed, 1216M reserved
[153.605s][info][gc,ref      ] GC(35) O:                       Encountered   Discovered     Enqueued 
[153.605s][info][gc,ref      ] GC(35) O: Soft References:             5380            0            0 
[153.605s][info][gc,ref      ] GC(35) O: Weak References:            36583         7151            0 
[153.605s][info][gc,ref      ] GC(35) O: Final References:              55            1            0 
[153.605s][info][gc,ref      ] GC(35) O: Phantom References:          1233          980            0 
[153.605s][info][gc,reloc    ] GC(35) O:                        Candidates     Selected     In-Place         Size        Empty    Relocated 
[153.605s][info][gc,reloc    ] GC(35) O: Small Pages:                  240            7            0         480M           0M           2M 
[153.605s][info][gc,reloc    ] GC(35) O: Medium Pages:                   1            0            0          32M           0M           0M 
[153.605s][info][gc,reloc    ] GC(35) O: Large Pages:                    1            0            0          12M           0M           0M 
[153.605s][info][gc,reloc    ] GC(35) O: Forwarding Usage: 1M
[153.605s][info][gc,heap     ] GC(35) O: Min Capacity: 8M(0%)
[153.605s][info][gc,heap     ] GC(35) O: Max Capacity: 4096M(100%)
[153.605s][info][gc,heap     ] GC(35) O: Soft Max Capacity: 4096M(100%)
[153.605s][info][gc,heap     ] GC(35) O: Heap Statistics:
[153.605s][info][gc,heap     ] GC(35) O:                Mark Start          Mark End        Relocate Start      Relocate End           High               Low         
[153.605s][info][gc,heap     ] GC(35) O:  Capacity:     3864M (94%)        3864M (94%)        3864M (94%)        3864M (94%)        3864M (94%)        3864M (94%)    
[153.605s][info][gc,heap     ] GC(35) O:      Free:     3560M (87%)        3518M (86%)        3518M (86%)        3526M (86%)        3560M (87%)        3508M (86%)    
[153.605s][info][gc,heap     ] GC(35) O:      Used:      536M (13%)         578M (14%)         578M (14%)         570M (14%)         588M (14%)         536M (13%)    
[153.605s][info][gc,heap     ] GC(35) O: Old Generation Statistics:
[153.605s][info][gc,heap     ] GC(35) O:                Mark Start          Mark End        Relocate Start      Relocate End    
[153.605s][info][gc,heap     ] GC(35) O:      Used:      524M (13%)         524M (13%)         524M (13%)         516M (13%)    
[153.605s][info][gc,heap     ] GC(35) O:      Live:         -               486M (12%)         486M (12%)         486M (12%)    
[153.605s][info][gc,heap     ] GC(35) O:   Garbage:         -                37M (1%)           37M (1%)           22M (1%)     
[153.605s][info][gc,heap     ] GC(35) O: Allocated:         -                 0M (0%)            0M (0%)            6M (0%)     
[153.605s][info][gc,heap     ] GC(35) O: Reclaimed:         -                  -                 0M (0%)           14M (0%)     
[153.605s][info][gc,heap     ] GC(35) O: Compacted:         -                  -                  -                 3M (0%)     
[153.605s][info][gc,phases   ] GC(35) O: Old Generation 544M(13%)->570M(14%) 0.178s
[153.605s][info][gc          ] GC(35) Major Collection (System.gc()) 1462M(36%)->570M(14%) 0.189s
[158.607s][info][gc          ] GC(36) Major Collection (System.gc())
[158.607s][info][gc,task     ] GC(36) Using 4 Workers for Young Generation
[158.607s][info][gc,task     ] GC(36) Using 4 Workers for Old Generation
[158.607s][info][gc,phases   ] GC(36) Y: Young Generation (Promote All)
[158.607s][info][gc,phases   ] GC(36) Y: Pause Mark Start 0.012ms
[158.607s][info][safepoint   ] Safepoint "ZMarkStartYoung", Time since last: 5003526100 ns, Reaching safepoint: 4900 ns, At safepoint: 35500 ns, Leaving safepoint: 2600 ns, Total: 43000 ns, Threads: 0 runnable, 55 total
[158.612s][info][gc,phases   ] GC(36) Y: Concurrent Mark 4.856ms
[158.612s][info][gc,phases   ] GC(36) Y: Pause Mark End 0.009ms
[158.612s][info][safepoint   ] Safepoint "ZMarkEndYoung", Time since last: 4898600 ns, Reaching safepoint: 12000 ns, At safepoint: 27900 ns, Leaving safepoint: 3300 ns, Total: 43200 ns, Threads: 1 runnable, 55 total
[158.612s][info][gc,phases   ] GC(36) Y: Concurrent Mark Free 0.001ms
[158.612s][info][gc,phases   ] GC(36) Y: Concurrent Reset Relocation Set 0.001ms
[158.613s][info][gc,reloc    ] GC(36) Y: Using tenuring threshold: 0 (Promote All)
[158.613s][info][gc,phases   ] GC(36) Y: Concurrent Select Relocation Set 0.232ms
[158.613s][info][gc,phases   ] GC(36) Y: Pause Relocate Start 0.006ms
[158.613s][info][safepoint   ] Safepoint "ZRelocateStartYoung", Time since last: 289700 ns, Reaching safepoint: 1700 ns, At safepoint: 15600 ns, Leaving safepoint: 1800 ns, Total: 19100 ns, Threads: 0 runnable, 55 total
[158.613s][info][gc,phases   ] GC(36) Y: Concurrent Relocate 0.751ms
[158.613s][info][gc,alloc    ] GC(36) Y:                         Mark Start        Mark End      Relocate Start    Relocate End   
[158.613s][info][gc,alloc    ] GC(36) Y: Allocation Stalls:          0                0                0                0         
[158.613s][info][gc,load     ] GC(36) Y: Load: 0.00 (0%) / 0.00 (0%) / 0.00 (0%)
[158.614s][info][gc,mmu      ] GC(36) Y: MMU: 2ms/97.3%, 5ms/98.9%, 10ms/99.3%, 20ms/99.6%, 50ms/99.8%, 100ms/99.9%
[158.614s][info][gc,marking  ] GC(36) Y: Mark: 4 stripe(s), 2 proactive flush(es), 1 terminate flush(es), 0 completion(s), 0 continuation(s) 
[158.614s][info][gc,nmethod  ] GC(36) Y: NMethods: 5749 registered, 2740 unregistered
[158.614s][info][gc,metaspace] GC(36) Y: Metaspace: 152M used, 154M committed, 1216M reserved
[158.614s][info][gc,reloc    ] GC(36) Y:                        Candidates     Selected     In-Place         Size        Empty    Relocated 
[158.614s][info][gc,reloc    ] GC(36) Y: Small Pages:                  487           60            0         974M         852M           0M 
[158.614s][info][gc,reloc    ] GC(36) Y: Medium Pages:                   0            0            0           0M           0M           0M 
[158.614s][info][gc,reloc    ] GC(36) Y: Large Pages:                    0            0            0           0M           0M           0M 
[158.614s][info][gc,reloc    ] GC(36) Y: Forwarding Usage: 0M
[158.614s][info][gc,reloc    ] GC(36) Y: Age Table:
[158.614s][info][gc,reloc    ] GC(36) Y:                    Live             Garbage             Small              Medium             Large        
[158.614s][info][gc,reloc    ] GC(36) Y: Eden               0M (0%)          965M (24%)        483 / 60             0 / 0              0 / 0        
[158.614s][info][gc,reloc    ] GC(36) Y: Survivor 1          -                 8M (0%)           4 / 0              0 / 0              0 / 0        
[158.614s][info][gc,heap     ] GC(36) Y: Min Capacity: 8M(0%)
[158.614s][info][gc,heap     ] GC(36) Y: Max Capacity: 4096M(100%)
[158.614s][info][gc,heap     ] GC(36) Y: Soft Max Capacity: 4096M(100%)
[158.614s][info][gc,heap     ] GC(36) Y: Heap Statistics:
[158.614s][info][gc,heap     ] GC(36) Y:                Mark Start          Mark End        Relocate Start      Relocate End           High               Low         
[158.614s][info][gc,heap     ] GC(36) Y:  Capacity:     3864M (94%)        3864M (94%)        3864M (94%)        3864M (94%)        3864M (94%)        3864M (94%)    
[158.614s][info][gc,heap     ] GC(36) Y:      Free:     2606M (64%)        2600M (63%)        3452M (84%)        3562M (87%)        3562M (87%)        2600M (63%)    
[158.614s][info][gc,heap     ] GC(36) Y:      Used:     1490M (36%)        1496M (37%)         644M (16%)         534M (13%)        1496M (37%)         534M (13%)    
[158.614s][info][gc,heap     ] GC(36) Y: Young Generation Statistics:
[158.614s][info][gc,heap     ] GC(36) Y:                Mark Start          Mark End        Relocate Start      Relocate End    
[158.614s][info][gc,heap     ] GC(36) Y:      Used:      974M (24%)         980M (24%)         128M (3%)            6M (0%)     
[158.614s][info][gc,heap     ] GC(36) Y:      Live:         -                 0M (0%)            0M (0%)            0M (0%)     
[158.614s][info][gc,heap     ] GC(36) Y:   Garbage:         -               973M (24%)         121M (3%)            0M (0%)     
[158.614s][info][gc,heap     ] GC(36) Y: Allocated:         -                 6M (0%)            6M (0%)            6M (0%)     
[158.614s][info][gc,heap     ] GC(36) Y: Reclaimed:         -                  -               852M (21%)         973M (24%)    
[158.614s][info][gc,heap     ] GC(36) Y:  Promoted:         -                  -                 0M (0%)            0M (0%)     
[158.614s][info][gc,heap     ] GC(36) Y: Compacted:         -                  -                  -                 0M (0%)     
[158.614s][info][gc,phases   ] GC(36) Y: Young Generation (Promote All) 1490M(36%)->534M(13%) 0.006s
[158.614s][info][gc,phases   ] GC(36) Y: Young Generation (Collect Roots)
[158.614s][info][gc,phases   ] GC(36) Y: Pause Mark Start (Major) 0.009ms
[158.614s][info][safepoint   ] Safepoint "ZMarkStartYoungAndOld", Time since last: 1038000 ns, Reaching safepoint: 1800 ns, At safepoint: 28200 ns, Leaving safepoint: 2200 ns, Total: 32200 ns, Threads: 0 runnable, 55 total
[158.618s][info][gc,phases   ] GC(36) Y: Concurrent Mark 4.337ms
[158.618s][info][gc,phases   ] GC(36) Y: Pause Mark End 0.007ms
[158.618s][info][safepoint   ] Safepoint "ZMarkEndYoung", Time since last: 4376000 ns, Reaching safepoint: 11600 ns, At safepoint: 25400 ns, Leaving safepoint: 4700 ns, Total: 41700 ns, Threads: 1 runnable, 55 total
[158.618s][info][gc,phases   ] GC(36) Y: Concurrent Mark Free 0.001ms
[158.618s][info][gc,phases   ] GC(36) Y: Concurrent Reset Relocation Set 0.001ms
[158.618s][info][gc,reloc    ] GC(36) Y: Using tenuring threshold: 1 (Computed)
[158.618s][info][gc,phases   ] GC(36) Y: Concurrent Select Relocation Set 0.121ms
[158.618s][info][gc,phases   ] GC(36) Y: Pause Relocate Start 0.005ms
[158.618s][info][safepoint   ] Safepoint "ZRelocateStartYoung", Time since last: 189400 ns, Reaching safepoint: 13700 ns, At safepoint: 18500 ns, Leaving safepoint: 4900 ns, Total: 37100 ns, Threads: 2 runnable, 55 total
[158.618s][info][gc,phases   ] GC(36) Y: Concurrent Relocate 0.037ms
[158.618s][info][gc,alloc    ] GC(36) Y:                         Mark Start        Mark End      Relocate Start    Relocate End   
[158.618s][info][gc,alloc    ] GC(36) Y: Allocation Stalls:          0                0                0                0         
[158.619s][info][gc,load     ] GC(36) Y: Load: 0.00 (0%) / 0.00 (0%) / 0.00 (0%)
[158.619s][info][gc,mmu      ] GC(36) Y: MMU: 2ms/97.3%, 5ms/98.9%, 10ms/99.3%, 20ms/99.6%, 50ms/99.8%, 100ms/99.9%
[158.619s][info][gc,marking  ] GC(36) Y: Mark: 4 stripe(s), 3 proactive flush(es), 1 terminate flush(es), 0 completion(s), 0 continuation(s) 
[158.619s][info][gc,nmethod  ] GC(36) Y: NMethods: 5749 registered, 2740 unregistered
[158.619s][info][gc,metaspace] GC(36) Y: Metaspace: 152M used, 154M committed, 1216M reserved
[158.619s][info][gc,reloc    ] GC(36) Y:                        Candidates     Selected     In-Place         Size        Empty    Relocated 
[158.619s][info][gc,reloc    ] GC(36) Y: Small Pages:                    3            0            0           6M           4M           0M 
[158.619s][info][gc,reloc    ] GC(36) Y: Medium Pages:                   0            0            0           0M           0M           0M 
[158.619s][info][gc,reloc    ] GC(36) Y: Large Pages:                    0            0            0           0M           0M           0M 
[158.619s][info][gc,reloc    ] GC(36) Y: Forwarding Usage: 0M
[158.619s][info][gc,reloc    ] GC(36) Y: Age Table:
[158.619s][info][gc,reloc    ] GC(36) Y:                    Live             Garbage             Small              Medium             Large        
[158.619s][info][gc,reloc    ] GC(36) Y: Eden               0M (0%)            5M (0%)           3 / 0              0 / 0              0 / 0        
[158.619s][info][gc,heap     ] GC(36) Y: Min Capacity: 8M(0%)
[158.619s][info][gc,heap     ] GC(36) Y: Max Capacity: 4096M(100%)
[158.619s][info][gc,heap     ] GC(36) Y: Soft Max Capacity: 4096M(100%)
[158.619s][info][gc,heap     ] GC(36) Y: Heap Statistics:
[158.619s][info][gc,heap     ] GC(36) Y:                Mark Start          Mark End        Relocate Start      Relocate End           High               Low         
[158.619s][info][gc,heap     ] GC(36) Y:  Capacity:     3864M (94%)        3864M (94%)        3864M (94%)        3864M (94%)        3864M (94%)        3864M (94%)    
[158.619s][info][gc,heap     ] GC(36) Y:      Free:     3562M (87%)        3552M (87%)        3556M (87%)        3556M (87%)        3562M (87%)        3552M (87%)    
[158.619s][info][gc,heap     ] GC(36) Y:      Used:      534M (13%)         544M (13%)         540M (13%)         540M (13%)         544M (13%)         534M (13%)    
[158.619s][info][gc,heap     ] GC(36) Y: Young Generation Statistics:
[158.619s][info][gc,heap     ] GC(36) Y:                Mark Start          Mark End        Relocate Start      Relocate End    
[158.619s][info][gc,heap     ] GC(36) Y:      Used:        6M (0%)           16M (0%)           12M (0%)           12M (0%)     
[158.619s][info][gc,heap     ] GC(36) Y:      Live:         -                 0M (0%)            0M (0%)            0M (0%)     
[158.619s][info][gc,heap     ] GC(36) Y:   Garbage:         -                 5M (0%)            1M (0%)            1M (0%)     
[158.619s][info][gc,heap     ] GC(36) Y: Allocated:         -                10M (0%)           10M (0%)           10M (0%)     
[158.619s][info][gc,heap     ] GC(36) Y: Reclaimed:         -                  -                 4M (0%)            4M (0%)     
[158.619s][info][gc,heap     ] GC(36) Y:  Promoted:         -                  -                 0M (0%)            0M (0%)     
[158.619s][info][gc,heap     ] GC(36) Y: Compacted:         -                  -                  -                 0M (0%)     
[158.619s][info][gc,phases   ] GC(36) Y: Young Generation (Collect Roots) 534M(13%)->540M(13%) 0.005s
[158.619s][info][gc,phases   ] GC(36) O: Old Generation
[158.786s][info][gc,phases   ] GC(36) O: Concurrent Mark 166.893ms
[158.786s][info][gc,phases   ] GC(36) O: Pause Mark End 0.015ms
[158.786s][info][safepoint   ] Safepoint "ZMarkEndOld", Time since last: 167324000 ns, Reaching safepoint: 3400 ns, At safepoint: 37000 ns, Leaving safepoint: 3600 ns, Total: 44000 ns, Threads: 0 runnable, 55 total
[158.786s][info][gc,phases   ] GC(36) O: Concurrent Mark Free 0.002ms
[158.789s][info][gc,phases   ] GC(36) O: Concurrent Process Non-Strong 2.887ms
[158.789s][info][gc,phases   ] GC(36) O: Concurrent Reset Relocation Set 0.001ms
[158.789s][info][gc,phases   ] GC(36) O: Concurrent Select Relocation Set 0.062ms
[158.789s][info][gc,task     ] GC(36) O: Using 4 Workers for Old Generation
[158.792s][info][gc,task     ] GC(36) O: Using 4 Workers for Old Generation
[158.792s][info][gc,phases   ] GC(36) O: Concurrent Remap Roots 3.321ms
[158.792s][info][gc,phases   ] GC(36) O: Pause Relocate Start 0.010ms
[158.792s][info][safepoint   ] Safepoint "ZRelocateStartOld", Time since last: 6376900 ns, Reaching safepoint: 13200 ns, At safepoint: 29000 ns, Leaving safepoint: 3800 ns, Total: 46000 ns, Threads: 1 runnable, 55 total
[158.794s][info][gc,phases   ] GC(36) O: Concurrent Relocate 1.810ms
[158.794s][info][gc,alloc    ] GC(36) O:                         Mark Start        Mark End      Relocate Start    Relocate End   
[158.794s][info][gc,alloc    ] GC(36) O: Allocation Stalls:          0                0                0                0         
[158.794s][info][gc,load     ] GC(36) O: Load: 0.00 (0%) / 0.00 (0%) / 0.00 (0%)
[158.794s][info][gc,mmu      ] GC(36) O: MMU: 2ms/97.3%, 5ms/98.9%, 10ms/99.3%, 20ms/99.6%, 50ms/99.8%, 100ms/99.9%
[158.794s][info][gc,marking  ] GC(36) O: Mark: 4 stripe(s), 4 proactive flush(es), 1 terminate flush(es), 0 completion(s), 0 continuation(s) 
[158.794s][info][gc,nmethod  ] GC(36) O: NMethods: 5740 registered, 2749 unregistered
[158.794s][info][gc,metaspace] GC(36) O: Metaspace: 152M used, 154M committed, 1216M reserved
[158.794s][info][gc,ref      ] GC(36) O:                       Encountered   Discovered     Enqueued 
[158.794s][info][gc,ref      ] GC(36) O: Soft References:             5380            0            0 
[158.794s][info][gc,ref      ] GC(36) O: Weak References:            36582        18635            0 
[158.794s][info][gc,ref      ] GC(36) O: Final References:              55            0            0 
[158.794s][info][gc,ref      ] GC(36) O: Phantom References:          1233          375            0 
[158.794s][info][gc,reloc    ] GC(36) O:                        Candidates     Selected     In-Place         Size        Empty    Relocated 
[158.794s][info][gc,reloc    ] GC(36) O: Small Pages:                  242            9            0         484M           0M           2M 
[158.794s][info][gc,reloc    ] GC(36) O: Medium Pages:                   1            0            0          32M           0M           0M 
[158.794s][info][gc,reloc    ] GC(36) O: Large Pages:                    1            0            0          12M           0M           0M 
[158.794s][info][gc,reloc    ] GC(36) O: Forwarding Usage: 1M
[158.794s][info][gc,heap     ] GC(36) O: Min Capacity: 8M(0%)
[158.794s][info][gc,heap     ] GC(36) O: Max Capacity: 4096M(100%)
[158.794s][info][gc,heap     ] GC(36) O: Soft Max Capacity: 4096M(100%)
[158.794s][info][gc,heap     ] GC(36) O: Heap Statistics:
[158.794s][info][gc,heap     ] GC(36) O:                Mark Start          Mark End        Relocate Start      Relocate End           High               Low         
[158.794s][info][gc,heap     ] GC(36) O:  Capacity:     3864M (94%)        3864M (94%)        3864M (94%)        3864M (94%)        3864M (94%)        3864M (94%)    
[158.794s][info][gc,heap     ] GC(36) O:      Free:     3562M (87%)        3522M (86%)        3520M (86%)        3530M (86%)        3562M (87%)        3508M (86%)    
[158.794s][info][gc,heap     ] GC(36) O:      Used:      534M (13%)         574M (14%)         576M (14%)         566M (14%)         588M (14%)         534M (13%)    
[158.794s][info][gc,heap     ] GC(36) O: Old Generation Statistics:
[158.794s][info][gc,heap     ] GC(36) O:                Mark Start          Mark End        Relocate Start      Relocate End    
[158.794s][info][gc,heap     ] GC(36) O:      Used:      528M (13%)         528M (13%)         528M (13%)         518M (13%)    
[158.794s][info][gc,heap     ] GC(36) O:      Live:         -               486M (12%)         486M (12%)         486M (12%)    
[158.794s][info][gc,heap     ] GC(36) O:   Garbage:         -                41M (1%)           41M (1%)           22M (1%)     
[158.794s][info][gc,heap     ] GC(36) O: Allocated:         -                 0M (0%)            0M (0%)            8M (0%)     
[158.794s][info][gc,heap     ] GC(36) O: Reclaimed:         -                  -                 0M (0%)           18M (0%)     
[158.794s][info][gc,heap     ] GC(36) O: Compacted:         -                  -                  -                 3M (0%)     
[158.794s][info][gc,phases   ] GC(36) O: Old Generation 540M(13%)->566M(14%) 0.175s
[158.794s][info][gc          ] GC(36) Major Collection (System.gc()) 1490M(36%)->566M(14%) 0.187s
[163.795s][info][gc          ] GC(37) Major Collection (System.gc())
[163.795s][info][gc,task     ] GC(37) Using 4 Workers for Young Generation
[163.795s][info][gc,task     ] GC(37) Using 4 Workers for Old Generation
[163.795s][info][gc,phases   ] GC(37) Y: Young Generation (Promote All)
[163.795s][info][gc,phases   ] GC(37) Y: Pause Mark Start 0.011ms
[163.796s][info][safepoint   ] Safepoint "ZMarkStartYoung", Time since last: 5003274200 ns, Reaching safepoint: 4900 ns, At safepoint: 32700 ns, Leaving safepoint: 3800 ns, Total: 41400 ns, Threads: 0 runnable, 55 total
[163.801s][info][gc,phases   ] GC(37) Y: Concurrent Mark 5.094ms
[163.801s][info][gc,phases   ] GC(37) Y: Pause Mark End 0.010ms
[163.801s][info][safepoint   ] Safepoint "ZMarkEndYoung", Time since last: 5142100 ns, Reaching safepoint: 2100 ns, At safepoint: 31100 ns, Leaving safepoint: 3900 ns, Total: 37100 ns, Threads: 0 runnable, 55 total
[163.801s][info][gc,phases   ] GC(37) Y: Concurrent Mark Free 0.002ms
[163.801s][info][gc,phases   ] GC(37) Y: Concurrent Reset Relocation Set 0.000ms
[163.801s][info][gc,reloc    ] GC(37) Y: Using tenuring threshold: 0 (Promote All)
[163.801s][info][gc,phases   ] GC(37) Y: Concurrent Select Relocation Set 0.232ms
[163.801s][info][gc,phases   ] GC(37) Y: Pause Relocate Start 0.005ms
[163.801s][info][safepoint   ] Safepoint "ZRelocateStartYoung", Time since last: 303000 ns, Reaching safepoint: 1300 ns, At safepoint: 16500 ns, Leaving safepoint: 4700 ns, Total: 22500 ns, Threads: 1 runnable, 55 total
[163.802s][info][gc,phases   ] GC(37) Y: Concurrent Relocate 0.618ms
[163.802s][info][gc,alloc    ] GC(37) Y:                         Mark Start        Mark End      Relocate Start    Relocate End   
[163.802s][info][gc,alloc    ] GC(37) Y: Allocation Stalls:          0                0                0                0         
[163.802s][info][gc,load     ] GC(37) Y: Load: 0.00 (0%) / 0.00 (0%) / 0.00 (0%)
[163.802s][info][gc,mmu      ] GC(37) Y: MMU: 2ms/97.3%, 5ms/98.9%, 10ms/99.3%, 20ms/99.6%, 50ms/99.8%, 100ms/99.9%
[163.802s][info][gc,marking  ] GC(37) Y: Mark: 4 stripe(s), 2 proactive flush(es), 1 terminate flush(es), 0 completion(s), 0 continuation(s) 
[163.802s][info][gc,nmethod  ] GC(37) Y: NMethods: 5746 registered, 2749 unregistered
[163.802s][info][gc,metaspace] GC(37) Y: Metaspace: 152M used, 154M committed, 1216M reserved
[163.802s][info][gc,reloc    ] GC(37) Y:                        Candidates     Selected     In-Place         Size        Empty    Relocated 
[163.802s][info][gc,reloc    ] GC(37) Y: Small Pages:                  467           61            0         934M         810M           0M 
[163.802s][info][gc,reloc    ] GC(37) Y: Medium Pages:                   0            0            0           0M           0M           0M 
[163.802s][info][gc,reloc    ] GC(37) Y: Large Pages:                    0            0            0           0M           0M           0M 
[163.802s][info][gc,reloc    ] GC(37) Y: Forwarding Usage: 0M
[163.802s][info][gc,reloc    ] GC(37) Y: Age Table:
[163.802s][info][gc,reloc    ] GC(37) Y:                    Live             Garbage             Small              Medium             Large        
[163.802s][info][gc,reloc    ] GC(37) Y: Eden               0M (0%)          931M (23%)        466 / 61             0 / 0              0 / 0        
[163.802s][info][gc,reloc    ] GC(37) Y: Survivor 1          -                 2M (0%)           1 / 0              0 / 0              0 / 0        
[163.802s][info][gc,heap     ] GC(37) Y: Min Capacity: 8M(0%)
[163.802s][info][gc,heap     ] GC(37) Y: Max Capacity: 4096M(100%)
[163.802s][info][gc,heap     ] GC(37) Y: Soft Max Capacity: 4096M(100%)
[163.802s][info][gc,heap     ] GC(37) Y: Heap Statistics:
[163.802s][info][gc,heap     ] GC(37) Y:                Mark Start          Mark End        Relocate Start      Relocate End           High               Low         
[163.802s][info][gc,heap     ] GC(37) Y:  Capacity:     3864M (94%)        3864M (94%)        3864M (94%)        3864M (94%)        3864M (94%)        3864M (94%)    
[163.802s][info][gc,heap     ] GC(37) Y:      Free:     2644M (65%)        2638M (64%)        3446M (84%)        3562M (87%)        3562M (87%)        2636M (64%)    
[163.802s][info][gc,heap     ] GC(37) Y:      Used:     1452M (35%)        1458M (36%)         650M (16%)         534M (13%)        1460M (36%)         534M (13%)    
[163.802s][info][gc,heap     ] GC(37) Y: Young Generation Statistics:
[163.802s][info][gc,heap     ] GC(37) Y:                Mark Start          Mark End        Relocate Start      Relocate End    
[163.802s][info][gc,heap     ] GC(37) Y:      Used:      934M (23%)         940M (23%)         132M (3%)            8M (0%)     
[163.802s][info][gc,heap     ] GC(37) Y:      Live:         -                 0M (0%)            0M (0%)            0M (0%)     
[163.802s][info][gc,heap     ] GC(37) Y:   Garbage:         -               933M (23%)         123M (3%)            0M (0%)     
[163.802s][info][gc,heap     ] GC(37) Y: Allocated:         -                 6M (0%)            8M (0%)            8M (0%)     
[163.802s][info][gc,heap     ] GC(37) Y: Reclaimed:         -                  -               810M (20%)         933M (23%)    
[163.802s][info][gc,heap     ] GC(37) Y:  Promoted:         -                  -                 0M (0%)            0M (0%)     
[163.802s][info][gc,heap     ] GC(37) Y: Compacted:         -                  -                  -                 0M (0%)     
[163.802s][info][gc,phases   ] GC(37) Y: Young Generation (Promote All) 1452M(35%)->534M(13%) 0.006s
[163.802s][info][gc,phases   ] GC(37) Y: Young Generation (Collect Roots)
[163.802s][info][gc,phases   ] GC(37) Y: Pause Mark Start (Major) 0.008ms
[163.802s][info][safepoint   ] Safepoint "ZMarkStartYoungAndOld", Time since last: 916600 ns, Reaching safepoint: 1900 ns, At safepoint: 27400 ns, Leaving safepoint: 3500 ns, Total: 32800 ns, Threads: 0 runnable, 55 total
[163.806s][info][gc,phases   ] GC(37) Y: Concurrent Mark 4.184ms
[163.806s][info][gc,phases   ] GC(37) Y: Pause Mark End 0.008ms
[163.806s][info][safepoint   ] Safepoint "ZMarkEndYoung", Time since last: 4226100 ns, Reaching safepoint: 2000 ns, At safepoint: 28100 ns, Leaving safepoint: 3700 ns, Total: 33800 ns, Threads: 0 runnable, 55 total
[163.806s][info][gc,phases   ] GC(37) Y: Concurrent Mark Free 0.001ms
[163.806s][info][gc,phases   ] GC(37) Y: Concurrent Reset Relocation Set 0.001ms
[163.806s][info][gc,reloc    ] GC(37) Y: Using tenuring threshold: 1 (Computed)
[163.806s][info][gc,phases   ] GC(37) Y: Concurrent Select Relocation Set 0.133ms
[163.806s][info][gc,phases   ] GC(37) Y: Pause Relocate Start 0.004ms
[163.806s][info][safepoint   ] Safepoint "ZRelocateStartYoung", Time since last: 194100 ns, Reaching safepoint: 1100 ns, At safepoint: 14500 ns, Leaving safepoint: 3200 ns, Total: 18800 ns, Threads: 0 runnable, 55 total
[163.807s][info][gc,phases   ] GC(37) Y: Concurrent Relocate 0.051ms
[163.807s][info][gc,alloc    ] GC(37) Y:                         Mark Start        Mark End      Relocate Start    Relocate End   
[163.807s][info][gc,alloc    ] GC(37) Y: Allocation Stalls:          0                0                0                0         
[163.807s][info][gc,load     ] GC(37) Y: Load: 0.00 (0%) / 0.00 (0%) / 0.00 (0%)
[163.807s][info][gc,mmu      ] GC(37) Y: MMU: 2ms/97.3%, 5ms/98.9%, 10ms/99.3%, 20ms/99.6%, 50ms/99.8%, 100ms/99.9%
[163.807s][info][gc,marking  ] GC(37) Y: Mark: 4 stripe(s), 3 proactive flush(es), 1 terminate flush(es), 0 completion(s), 0 continuation(s) 
[163.807s][info][gc,nmethod  ] GC(37) Y: NMethods: 5746 registered, 2749 unregistered
[163.807s][info][gc,metaspace] GC(37) Y: Metaspace: 152M used, 154M committed, 1216M reserved
[163.807s][info][gc,reloc    ] GC(37) Y:                        Candidates     Selected     In-Place         Size        Empty    Relocated 
[163.807s][info][gc,reloc    ] GC(37) Y: Small Pages:                    4            0            0           8M           6M           0M 
[163.807s][info][gc,reloc    ] GC(37) Y: Medium Pages:                   0            0            0           0M           0M           0M 
[163.807s][info][gc,reloc    ] GC(37) Y: Large Pages:                    0            0            0           0M           0M           0M 
[163.807s][info][gc,reloc    ] GC(37) Y: Forwarding Usage: 0M
[163.807s][info][gc,reloc    ] GC(37) Y: Age Table:
[163.807s][info][gc,reloc    ] GC(37) Y:                    Live             Garbage             Small              Medium             Large        
[163.807s][info][gc,reloc    ] GC(37) Y: Eden               0M (0%)            7M (0%)           4 / 0              0 / 0              0 / 0        
[163.807s][info][gc,heap     ] GC(37) Y: Min Capacity: 8M(0%)
[163.807s][info][gc,heap     ] GC(37) Y: Max Capacity: 4096M(100%)
[163.807s][info][gc,heap     ] GC(37) Y: Soft Max Capacity: 4096M(100%)
[163.807s][info][gc,heap     ] GC(37) Y: Heap Statistics:
[163.807s][info][gc,heap     ] GC(37) Y:                Mark Start          Mark End        Relocate Start      Relocate End           High               Low         
[163.807s][info][gc,heap     ] GC(37) Y:  Capacity:     3864M (94%)        3864M (94%)        3864M (94%)        3864M (94%)        3864M (94%)        3864M (94%)    
[163.807s][info][gc,heap     ] GC(37) Y:      Free:     3562M (87%)        3556M (87%)        3562M (87%)        3562M (87%)        3562M (87%)        3556M (87%)    
[163.807s][info][gc,heap     ] GC(37) Y:      Used:      534M (13%)         540M (13%)         534M (13%)         534M (13%)         540M (13%)         534M (13%)    
[163.807s][info][gc,heap     ] GC(37) Y: Young Generation Statistics:
[163.807s][info][gc,heap     ] GC(37) Y:                Mark Start          Mark End        Relocate Start      Relocate End    
[163.807s][info][gc,heap     ] GC(37) Y:      Used:        8M (0%)           14M (0%)            8M (0%)            8M (0%)     
[163.807s][info][gc,heap     ] GC(37) Y:      Live:         -                 0M (0%)            0M (0%)            0M (0%)     
[163.807s][info][gc,heap     ] GC(37) Y:   Garbage:         -                 7M (0%)            1M (0%)            1M (0%)     
[163.807s][info][gc,heap     ] GC(37) Y: Allocated:         -                 6M (0%)            6M (0%)            6M (0%)     
[163.807s][info][gc,heap     ] GC(37) Y: Reclaimed:         -                  -                 6M (0%)            6M (0%)     
[163.807s][info][gc,heap     ] GC(37) Y:  Promoted:         -                  -                 0M (0%)            0M (0%)     
[163.807s][info][gc,heap     ] GC(37) Y: Compacted:         -                  -                  -                 0M (0%)     
[163.807s][info][gc,phases   ] GC(37) Y: Young Generation (Collect Roots) 534M(13%)->534M(13%) 0.005s
[163.807s][info][gc,phases   ] GC(37) O: Old Generation
[163.971s][info][gc,phases   ] GC(37) O: Concurrent Mark 164.486ms
[163.971s][info][gc,phases   ] GC(37) O: Pause Mark End 0.014ms
[163.971s][info][safepoint   ] Safepoint "ZMarkEndOld", Time since last: 164898200 ns, Reaching safepoint: 3100 ns, At safepoint: 36600 ns, Leaving safepoint: 2800 ns, Total: 42500 ns, Threads: 0 runnable, 55 total
[163.971s][info][gc,phases   ] GC(37) O: Concurrent Mark Free 0.003ms
[163.974s][info][gc,phases   ] GC(37) O: Concurrent Process Non-Strong 2.864ms
[163.974s][info][gc,phases   ] GC(37) O: Concurrent Reset Relocation Set 0.001ms
[163.974s][info][gc,phases   ] GC(37) O: Concurrent Select Relocation Set 0.090ms
[163.974s][info][gc,task     ] GC(37) O: Using 4 Workers for Old Generation
[163.978s][info][gc,task     ] GC(37) O: Using 4 Workers for Old Generation
[163.978s][info][gc,phases   ] GC(37) O: Concurrent Remap Roots 3.402ms
[163.978s][info][gc,phases   ] GC(37) O: Pause Relocate Start 0.009ms
[163.978s][info][safepoint   ] Safepoint "ZRelocateStartOld", Time since last: 6472300 ns, Reaching safepoint: 2300 ns, At safepoint: 29800 ns, Leaving safepoint: 2300 ns, Total: 34400 ns, Threads: 0 runnable, 55 total
[163.980s][info][gc,phases   ] GC(37) O: Concurrent Relocate 1.627ms
[163.980s][info][gc,alloc    ] GC(37) O:                         Mark Start        Mark End      Relocate Start    Relocate End   
[163.980s][info][gc,alloc    ] GC(37) O: Allocation Stalls:          0                0                0                0         
[163.980s][info][gc,load     ] GC(37) O: Load: 0.00 (0%) / 0.00 (0%) / 0.00 (0%)
[163.980s][info][gc,mmu      ] GC(37) O: MMU: 2ms/97.3%, 5ms/98.9%, 10ms/99.3%, 20ms/99.6%, 50ms/99.8%, 100ms/99.9%
[163.980s][info][gc,marking  ] GC(37) O: Mark: 4 stripe(s), 3 proactive flush(es), 1 terminate flush(es), 0 completion(s), 0 continuation(s) 
[163.980s][info][gc,nmethod  ] GC(37) O: NMethods: 5741 registered, 2755 unregistered
[163.980s][info][gc,metaspace] GC(37) O: Metaspace: 152M used, 154M committed, 1216M reserved
[163.980s][info][gc,ref      ] GC(37) O:                       Encountered   Discovered     Enqueued 
[163.980s][info][gc,ref      ] GC(37) O: Soft References:             5380            0            0 
[163.980s][info][gc,ref      ] GC(37) O: Weak References:            36582        11930            0 
[163.980s][info][gc,ref      ] GC(37) O: Final References:              55           32            0 
[163.980s][info][gc,ref      ] GC(37) O: Phantom References:          1233          117            0 
[163.980s][info][gc,reloc    ] GC(37) O:                        Candidates     Selected     In-Place         Size        Empty    Relocated 
[163.980s][info][gc,reloc    ] GC(37) O: Small Pages:                  241            8            0         482M           0M           2M 
[163.980s][info][gc,reloc    ] GC(37) O: Medium Pages:                   1            0            0          32M           0M           0M 
[163.980s][info][gc,reloc    ] GC(37) O: Large Pages:                    1            0            0          12M           0M           0M 
[163.980s][info][gc,reloc    ] GC(37) O: Forwarding Usage: 1M
[163.980s][info][gc,heap     ] GC(37) O: Min Capacity: 8M(0%)
[163.980s][info][gc,heap     ] GC(37) O: Max Capacity: 4096M(100%)
[163.980s][info][gc,heap     ] GC(37) O: Soft Max Capacity: 4096M(100%)
[163.980s][info][gc,heap     ] GC(37) O: Heap Statistics:
[163.980s][info][gc,heap     ] GC(37) O:                Mark Start          Mark End        Relocate Start      Relocate End           High               Low         
[163.980s][info][gc,heap     ] GC(37) O:  Capacity:     3864M (94%)        3864M (94%)        3864M (94%)        3864M (94%)        3864M (94%)        3864M (94%)    
[163.980s][info][gc,heap     ] GC(37) O:      Free:     3562M (87%)        3524M (86%)        3524M (86%)        3534M (86%)        3562M (87%)        3514M (86%)    
[163.980s][info][gc,heap     ] GC(37) O:      Used:      534M (13%)         572M (14%)         572M (14%)         562M (14%)         582M (14%)         534M (13%)    
[163.980s][info][gc,heap     ] GC(37) O: Old Generation Statistics:
[163.980s][info][gc,heap     ] GC(37) O:                Mark Start          Mark End        Relocate Start      Relocate End    
[163.980s][info][gc,heap     ] GC(37) O:      Used:      526M (13%)         526M (13%)         526M (13%)         516M (13%)    
[163.980s][info][gc,heap     ] GC(37) O:      Live:         -               486M (12%)         486M (12%)         486M (12%)    
[163.980s][info][gc,heap     ] GC(37) O:   Garbage:         -                39M (1%)           39M (1%)           22M (1%)     
[163.980s][info][gc,heap     ] GC(37) O: Allocated:         -                 0M (0%)            0M (0%)            6M (0%)     
[163.980s][info][gc,heap     ] GC(37) O: Reclaimed:         -                  -                 0M (0%)           16M (0%)     
[163.980s][info][gc,heap     ] GC(37) O: Compacted:         -                  -                  -                 3M (0%)     
[163.980s][info][gc,phases   ] GC(37) O: Old Generation 534M(13%)->562M(14%) 0.173s
[163.980s][info][gc          ] GC(37) Major Collection (System.gc()) 1452M(35%)->562M(14%) 0.184s
[168.981s][info][gc          ] GC(38) Major Collection (System.gc())
[168.981s][info][gc,task     ] GC(38) Using 4 Workers for Young Generation
[168.981s][info][gc,task     ] GC(38) Using 4 Workers for Old Generation
[168.981s][info][gc,phases   ] GC(38) Y: Young Generation (Promote All)
[168.981s][info][gc,phases   ] GC(38) Y: Pause Mark Start 0.011ms
[168.981s][info][safepoint   ] Safepoint "ZMarkStartYoung", Time since last: 5003146600 ns, Reaching safepoint: 7600 ns, At safepoint: 33100 ns, Leaving safepoint: 9000 ns, Total: 49700 ns, Threads: 1 runnable, 69 total
[168.988s][info][gc,phases   ] GC(38) Y: Concurrent Mark 7.205ms
[168.988s][info][gc,phases   ] GC(38) Y: Pause Mark End 0.009ms
[168.988s][info][safepoint   ] Safepoint "ZMarkEndYoung", Time since last: 7258000 ns, Reaching safepoint: 2800 ns, At safepoint: 30600 ns, Leaving safepoint: 9600 ns, Total: 43000 ns, Threads: 1 runnable, 69 total
[168.988s][info][gc,phases   ] GC(38) Y: Concurrent Mark Free 0.002ms
[168.988s][info][gc,phases   ] GC(38) Y: Concurrent Reset Relocation Set 0.000ms
[168.989s][info][gc,reloc    ] GC(38) Y: Using tenuring threshold: 0 (Promote All)
[168.989s][info][gc,phases   ] GC(38) Y: Concurrent Select Relocation Set 0.428ms
[168.989s][info][gc,phases   ] GC(38) Y: Pause Relocate Start 0.007ms
[168.989s][info][safepoint   ] Safepoint "ZRelocateStartYoung", Time since last: 501500 ns, Reaching safepoint: 4300 ns, At safepoint: 21700 ns, Leaving safepoint: 10700 ns, Total: 36700 ns, Threads: 1 runnable, 69 total
[168.990s][info][gc,phases   ] GC(38) Y: Concurrent Relocate 0.982ms
[168.990s][info][gc,alloc    ] GC(38) Y:                         Mark Start        Mark End      Relocate Start    Relocate End   
[168.990s][info][gc,alloc    ] GC(38) Y: Allocation Stalls:          0                0                0                0         
[168.990s][info][gc,load     ] GC(38) Y: Load: 0.00 (0%) / 0.00 (0%) / 0.00 (0%)
[168.990s][info][gc,mmu      ] GC(38) Y: MMU: 2ms/97.3%, 5ms/98.9%, 10ms/99.3%, 20ms/99.6%, 50ms/99.8%, 100ms/99.9%
[168.990s][info][gc,marking  ] GC(38) Y: Mark: 4 stripe(s), 2 proactive flush(es), 1 terminate flush(es), 0 completion(s), 0 continuation(s) 
[168.990s][info][gc,nmethod  ] GC(38) Y: NMethods: 7168 registered, 2755 unregistered
[168.990s][info][gc,metaspace] GC(38) Y: Metaspace: 153M used, 154M committed, 1216M reserved
[168.990s][info][gc,reloc    ] GC(38) Y:                        Candidates     Selected     In-Place         Size        Empty    Relocated 
[168.990s][info][gc,reloc    ] GC(38) Y: Small Pages:                  497           75            0         994M         842M           0M 
[168.990s][info][gc,reloc    ] GC(38) Y: Medium Pages:                   1            0            0          32M          32M           0M 
[168.990s][info][gc,reloc    ] GC(38) Y: Large Pages:                    0            0            0           0M           0M           0M 
[168.990s][info][gc,reloc    ] GC(38) Y: Forwarding Usage: 0M
[168.990s][info][gc,reloc    ] GC(38) Y: Age Table:
[168.990s][info][gc,reloc    ] GC(38) Y:                    Live             Garbage             Small              Medium             Large        
[168.990s][info][gc,reloc    ] GC(38) Y: Eden               0M (0%)         1023M (25%)        496 / 75             1 / 0              0 / 0        
[168.990s][info][gc,reloc    ] GC(38) Y: Survivor 1          -                 2M (0%)           1 / 0              0 / 0              0 / 0        
[168.990s][info][gc,heap     ] GC(38) Y: Min Capacity: 8M(0%)
[168.990s][info][gc,heap     ] GC(38) Y: Max Capacity: 4096M(100%)
[168.990s][info][gc,heap     ] GC(38) Y: Soft Max Capacity: 4096M(100%)
[168.990s][info][gc,heap     ] GC(38) Y: Heap Statistics:
[168.990s][info][gc,heap     ] GC(38) Y:                Mark Start          Mark End        Relocate Start      Relocate End           High               Low         
[168.990s][info][gc,heap     ] GC(38) Y:  Capacity:     3864M (94%)        3864M (94%)        3864M (94%)        3864M (94%)        3864M (94%)        3864M (94%)    
[168.990s][info][gc,heap     ] GC(38) Y:      Free:     2554M (62%)        2548M (62%)        3422M (84%)        3564M (87%)        3564M (87%)        2548M (62%)    
[168.990s][info][gc,heap     ] GC(38) Y:      Used:     1542M (38%)        1548M (38%)         674M (16%)         532M (13%)        1548M (38%)         532M (13%)    
[168.990s][info][gc,heap     ] GC(38) Y: Young Generation Statistics:
[168.990s][info][gc,heap     ] GC(38) Y:                Mark Start          Mark End        Relocate Start      Relocate End    
[168.990s][info][gc,heap     ] GC(38) Y:      Used:     1026M (25%)        1032M (25%)         158M (4%)            6M (0%)     
[168.990s][info][gc,heap     ] GC(38) Y:      Live:         -                 0M (0%)            0M (0%)            0M (0%)     
[168.990s][info][gc,heap     ] GC(38) Y:   Garbage:         -              1025M (25%)         151M (4%)            0M (0%)     
[168.990s][info][gc,heap     ] GC(38) Y: Allocated:         -                 6M (0%)            6M (0%)            6M (0%)     
[168.990s][info][gc,heap     ] GC(38) Y: Reclaimed:         -                  -               874M (21%)        1025M (25%)    
[168.990s][info][gc,heap     ] GC(38) Y:  Promoted:         -                  -                 0M (0%)            0M (0%)     
[168.990s][info][gc,heap     ] GC(38) Y: Compacted:         -                  -                  -                 0M (0%)     
[168.990s][info][gc,phases   ] GC(38) Y: Young Generation (Promote All) 1542M(38%)->532M(13%) 0.009s
[168.990s][info][gc,phases   ] GC(38) Y: Young Generation (Collect Roots)
[168.990s][info][gc,phases   ] GC(38) Y: Pause Mark Start (Major) 0.011ms
[168.990s][info][safepoint   ] Safepoint "ZMarkStartYoungAndOld", Time since last: 1452500 ns, Reaching safepoint: 4400 ns, At safepoint: 31100 ns, Leaving safepoint: 13600 ns, Total: 49100 ns, Threads: 2 runnable, 69 total
[168.995s][info][gc,phases   ] GC(38) Y: Concurrent Mark 4.948ms
[168.995s][info][gc,phases   ] GC(38) Y: Pause Mark End 0.010ms
[168.995s][info][safepoint   ] Safepoint "ZMarkEndYoung", Time since last: 5001500 ns, Reaching safepoint: 2800 ns, At safepoint: 33300 ns, Leaving safepoint: 4600 ns, Total: 40700 ns, Threads: 0 runnable, 69 total
[168.995s][info][gc,phases   ] GC(38) Y: Concurrent Mark Free 0.002ms
[168.996s][info][gc,phases   ] GC(38) Y: Concurrent Reset Relocation Set 0.001ms
[168.996s][info][gc,reloc    ] GC(38) Y: Using tenuring threshold: 1 (Computed)
[168.996s][info][gc,phases   ] GC(38) Y: Concurrent Select Relocation Set 0.139ms
[168.996s][info][gc,phases   ] GC(38) Y: Pause Relocate Start 0.008ms
[168.996s][info][safepoint   ] Safepoint "ZRelocateStartYoung", Time since last: 230300 ns, Reaching safepoint: 3300 ns, At safepoint: 27800 ns, Leaving safepoint: 8000 ns, Total: 39100 ns, Threads: 0 runnable, 69 total
[168.996s][info][gc,phases   ] GC(38) Y: Concurrent Relocate 0.053ms
[168.996s][info][gc,alloc    ] GC(38) Y:                         Mark Start        Mark End      Relocate Start    Relocate End   
[168.996s][info][gc,alloc    ] GC(38) Y: Allocation Stalls:          0                0                0                0         
[168.996s][info][gc,load     ] GC(38) Y: Load: 0.00 (0%) / 0.00 (0%) / 0.00 (0%)
[168.996s][info][gc,mmu      ] GC(38) Y: MMU: 2ms/97.3%, 5ms/98.9%, 10ms/99.3%, 20ms/99.6%, 50ms/99.8%, 100ms/99.9%
[168.996s][info][gc,marking  ] GC(38) Y: Mark: 4 stripe(s), 3 proactive flush(es), 1 terminate flush(es), 0 completion(s), 0 continuation(s) 
[168.996s][info][gc,nmethod  ] GC(38) Y: NMethods: 7197 registered, 2755 unregistered
[168.996s][info][gc,metaspace] GC(38) Y: Metaspace: 153M used, 154M committed, 1216M reserved
[168.996s][info][gc,reloc    ] GC(38) Y:                        Candidates     Selected     In-Place         Size        Empty    Relocated 
[168.996s][info][gc,reloc    ] GC(38) Y: Small Pages:                    3            0            0           6M           4M           0M 
[168.996s][info][gc,reloc    ] GC(38) Y: Medium Pages:                   0            0            0           0M           0M           0M 
[168.996s][info][gc,reloc    ] GC(38) Y: Large Pages:                    0            0            0           0M           0M           0M 
[168.996s][info][gc,reloc    ] GC(38) Y: Forwarding Usage: 0M
[168.996s][info][gc,reloc    ] GC(38) Y: Age Table:
[168.996s][info][gc,reloc    ] GC(38) Y:                    Live             Garbage             Small              Medium             Large        
[168.996s][info][gc,reloc    ] GC(38) Y: Eden               0M (0%)            5M (0%)           3 / 0              0 / 0              0 / 0        
[168.996s][info][gc,heap     ] GC(38) Y: Min Capacity: 8M(0%)
[168.996s][info][gc,heap     ] GC(38) Y: Max Capacity: 4096M(100%)
[168.996s][info][gc,heap     ] GC(38) Y: Soft Max Capacity: 4096M(100%)
[168.996s][info][gc,heap     ] GC(38) Y: Heap Statistics:
[168.996s][info][gc,heap     ] GC(38) Y:                Mark Start          Mark End        Relocate Start      Relocate End           High               Low         
[168.996s][info][gc,heap     ] GC(38) Y:  Capacity:     3864M (94%)        3864M (94%)        3864M (94%)        3864M (94%)        3864M (94%)        3864M (94%)    
[168.996s][info][gc,heap     ] GC(38) Y:      Free:     3564M (87%)        3558M (87%)        3562M (87%)        3562M (87%)        3564M (87%)        3558M (87%)    
[168.996s][info][gc,heap     ] GC(38) Y:      Used:      532M (13%)         538M (13%)         534M (13%)         534M (13%)         538M (13%)         532M (13%)    
[168.996s][info][gc,heap     ] GC(38) Y: Young Generation Statistics:
[168.996s][info][gc,heap     ] GC(38) Y:                Mark Start          Mark End        Relocate Start      Relocate End    
[168.996s][info][gc,heap     ] GC(38) Y:      Used:        6M (0%)           12M (0%)            8M (0%)            8M (0%)     
[168.996s][info][gc,heap     ] GC(38) Y:      Live:         -                 0M (0%)            0M (0%)            0M (0%)     
[168.996s][info][gc,heap     ] GC(38) Y:   Garbage:         -                 5M (0%)            1M (0%)            1M (0%)     
[168.996s][info][gc,heap     ] GC(38) Y: Allocated:         -                 6M (0%)            6M (0%)            6M (0%)     
[168.996s][info][gc,heap     ] GC(38) Y: Reclaimed:         -                  -                 4M (0%)            4M (0%)     
[168.996s][info][gc,heap     ] GC(38) Y:  Promoted:         -                  -                 0M (0%)            0M (0%)     
[168.996s][info][gc,heap     ] GC(38) Y: Compacted:         -                  -                  -                 0M (0%)     
[168.996s][info][gc,phases   ] GC(38) Y: Young Generation (Collect Roots) 532M(13%)->534M(13%) 0.005s
[168.996s][info][gc,phases   ] GC(38) O: Old Generation
[169.187s][info][gc,phases   ] GC(38) O: Concurrent Mark 190.941ms
[169.187s][info][gc,phases   ] GC(38) O: Pause Mark End 0.013ms
[169.187s][info][safepoint   ] Safepoint "ZMarkEndOld", Time since last: 191470500 ns, Reaching safepoint: 3400 ns, At safepoint: 35200 ns, Leaving safepoint: 3900 ns, Total: 42500 ns, Threads: 0 runnable, 69 total
[169.187s][info][gc,phases   ] GC(38) O: Concurrent Mark Free 0.002ms
[169.191s][info][gc,phases   ] GC(38) O: Concurrent Process Non-Strong 3.774ms
[169.191s][info][gc,phases   ] GC(38) O: Concurrent Reset Relocation Set 0.001ms
[169.191s][info][safepoint   ] Safepoint "CleanClassLoaderDataMetaspaces", Time since last: 3797600 ns, Reaching safepoint: 5600 ns, At safepoint: 61000 ns, Leaving safepoint: 7300 ns, Total: 73900 ns, Threads: 2 runnable, 69 total
[169.191s][info][gc,phases   ] GC(38) O: Concurrent Select Relocation Set 0.158ms
[169.191s][info][gc,task     ] GC(38) O: Using 4 Workers for Old Generation
[169.195s][info][gc,task     ] GC(38) O: Using 4 Workers for Old Generation
[169.195s][info][gc,phases   ] GC(38) O: Concurrent Remap Roots 3.715ms
[169.195s][info][gc,phases   ] GC(38) O: Pause Relocate Start 0.010ms
[169.195s][info][safepoint   ] Safepoint "ZRelocateStartOld", Time since last: 3882300 ns, Reaching safepoint: 3200 ns, At safepoint: 31600 ns, Leaving safepoint: 6500 ns, Total: 41300 ns, Threads: 1 runnable, 69 total
[169.196s][info][gc,phases   ] GC(38) O: Concurrent Relocate 0.548ms
[169.196s][info][gc,alloc    ] GC(38) O:                         Mark Start        Mark End      Relocate Start    Relocate End   
[169.196s][info][gc,alloc    ] GC(38) O: Allocation Stalls:          0                0                0                0         
[169.196s][info][gc,load     ] GC(38) O: Load: 0.00 (0%) / 0.00 (0%) / 0.00 (0%)
[169.196s][info][gc,mmu      ] GC(38) O: MMU: 2ms/97.3%, 5ms/98.9%, 10ms/99.3%, 20ms/99.6%, 50ms/99.8%, 100ms/99.9%
[169.196s][info][gc,marking  ] GC(38) O: Mark: 4 stripe(s), 2 proactive flush(es), 1 terminate flush(es), 0 completion(s), 0 continuation(s) 
[169.196s][info][gc,nmethod  ] GC(38) O: NMethods: 7577 registered, 2840 unregistered
[169.196s][info][gc,metaspace] GC(38) O: Metaspace: 153M used, 154M committed, 1216M reserved
[169.196s][info][gc,ref      ] GC(38) O:                       Encountered   Discovered     Enqueued 
[169.196s][info][gc,ref      ] GC(38) O: Soft References:             5380            0            0 
[169.196s][info][gc,ref      ] GC(38) O: Weak References:            36708        19370           40 
[169.196s][info][gc,ref      ] GC(38) O: Final References:              55            0            0 
[169.196s][info][gc,ref      ] GC(38) O: Phantom References:          1246         1060            5 
[169.196s][info][gc,reloc    ] GC(38) O:                        Candidates     Selected     In-Place         Size        Empty    Relocated 
[169.196s][info][gc,reloc    ] GC(38) O: Small Pages:                  241            7            0         482M           0M           1M 
[169.196s][info][gc,reloc    ] GC(38) O: Medium Pages:                   1            0            0          32M           0M           0M 
[169.196s][info][gc,reloc    ] GC(38) O: Large Pages:                    1            0            0          12M           0M           0M 
[169.196s][info][gc,reloc    ] GC(38) O: Forwarding Usage: 0M
[169.196s][info][gc,heap     ] GC(38) O: Min Capacity: 8M(0%)
[169.196s][info][gc,heap     ] GC(38) O: Max Capacity: 4096M(100%)
[169.196s][info][gc,heap     ] GC(38) O: Soft Max Capacity: 4096M(100%)
[169.196s][info][gc,heap     ] GC(38) O: Heap Statistics:
[169.196s][info][gc,heap     ] GC(38) O:                Mark Start          Mark End        Relocate Start      Relocate End           High               Low         
[169.196s][info][gc,heap     ] GC(38) O:  Capacity:     3864M (94%)        3864M (94%)        3864M (94%)        3864M (94%)        3864M (94%)        3864M (94%)    
[169.196s][info][gc,heap     ] GC(38) O:      Free:     3564M (87%)        3490M (85%)        3486M (85%)        3490M (85%)        3564M (87%)        3474M (85%)    
[169.196s][info][gc,heap     ] GC(38) O:      Used:      532M (13%)         606M (15%)         610M (15%)         606M (15%)         622M (15%)         532M (13%)    
[169.196s][info][gc,heap     ] GC(38) O: Old Generation Statistics:
[169.196s][info][gc,heap     ] GC(38) O:                Mark Start          Mark End        Relocate Start      Relocate End    
[169.196s][info][gc,heap     ] GC(38) O:      Used:      526M (13%)         526M (13%)         526M (13%)         522M (13%)    
[169.196s][info][gc,heap     ] GC(38) O:      Live:         -               487M (12%)         487M (12%)         487M (12%)    
[169.196s][info][gc,heap     ] GC(38) O:   Garbage:         -                38M (1%)           38M (1%)           24M (1%)     
[169.196s][info][gc,heap     ] GC(38) O: Allocated:         -                 0M (0%)            0M (0%)           10M (0%)     
[169.196s][info][gc,heap     ] GC(38) O: Reclaimed:         -                  -                 0M (0%)           14M (0%)     
[169.196s][info][gc,heap     ] GC(38) O: Compacted:         -                  -                  -                 1M (0%)     
[169.196s][info][gc,phases   ] GC(38) O: Old Generation 534M(13%)->606M(15%) 0.199s
[169.196s][info][gc          ] GC(38) Major Collection (System.gc()) 1542M(38%)->606M(15%) 0.215s
[174.098s][info][gc          ] GC(39) Minor Collection (Allocation Rate)
[174.098s][info][gc,task     ] GC(39) Using 1 Workers for Young Generation
[174.098s][info][gc,phases   ] GC(39) y: Young Generation
[174.099s][info][gc,phases   ] GC(39) y: Pause Mark Start 0.011ms
[174.099s][info][safepoint   ] Safepoint "ZMarkStartYoung", Time since last: 4903448500 ns, Reaching safepoint: 15800 ns, At safepoint: 33400 ns, Leaving safepoint: 3700 ns, Total: 52900 ns, Threads: 1 runnable, 62 total
[174.106s][info][gc,phases   ] GC(39) y: Concurrent Mark 7.608ms
[174.106s][info][gc,phases   ] GC(39) y: Pause Mark End 0.009ms
[174.106s][info][safepoint   ] Safepoint "ZMarkEndYoung", Time since last: 7651500 ns, Reaching safepoint: 12500 ns, At safepoint: 28300 ns, Leaving safepoint: 57800 ns, Total: 98600 ns, Threads: 1 runnable, 62 total
[174.106s][info][gc,phases   ] GC(39) y: Concurrent Mark Free 0.002ms
[174.106s][info][gc,phases   ] GC(39) y: Concurrent Reset Relocation Set 0.000ms
[174.107s][info][gc,reloc    ] GC(39) y: Using tenuring threshold: 2 (Computed)
[174.107s][info][gc,phases   ] GC(39) y: Concurrent Select Relocation Set 0.437ms
[174.107s][info][gc,phases   ] GC(39) y: Pause Relocate Start 0.006ms
[174.107s][info][safepoint   ] Safepoint "ZRelocateStartYoung", Time since last: 560400 ns, Reaching safepoint: 23100 ns, At safepoint: 25100 ns, Leaving safepoint: 4900 ns, Total: 53100 ns, Threads: 1 runnable, 61 total
[174.107s][info][gc,phases   ] GC(39) y: Concurrent Relocate 0.295ms
[174.107s][info][gc,alloc    ] GC(39) y:                         Mark Start        Mark End      Relocate Start    Relocate End   
[174.107s][info][gc,alloc    ] GC(39) y: Allocation Stalls:          0                0                0                0         
[174.107s][info][gc,load     ] GC(39) y: Load: 0.00 (0%) / 0.00 (0%) / 0.00 (0%)
[174.107s][info][gc,mmu      ] GC(39) y: MMU: 2ms/97.3%, 5ms/98.9%, 10ms/99.3%, 20ms/99.6%, 50ms/99.8%, 100ms/99.9%
[174.107s][info][gc,marking  ] GC(39) y: Mark: 1 stripe(s), 2 proactive flush(es), 1 terminate flush(es), 0 completion(s), 0 continuation(s) 
[174.107s][info][gc,nmethod  ] GC(39) y: NMethods: 8015 registered, 2840 unregistered
[174.107s][info][gc,metaspace] GC(39) y: Metaspace: 153M used, 154M committed, 1216M reserved
[174.107s][info][gc,reloc    ] GC(39) y:                        Candidates     Selected     In-Place         Size        Empty    Relocated 
[174.107s][info][gc,reloc    ] GC(39) y: Small Pages:                 1422           43            0        2844M        2756M           0M 
[174.107s][info][gc,reloc    ] GC(39) y: Medium Pages:                   1            0            0          32M          32M           0M 
[174.107s][info][gc,reloc    ] GC(39) y: Large Pages:                    0            0            0           0M           0M           0M 
[174.107s][info][gc,reloc    ] GC(39) y: Forwarding Usage: 0M
[174.107s][info][gc,reloc    ] GC(39) y: Age Table:
[174.107s][info][gc,reloc    ] GC(39) y:                    Live             Garbage             Small              Medium             Large        
[174.107s][info][gc,reloc    ] GC(39) y: Eden               0M (0%)         2873M (70%)       1421 / 42             1 / 0              0 / 0        
[174.107s][info][gc,reloc    ] GC(39) y: Survivor 1         0M (0%)            1M (0%)           1 / 1              0 / 0              0 / 0        
[174.107s][info][gc,heap     ] GC(39) y: Min Capacity: 8M(0%)
[174.107s][info][gc,heap     ] GC(39) y: Max Capacity: 4096M(100%)
[174.107s][info][gc,heap     ] GC(39) y: Soft Max Capacity: 4096M(100%)
[174.107s][info][gc,heap     ] GC(39) y: Heap Statistics:
[174.107s][info][gc,heap     ] GC(39) y:                Mark Start          Mark End        Relocate Start      Relocate End           High               Low         
[174.107s][info][gc,heap     ] GC(39) y:  Capacity:     3864M (94%)        3864M (94%)        3864M (94%)        3864M (94%)        3864M (94%)        3864M (94%)    
[174.107s][info][gc,heap     ] GC(39) y:      Free:      698M (17%)         688M (17%)        3476M (85%)        3556M (87%)        3556M (87%)         688M (17%)    
[174.107s][info][gc,heap     ] GC(39) y:      Used:     3398M (83%)        3408M (83%)         620M (15%)         540M (13%)        3408M (83%)         540M (13%)    
[174.107s][info][gc,heap     ] GC(39) y: Young Generation Statistics:
[174.107s][info][gc,heap     ] GC(39) y:                Mark Start          Mark End        Relocate Start      Relocate End    
[174.107s][info][gc,heap     ] GC(39) y:      Used:     2876M (70%)        2886M (70%)          98M (2%)           18M (0%)     
[174.107s][info][gc,heap     ] GC(39) y:      Live:         -                 0M (0%)            0M (0%)            0M (0%)     
[174.107s][info][gc,heap     ] GC(39) y:   Garbage:         -              2875M (70%)          87M (2%)            0M (0%)     
[174.107s][info][gc,heap     ] GC(39) y: Allocated:         -                10M (0%)           10M (0%)           17M (0%)     
[174.107s][info][gc,heap     ] GC(39) y: Reclaimed:         -                  -              2788M (68%)        2875M (70%)    
[174.107s][info][gc,heap     ] GC(39) y:  Promoted:         -                  -                 0M (0%)            0M (0%)     
[174.107s][info][gc,heap     ] GC(39) y: Compacted:         -                  -                  -                 0M (0%)     
[174.107s][info][gc,phases   ] GC(39) y: Young Generation 3398M(83%)->540M(13%) 0.009s
[174.107s][info][gc          ] GC(39) Minor Collection (Allocation Rate) 3398M(83%)->540M(13%) 0.009s
[174.197s][info][gc          ] GC(40) Major Collection (System.gc())
[174.197s][info][gc,task     ] GC(40) Using 4 Workers for Young Generation
[174.197s][info][gc,task     ] GC(40) Using 4 Workers for Old Generation
[174.197s][info][gc,phases   ] GC(40) Y: Young Generation (Promote All)
[174.198s][info][gc,phases   ] GC(40) Y: Pause Mark Start 0.010ms
[174.198s][info][safepoint   ] Safepoint "ZMarkStartYoung", Time since last: 90583100 ns, Reaching safepoint: 14700 ns, At safepoint: 30600 ns, Leaving safepoint: 4000 ns, Total: 49300 ns, Threads: 1 runnable, 61 total
[174.202s][info][gc,phases   ] GC(40) Y: Concurrent Mark 4.818ms
[174.202s][info][gc,phases   ] GC(40) Y: Pause Mark End 0.008ms
[174.202s][info][safepoint   ] Safepoint "ZMarkEndYoung", Time since last: 4859200 ns, Reaching safepoint: 2100 ns, At safepoint: 27000 ns, Leaving safepoint: 3300 ns, Total: 32400 ns, Threads: 0 runnable, 61 total
[174.202s][info][gc,phases   ] GC(40) Y: Concurrent Mark Free 0.001ms
[174.202s][info][gc,phases   ] GC(40) Y: Concurrent Reset Relocation Set 0.001ms
[174.203s][info][gc,reloc    ] GC(40) Y: Using tenuring threshold: 0 (Promote All)
[174.203s][info][gc,phases   ] GC(40) Y: Concurrent Select Relocation Set 0.196ms
[174.203s][info][gc,phases   ] GC(40) Y: Pause Relocate Start 0.007ms
[174.203s][info][safepoint   ] Safepoint "ZRelocateStartYoung", Time since last: 266700 ns, Reaching safepoint: 2000 ns, At safepoint: 25700 ns, Leaving safepoint: 2200 ns, Total: 29900 ns, Threads: 0 runnable, 61 total
[174.203s][info][gc,phases   ] GC(40) Y: Concurrent Relocate 0.311ms
[174.203s][info][gc,alloc    ] GC(40) Y:                         Mark Start        Mark End      Relocate Start    Relocate End   
[174.203s][info][gc,alloc    ] GC(40) Y: Allocation Stalls:          0                0                0                0         
[174.203s][info][gc,load     ] GC(40) Y: Load: 0.00 (0%) / 0.00 (0%) / 0.00 (0%)
[174.203s][info][gc,mmu      ] GC(40) Y: MMU: 2ms/97.3%, 5ms/98.9%, 10ms/99.3%, 20ms/99.6%, 50ms/99.8%, 100ms/99.9%
[174.203s][info][gc,marking  ] GC(40) Y: Mark: 4 stripe(s), 3 proactive flush(es), 1 terminate flush(es), 0 completion(s), 0 continuation(s) 
[174.203s][info][gc,nmethod  ] GC(40) Y: NMethods: 8020 registered, 2840 unregistered
[174.203s][info][gc,metaspace] GC(40) Y: Metaspace: 153M used, 154M committed, 1216M reserved
[174.203s][info][gc,reloc    ] GC(40) Y:                        Candidates     Selected     In-Place         Size        Empty    Relocated 
[174.203s][info][gc,reloc    ] GC(40) Y: Small Pages:                   37           11            0          74M          50M           0M 
[174.203s][info][gc,reloc    ] GC(40) Y: Medium Pages:                   0            0            0           0M           0M           0M 
[174.203s][info][gc,reloc    ] GC(40) Y: Large Pages:                    0            0            0           0M           0M           0M 
[174.203s][info][gc,reloc    ] GC(40) Y: Forwarding Usage: 0M
[174.203s][info][gc,reloc    ] GC(40) Y: Age Table:
[174.203s][info][gc,reloc    ] GC(40) Y:                    Live             Garbage             Small              Medium             Large        
[174.203s][info][gc,reloc    ] GC(40) Y: Eden               0M (0%)           65M (2%)          33 / 8              0 / 0              0 / 0        
[174.203s][info][gc,reloc    ] GC(40) Y: Survivor 1         0M (0%)            5M (0%)           3 / 2              0 / 0              0 / 0        
[174.203s][info][gc,reloc    ] GC(40) Y: Survivor 2         0M (0%)            1M (0%)           1 / 1              0 / 0              0 / 0        
[174.203s][info][gc,heap     ] GC(40) Y: Min Capacity: 8M(0%)
[174.203s][info][gc,heap     ] GC(40) Y: Max Capacity: 4096M(100%)
[174.203s][info][gc,heap     ] GC(40) Y: Soft Max Capacity: 4096M(100%)
[174.203s][info][gc,heap     ] GC(40) Y: Heap Statistics:
[174.203s][info][gc,heap     ] GC(40) Y:                Mark Start          Mark End        Relocate Start      Relocate End           High               Low         
[174.203s][info][gc,heap     ] GC(40) Y:  Capacity:     3864M (94%)        3864M (94%)        3864M (94%)        3864M (94%)        3864M (94%)        3864M (94%)    
[174.203s][info][gc,heap     ] GC(40) Y:      Free:     3500M (85%)        3492M (85%)        3540M (86%)        3554M (87%)        3554M (87%)        3490M (85%)    
[174.203s][info][gc,heap     ] GC(40) Y:      Used:      596M (15%)         604M (15%)         556M (14%)         542M (13%)         606M (15%)         542M (13%)    
[174.203s][info][gc,heap     ] GC(40) Y: Young Generation Statistics:
[174.203s][info][gc,heap     ] GC(40) Y:                Mark Start          Mark End        Relocate Start      Relocate End    
[174.203s][info][gc,heap     ] GC(40) Y:      Used:       74M (2%)           82M (2%)           34M (1%)           10M (0%)     
[174.203s][info][gc,heap     ] GC(40) Y:      Live:         -                 0M (0%)            0M (0%)            0M (0%)     
[174.203s][info][gc,heap     ] GC(40) Y:   Garbage:         -                73M (2%)           23M (1%)            0M (0%)     
[174.203s][info][gc,heap     ] GC(40) Y: Allocated:         -                 8M (0%)           10M (0%)           10M (0%)     
[174.203s][info][gc,heap     ] GC(40) Y: Reclaimed:         -                  -                50M (1%)           73M (2%)     
[174.203s][info][gc,heap     ] GC(40) Y:  Promoted:         -                  -                 0M (0%)            0M (0%)     
[174.203s][info][gc,heap     ] GC(40) Y: Compacted:         -                  -                  -                 0M (0%)     
[174.203s][info][gc,phases   ] GC(40) Y: Young Generation (Promote All) 596M(15%)->542M(13%) 0.006s
[174.203s][info][gc,phases   ] GC(40) Y: Young Generation (Collect Roots)
[174.203s][info][gc,phases   ] GC(40) Y: Pause Mark Start (Major) 0.008ms
[174.203s][info][safepoint   ] Safepoint "ZMarkStartYoungAndOld", Time since last: 602600 ns, Reaching safepoint: 22400 ns, At safepoint: 27200 ns, Leaving safepoint: 3400 ns, Total: 53000 ns, Threads: 1 runnable, 61 total
[174.208s][info][gc,phases   ] GC(40) Y: Concurrent Mark 4.385ms
[174.208s][info][gc,phases   ] GC(40) Y: Pause Mark End 0.007ms
[174.208s][info][safepoint   ] Safepoint "ZMarkEndYoung", Time since last: 4427300 ns, Reaching safepoint: 12300 ns, At safepoint: 27200 ns, Leaving safepoint: 3600 ns, Total: 43100 ns, Threads: 1 runnable, 61 total
[174.208s][info][gc,phases   ] GC(40) Y: Concurrent Mark Free 0.001ms
[174.208s][info][gc,phases   ] GC(40) Y: Concurrent Reset Relocation Set 0.000ms
[174.208s][info][gc,reloc    ] GC(40) Y: Using tenuring threshold: 1 (Computed)
[174.208s][info][gc,phases   ] GC(40) Y: Concurrent Select Relocation Set 0.127ms
[174.208s][info][gc,phases   ] GC(40) Y: Pause Relocate Start 0.006ms
[174.208s][info][safepoint   ] Safepoint "ZRelocateStartYoung", Time since last: 189200 ns, Reaching safepoint: 12300 ns, At safepoint: 24500 ns, Leaving safepoint: 3300 ns, Total: 40100 ns, Threads: 1 runnable, 61 total
[174.208s][info][gc,phases   ] GC(40) Y: Concurrent Relocate 0.079ms
[174.208s][info][gc,alloc    ] GC(40) Y:                         Mark Start        Mark End      Relocate Start    Relocate End   
[174.208s][info][gc,alloc    ] GC(40) Y: Allocation Stalls:          0                0                0                0         
[174.208s][info][gc,load     ] GC(40) Y: Load: 0.00 (0%) / 0.00 (0%) / 0.00 (0%)
[174.208s][info][gc,mmu      ] GC(40) Y: MMU: 2ms/97.3%, 5ms/98.9%, 10ms/99.3%, 20ms/99.6%, 50ms/99.8%, 100ms/99.9%
[174.208s][info][gc,marking  ] GC(40) Y: Mark: 4 stripe(s), 3 proactive flush(es), 1 terminate flush(es), 0 completion(s), 0 continuation(s) 
[174.208s][info][gc,nmethod  ] GC(40) Y: NMethods: 8020 registered, 2840 unregistered
[174.208s][info][gc,metaspace] GC(40) Y: Metaspace: 153M used, 154M committed, 1216M reserved
[174.208s][info][gc,reloc    ] GC(40) Y:                        Candidates     Selected     In-Place         Size        Empty    Relocated 
[174.208s][info][gc,reloc    ] GC(40) Y: Small Pages:                    5            1            0          10M           6M           0M 
[174.208s][info][gc,reloc    ] GC(40) Y: Medium Pages:                   0            0            0           0M           0M           0M 
[174.208s][info][gc,reloc    ] GC(40) Y: Large Pages:                    0            0            0           0M           0M           0M 
[174.208s][info][gc,reloc    ] GC(40) Y: Forwarding Usage: 0M
[174.208s][info][gc,reloc    ] GC(40) Y: Age Table:
[174.208s][info][gc,reloc    ] GC(40) Y:                    Live             Garbage             Small              Medium             Large        
[174.208s][info][gc,reloc    ] GC(40) Y: Eden               0M (0%)            9M (0%)           5 / 1              0 / 0              0 / 0        
[174.208s][info][gc,heap     ] GC(40) Y: Min Capacity: 8M(0%)
[174.208s][info][gc,heap     ] GC(40) Y: Max Capacity: 4096M(100%)
[174.208s][info][gc,heap     ] GC(40) Y: Soft Max Capacity: 4096M(100%)
[174.208s][info][gc,heap     ] GC(40) Y: Heap Statistics:
[174.208s][info][gc,heap     ] GC(40) Y:                Mark Start          Mark End        Relocate Start      Relocate End           High               Low         
[174.208s][info][gc,heap     ] GC(40) Y:  Capacity:     3864M (94%)        3864M (94%)        3864M (94%)        3864M (94%)        3864M (94%)        3864M (94%)    
[174.208s][info][gc,heap     ] GC(40) Y:      Free:     3554M (87%)        3548M (87%)        3552M (87%)        3550M (87%)        3554M (87%)        3546M (87%)    
[174.208s][info][gc,heap     ] GC(40) Y:      Used:      542M (13%)         548M (13%)         544M (13%)         546M (13%)         550M (13%)         542M (13%)    
[174.208s][info][gc,heap     ] GC(40) Y: Young Generation Statistics:
[174.208s][info][gc,heap     ] GC(40) Y:                Mark Start          Mark End        Relocate Start      Relocate End    
[174.208s][info][gc,heap     ] GC(40) Y:      Used:       10M (0%)           16M (0%)           12M (0%)           14M (0%)     
[174.208s][info][gc,heap     ] GC(40) Y:      Live:         -                 0M (0%)            0M (0%)            0M (0%)     
[174.208s][info][gc,heap     ] GC(40) Y:   Garbage:         -                 9M (0%)            3M (0%)            0M (0%)     
[174.209s][info][gc,heap     ] GC(40) Y: Allocated:         -                 6M (0%)            8M (0%)           13M (0%)     
[174.209s][info][gc,heap     ] GC(40) Y: Reclaimed:         -                  -                 6M (0%)            9M (0%)     
[174.209s][info][gc,heap     ] GC(40) Y:  Promoted:         -                  -                 0M (0%)            0M (0%)     
[174.209s][info][gc,heap     ] GC(40) Y: Compacted:         -                  -                  -                 0M (0%)     
[174.209s][info][gc,phases   ] GC(40) Y: Young Generation (Collect Roots) 542M(13%)->546M(13%) 0.005s
[174.209s][info][gc,phases   ] GC(40) O: Old Generation
[174.365s][info][gc,phases   ] GC(40) O: Concurrent Mark 155.971ms
[174.365s][info][gc,phases   ] GC(40) O: Pause Mark End 0.014ms
[174.365s][info][safepoint   ] Safepoint "ZMarkEndOld", Time since last: 156492500 ns, Reaching safepoint: 3700 ns, At safepoint: 36000 ns, Leaving safepoint: 3900 ns, Total: 43600 ns, Threads: 0 runnable, 61 total
[174.365s][info][gc,phases   ] GC(40) O: Concurrent Mark Free 0.002ms
[174.369s][info][gc,phases   ] GC(40) O: Concurrent Process Non-Strong 3.870ms
[174.369s][info][safepoint   ] Safepoint "CleanClassLoaderDataMetaspaces", Time since last: 3831400 ns, Reaching safepoint: 3900 ns, At safepoint: 72700 ns, Leaving safepoint: 4100 ns, Total: 80700 ns, Threads: 1 runnable, 61 total
[174.369s][info][gc,phases   ] GC(40) O: Concurrent Reset Relocation Set 0.001ms
[174.369s][info][gc,phases   ] GC(40) O: Concurrent Select Relocation Set 0.150ms
[174.369s][info][gc,task     ] GC(40) O: Using 4 Workers for Old Generation
[174.372s][info][gc,task     ] GC(40) O: Using 4 Workers for Old Generation
[174.372s][info][gc,phases   ] GC(40) O: Concurrent Remap Roots 3.525ms
[174.372s][info][gc,phases   ] GC(40) O: Pause Relocate Start 0.008ms
[174.372s][info][safepoint   ] Safepoint "ZRelocateStartOld", Time since last: 3770000 ns, Reaching safepoint: 2900 ns, At safepoint: 39300 ns, Leaving safepoint: 2100 ns, Total: 44300 ns, Threads: 0 runnable, 61 total
[174.373s][info][gc,phases   ] GC(40) O: Concurrent Relocate 0.472ms
[174.373s][info][gc,alloc    ] GC(40) O:                         Mark Start        Mark End      Relocate Start    Relocate End   
[174.373s][info][gc,alloc    ] GC(40) O: Allocation Stalls:          0                0                0                0         
[174.373s][info][gc,load     ] GC(40) O: Load: 0.00 (0%) / 0.00 (0%) / 0.00 (0%)
[174.373s][info][gc,mmu      ] GC(40) O: MMU: 2ms/97.3%, 5ms/98.9%, 10ms/99.3%, 20ms/99.6%, 50ms/99.8%, 100ms/99.9%
[174.373s][info][gc,marking  ] GC(40) O: Mark: 4 stripe(s), 10 proactive flush(es), 1 terminate flush(es), 0 completion(s), 0 continuation(s) 
[174.373s][info][gc,nmethod  ] GC(40) O: NMethods: 7708 registered, 3152 unregistered
[174.373s][info][gc,metaspace] GC(40) O: Metaspace: 153M used, 154M committed, 1216M reserved
[174.373s][info][gc,ref      ] GC(40) O:                       Encountered   Discovered     Enqueued 
[174.373s][info][gc,ref      ] GC(40) O: Soft References:             5425            0            0 
[174.373s][info][gc,ref      ] GC(40) O: Weak References:            36746        14124           10 
[174.373s][info][gc,ref      ] GC(40) O: Final References:              55            0            0 
[174.373s][info][gc,ref      ] GC(40) O: Phantom References:          1242          374            0 
[174.373s][info][gc,reloc    ] GC(40) O:                        Candidates     Selected     In-Place         Size        Empty    Relocated 
[174.373s][info][gc,reloc    ] GC(40) O: Small Pages:                  244            9            0         488M           2M           1M 
[174.373s][info][gc,reloc    ] GC(40) O: Medium Pages:                   1            0            0          32M           0M           0M 
[174.373s][info][gc,reloc    ] GC(40) O: Large Pages:                    1            0            0          12M           0M           0M 
[174.373s][info][gc,reloc    ] GC(40) O: Forwarding Usage: 0M
[174.373s][info][gc,heap     ] GC(40) O: Min Capacity: 8M(0%)
[174.373s][info][gc,heap     ] GC(40) O: Max Capacity: 4096M(100%)
[174.373s][info][gc,heap     ] GC(40) O: Soft Max Capacity: 4096M(100%)
[174.373s][info][gc,heap     ] GC(40) O: Heap Statistics:
[174.373s][info][gc,heap     ] GC(40) O:                Mark Start          Mark End        Relocate Start      Relocate End           High               Low         
[174.373s][info][gc,heap     ] GC(40) O:  Capacity:     3864M (94%)        3864M (94%)        3864M (94%)        3864M (94%)        3864M (94%)        3864M (94%)    
[174.373s][info][gc,heap     ] GC(40) O:      Free:     3554M (87%)        3460M (84%)        3458M (84%)        3466M (85%)        3554M (87%)        3448M (84%)    
[174.373s][info][gc,heap     ] GC(40) O:      Used:      542M (13%)         636M (16%)         638M (16%)         630M (15%)         648M (16%)         542M (13%)    
[174.373s][info][gc,heap     ] GC(40) O: Old Generation Statistics:
[174.373s][info][gc,heap     ] GC(40) O:                Mark Start          Mark End        Relocate Start      Relocate End    
[174.373s][info][gc,heap     ] GC(40) O:      Used:      532M (13%)         532M (13%)         530M (13%)         522M (13%)    
[174.373s][info][gc,heap     ] GC(40) O:      Live:         -               487M (12%)         487M (12%)         487M (12%)    
[174.373s][info][gc,heap     ] GC(40) O:   Garbage:         -                44M (1%)           42M (1%)           24M (1%)     
[174.373s][info][gc,heap     ] GC(40) O: Allocated:         -                 0M (0%)            0M (0%)           10M (0%)     
[174.373s][info][gc,heap     ] GC(40) O: Reclaimed:         -                  -                 2M (0%)           20M (1%)     
[174.373s][info][gc,heap     ] GC(40) O: Compacted:         -                  -                  -                 1M (0%)     
[174.373s][info][gc,phases   ] GC(40) O: Old Generation 546M(13%)->630M(15%) 0.164s
[174.373s][info][gc          ] GC(40) Major Collection (System.gc()) 596M(15%)->630M(15%) 0.176s
[180.224s][info][gc,exit     ] Stopping ZGC
[180.224s][info][gc,stats    ] === Garbage Collection Statistics =======================================================================================================================
[180.224s][info][gc,stats    ]                                                              Last 10s              Last 10m              Last 10h                Total
[180.224s][info][gc,stats    ]                                                              Avg / Max             Avg / Max             Avg / Max             Avg / Max
[180.224s][info][gc,stats    ]        Contention: Mark Segment Reset Contention                     0 / 2                 4 / 322               4 / 322               4 / 322         ops/s
[180.224s][info][gc,stats    ]        Contention: Mark SeqNum Reset Contention                      0 / 6                 1 / 21                1 / 21                1 / 21          ops/s
[180.224s][info][gc,stats    ]          Critical: Allocation Stall                                  0 / 0                 0 / 0                 0 / 0                 0 / 0           ops/s
[180.224s][info][gc,stats    ]          Critical: Allocation Stall                              0.000 / 0.000         0.000 / 0.000         0.000 / 0.000         0.000 / 0.000       ms
[180.224s][info][gc,stats    ]          Critical: JNI Critical Stall                                0 / 0                 0 / 0                 0 / 0                 0 / 0           ops/s
[180.224s][info][gc,stats    ]          Critical: JNI Critical Stall                            0.000 / 0.000         0.000 / 0.000         0.000 / 0.000         0.000 / 0.000       ms
[180.224s][info][gc,stats    ]          Critical: Relocation Stall                                  0 / 0                 0 / 0                 0 / 0                 0 / 0           ops/s
[180.224s][info][gc,stats    ]          Critical: Relocation Stall                              0.000 / 0.000         0.000 / 0.000         0.000 / 0.000         0.000 / 0.000       ms
[180.224s][info][gc,stats    ]  Major Collection: Major Collection                            175.689 / 175.689     226.125 / 1218.587    226.125 / 1218.587    226.125 / 1218.587    ms
[180.224s][info][gc,stats    ]            Memory: Allocation Rate                                 311 / 602             220 / 1554            220 / 1554            220 / 1554        MB/s
[180.224s][info][gc,stats    ]            Memory: Defragment                                        0 / 0                 0 / 0                 0 / 0                 0 / 0           ops/s
[180.224s][info][gc,stats    ]            Memory: Mapped Cache Harvest                              0 / 0                 0 / 0                 0 / 0                 0 / 0           MB/s
[180.224s][info][gc,stats    ]            Memory: Out Of Memory                                     0 / 0                 0 / 0                 0 / 0                 0 / 0           ops/s
[180.224s][info][gc,stats    ]            Memory: Uncommit                                          0 / 0                 0 / 0                 0 / 0                 0 / 0           MB/s
[180.224s][info][gc,stats    ]            Memory: Undo Object Allocation Failed                     0 / 0                 0 / 6                 0 / 6                 0 / 6           ops/s
[180.224s][info][gc,stats    ]            Memory: Undo Object Allocation Succeeded                  0 / 1                 0 / 75                0 / 75                0 / 75          ops/s
[180.224s][info][gc,stats    ]            Memory: Undo Page Allocation                              0 / 0                 0 / 9                 0 / 9                 0 / 9           ops/s
[180.224s][info][gc,stats    ]  Minor Collection: Minor Collection                              9.070 / 9.070       280.724 / 1167.069    280.724 / 1167.069    280.724 / 1167.069    ms
[180.224s][info][gc,stats    ]    Old Generation: Old Generation                              164.299 / 164.299     178.511 / 680.925     178.511 / 680.925     178.511 / 680.925     ms
[180.224s][info][gc,stats    ]         Old Pause: Pause Mark End                                0.014 / 0.014         0.014 / 0.019         0.014 / 0.019         0.014 / 0.019       ms
[180.224s][info][gc,stats    ]         Old Pause: Pause Relocate Start                          0.008 / 0.008         0.009 / 0.013         0.009 / 0.013         0.009 / 0.013       ms
[180.224s][info][gc,stats    ]         Old Phase: Concurrent Mark                             155.971 / 155.971     162.962 / 557.679     162.962 / 557.679     162.962 / 557.679     ms
[180.224s][info][gc,stats    ]         Old Phase: Concurrent Mark Continue                      0.000 / 0.000         0.000 / 0.000         0.000 / 0.000         0.000 / 0.000       ms
[180.224s][info][gc,stats    ]         Old Phase: Concurrent Mark Free                          0.002 / 0.002         0.002 / 0.004         0.002 / 0.004         0.002 / 0.004       ms
[180.224s][info][gc,stats    ]         Old Phase: Concurrent Process Non-Strong                 3.870 / 3.870         7.827 / 52.139        7.827 / 52.139        7.827 / 52.139      ms
[180.224s][info][gc,stats    ]         Old Phase: Concurrent Relocate                           0.472 / 0.472         3.573 / 62.970        3.573 / 62.970        3.573 / 62.970      ms
[180.224s][info][gc,stats    ]         Old Phase: Concurrent Remap Roots                        3.525 / 3.525         3.442 / 7.582         3.442 / 7.582         3.442 / 7.582       ms
[180.224s][info][gc,stats    ]         Old Phase: Concurrent Reset Relocation Set               0.001 / 0.001         0.001 / 0.002         0.001 / 0.002         0.001 / 0.002       ms
[180.224s][info][gc,stats    ]         Old Phase: Concurrent Select Relocation Set              0.150 / 0.150         0.373 / 2.936         0.373 / 2.936         0.373 / 2.936       ms
[180.224s][info][gc,stats    ]      Old Subphase: Concurrent Classes Purge                      0.390 / 0.390         1.048 / 14.645        1.048 / 14.645        1.048 / 14.645      ms
[180.224s][info][gc,stats    ]      Old Subphase: Concurrent Classes Unlink                     2.393 / 2.393         5.278 / 43.544        5.278 / 43.544        5.278 / 43.544      ms
[180.224s][info][gc,stats    ]      Old Subphase: Concurrent Mark Follow                      155.880 / 155.880     162.840 / 557.388     162.840 / 557.388     162.840 / 557.388     ms
[180.224s][info][gc,stats    ]      Old Subphase: Concurrent Mark Root Colored                  0.025 / 0.026         0.029 / 0.171         0.029 / 0.171         0.029 / 0.171       ms
[180.224s][info][gc,stats    ]      Old Subphase: Concurrent Mark Root Uncolored                0.039 / 0.040         0.044 / 0.529         0.044 / 0.529         0.044 / 0.529       ms
[180.224s][info][gc,stats    ]      Old Subphase: Concurrent Mark Roots                         0.088 / 0.088         0.120 / 0.648         0.120 / 0.648         0.120 / 0.648       ms
[180.224s][info][gc,stats    ]      Old Subphase: Concurrent References Enqueue                 0.003 / 0.003         0.002 / 0.004         0.002 / 0.004         0.002 / 0.004       ms
[180.224s][info][gc,stats    ]      Old Subphase: Concurrent References Process                 0.430 / 0.430         0.630 / 3.559         0.630 / 3.559         0.630 / 3.559       ms
[180.224s][info][gc,stats    ]      Old Subphase: Concurrent Remap Remembered                   0.275 / 0.279         0.339 / 1.323         0.339 / 1.323         0.339 / 1.323       ms
[180.224s][info][gc,stats    ]      Old Subphase: Concurrent Remap Roots Colored                2.732 / 2.732         2.402 / 2.995         2.402 / 2.995         2.402 / 2.995       ms
[180.224s][info][gc,stats    ]      Old Subphase: Concurrent Remap Roots Uncolored              0.461 / 0.462         0.645 / 3.320         0.645 / 3.320         0.645 / 3.320       ms
[180.224s][info][gc,stats    ]      Old Subphase: Concurrent Roots ClassLoaderDataGraph         1.287 / 2.555         1.185 / 2.761         1.185 / 2.761         1.185 / 2.761       ms
[180.224s][info][gc,stats    ]      Old Subphase: Concurrent Roots CodeCache                    0.458 / 0.458         0.641 / 3.312         0.641 / 3.312         0.641 / 3.312       ms
[180.224s][info][gc,stats    ]      Old Subphase: Concurrent Roots JavaThreads                  0.015 / 0.039         0.016 / 0.528         0.016 / 0.528         0.016 / 0.528       ms
[180.224s][info][gc,stats    ]      Old Subphase: Concurrent Roots OopStorageSet                0.004 / 0.007         0.004 / 0.053         0.004 / 0.053         0.004 / 0.053       ms
[180.224s][info][gc,stats    ]      Old Subphase: Concurrent Weak Roots OopStorageSet           0.332 / 0.490         0.364 / 3.328         0.364 / 3.328         0.364 / 3.328       ms
[180.224s][info][gc,stats    ]            System: Java Threads                                     61 / 62               57 / 77               57 / 77               57 / 77          threads
[180.224s][info][gc,stats    ]  Young Generation: Young Generation                              0.000 / 0.000       221.086 / 857.008     221.086 / 857.008     221.086 / 857.008     ms
[180.224s][info][gc,stats    ]  Young Generation: Young Generation                              8.777 / 8.777       280.353 / 1166.619    280.353 / 1166.619    280.353 / 1166.619    ms
[180.224s][info][gc,stats    ]  Young Generation: Young Generation (Collect Roots)              4.891 / 4.891         4.963 / 7.632         4.963 / 7.632         4.963 / 7.632       ms
[180.224s][info][gc,stats    ]  Young Generation: Young Generation (Promote All)                5.612 / 5.612         6.919 / 10.948        6.919 / 10.948        6.919 / 10.948      ms
[180.224s][info][gc,stats    ]       Young Pause: Pause Mark End                                0.008 / 0.009         0.009 / 0.039         0.009 / 0.039         0.009 / 0.039       ms
[180.224s][info][gc,stats    ]       Young Pause: Pause Mark Start                              0.011 / 0.011         0.012 / 0.017         0.012 / 0.017         0.012 / 0.017       ms
[180.224s][info][gc,stats    ]       Young Pause: Pause Mark Start (Major)                      0.008 / 0.008         0.009 / 0.011         0.009 / 0.011         0.009 / 0.011       ms
[180.224s][info][gc,stats    ]       Young Pause: Pause Relocate Start                          0.006 / 0.007         0.006 / 0.012         0.006 / 0.012         0.006 / 0.012       ms
[180.224s][info][gc,stats    ]       Young Phase: Concurrent Mark                               5.603 / 7.608        29.849 / 717.343      29.849 / 717.343      29.849 / 717.343     ms
[180.224s][info][gc,stats    ]       Young Phase: Concurrent Mark Continue                      0.000 / 0.000         0.000 / 0.000         0.000 / 0.000         0.000 / 0.000       ms
[180.224s][info][gc,stats    ]       Young Phase: Concurrent Mark Free                          0.001 / 0.002         0.002 / 0.003         0.002 / 0.003         0.002 / 0.003       ms
[180.224s][info][gc,stats    ]       Young Phase: Concurrent Relocate                           0.228 / 0.311        10.539 / 366.217      10.539 / 366.217      10.539 / 366.217     ms
[180.224s][info][gc,stats    ]       Young Phase: Concurrent Reset Relocation Set               0.000 / 0.001         0.007 / 0.196         0.007 / 0.196         0.007 / 0.196       ms
[180.224s][info][gc,stats    ]       Young Phase: Concurrent Select Relocation Set              0.254 / 0.437         2.721 / 82.543        2.721 / 82.543        2.721 / 82.543      ms
[180.224s][info][gc,stats    ]    Young Subphase: Concurrent Mark Follow                        1.514 / 3.089        25.241 / 699.584      25.241 / 699.584      25.241 / 699.584     ms
[180.224s][info][gc,stats    ]    Young Subphase: Concurrent Mark Root Colored                  3.068 / 3.411         3.137 / 12.330        3.137 / 12.330        3.137 / 12.330      ms
[180.224s][info][gc,stats    ]    Young Subphase: Concurrent Mark Root Uncolored                0.853 / 2.699         0.967 / 11.928        0.967 / 11.928        0.967 / 11.928      ms
[180.224s][info][gc,stats    ]    Young Subphase: Concurrent Mark Roots                         4.089 / 4.517         4.607 / 24.285        4.607 / 24.285        4.607 / 24.285      ms
[180.224s][info][gc,stats    ]    Young Subphase: Concurrent Relocate Remset FP                 0.012 / 0.013         3.701 / 139.506       3.701 / 139.506       3.701 / 139.506     ms
[180.224s][info][gc,stats    ]    Young Subphase: Concurrent Roots ClassLoaderDataGraph         2.633 / 3.019         2.583 / 3.322         2.583 / 3.322         2.583 / 3.322       ms
[180.224s][info][gc,stats    ]    Young Subphase: Concurrent Roots CodeCache                    0.788 / 2.514         0.900 / 11.677        0.900 / 11.677        0.900 / 11.677      ms
[180.224s][info][gc,stats    ]    Young Subphase: Concurrent Roots JavaThreads                  0.033 / 0.184         0.036 / 1.484         0.036 / 1.484         0.036 / 1.484       ms
[180.224s][info][gc,stats    ]    Young Subphase: Concurrent Roots OopStorageSet                0.009 / 0.032         0.014 / 0.439         0.014 / 0.439         0.014 / 0.439       ms
[180.224s][info][gc,stats    ]    Young Subphase: Concurrent Weak Roots OopStorageSet           0.424 / 1.222         0.537 / 8.719         0.537 / 8.719         0.537 / 8.719       ms
[180.224s][info][gc,stats    ] =========================================================================================================================================================
[180.224s][info][gc,exit     ] Heap
[180.224s][info][gc,exit     ]  ZHeap           used 1222M, capacity 3864M, max capacity 4096M
[180.224s][info][gc,exit     ]   Cache          2642M (4)
[180.224s][info][gc,exit     ]    size classes  128M (1), 512M (2), 1G (1)
[180.224s][info][gc,exit     ]  Metaspace       used 157265K, committed 158912K, reserved 1245184K
[180.224s][info][gc,exit     ]   class space    used 25399K, committed 26112K, reserved 1048576K
